sample_index,wall_time_iso,elapsed_s,ros_time_s,cpu_percent,mem_total_mb,mem_available_mb,mem_used_mb,mem_used_percent,swap_total_mb,swap_used_mb,swap_used_percent,load1,load5,load15,disk_read_mbps,disk_write_mbps,net_rx_mbps,net_tx_mbps,cpu_freq_avg_mhz,cpu_freq_max_mhz,cpu_temp_c
1,2026-05-02T15:45:11.427,0.090,,,128576.582,120429.051,8147.531,6.337,2047.996,0.000,0.000,1.620,1.570,1.610,,,,,1492.4,5500.7,43.0
2,2026-05-02T15:45:11.927,0.590,,1.065,128576.582,120408.531,8168.051,6.353,2047.996,0.000,0.000,1.620,1.570,1.610,0.000,2.398,0.007,0.028,1799.5,5500.0,42.9
3,2026-05-02T15:45:12.433,1.096,,1.052,128576.582,120411.945,8164.637,6.350,2047.996,0.000,0.000,1.620,1.570,1.610,0.000,0.000,0.011,0.014,2092.1,5500.0,42.9
4,2026-05-02T15:45:12.938,1.601,,1.053,128576.582,120393.012,8183.570,6.365,2047.996,0.000,0.000,1.620,1.570,1.610,0.000,0.224,0.004,0.003,1176.2,5336.4,42.9
5,2026-05-02T15:45:13.454,2.118,,1.395,128576.582,120391.617,8184.965,6.366,2047.996,0.000,0.000,1.620,1.570,1.610,0.000,0.000,0.000,0.025,2976.9,5500.0,49.0
6,2026-05-02T15:45:13.971,2.635,,5.155,128576.582,120399.887,8176.695,6.359,2047.996,0.000,0.000,1.620,1.570,1.610,0.030,1.889,0.017,0.138,2076.9,5500.0,49.0
7,2026-05-02T15:45:14.504,3.167,,1.472,128576.582,120400.051,8176.531,6.359,2047.996,0.000,0.000,1.620,1.570,1.610,0.000,0.491,0.009,0.041,2286.2,5500.0,43.9
8,2026-05-02T15:45:15.009,3.672,,1.241,128576.582,120380.625,8195.957,6.374,2047.996,0.000,0.000,1.620,1.570,1.610,0.000,0.000,0.013,0.166,1499.6,5245.1,42.9
9,2026-05-02T15:45:15.513,4.177,,1.429,128576.582,120370.598,8205.984,6.382,2047.996,0.000,0.000,1.620,1.570,1.610,0.000,0.116,0.151,0.020,941.2,4419.2,42.9
10,2026-05-02T15:45:16.018,4.681,,1.241,128576.582,120356.770,8219.812,6.393,2047.996,0.000,0.000,1.650,1.580,1.620,0.000,0.000,0.005,0.007,1931.2,5505.8,42.9
11,2026-05-02T15:45:16.523,5.186,,0.929,128576.582,120355.293,8221.289,6.394,2047.996,0.000,0.000,1.650,1.580,1.620,0.000,0.000,0.002,0.004,1686.2,5500.7,42.9
12,2026-05-02T15:45:17.027,5.691,,1.863,128576.582,120334.703,8241.879,6.410,2047.996,0.000,0.000,1.650,1.580,1.620,0.000,0.085,0.008,0.010,1666.5,5500.0,42.9
13,2026-05-02T15:45:17.544,6.207,,1.274,128576.582,120334.148,8242.434,6.411,2047.996,0.000,0.000,1.650,1.580,1.620,0.000,0.000,0.008,0.152,1670.0,5500.0,42.9
14,2026-05-02T15:45:18.058,6.721,,1.341,128576.582,120322.184,8254.398,6.420,2047.996,0.000,0.000,1.650,1.580,1.620,0.000,1.407,0.005,0.015,1553.8,5500.0,42.9
15,2026-05-02T15:45:18.572,7.235,,2.310,128576.582,120316.840,8259.742,6.424,2047.996,0.000,0.000,1.650,1.580,1.620,0.000,0.000,0.003,0.004,2064.9,5500.1,53.0
16,2026-05-02T15:45:19.088,7.751,,0.911,128576.582,120308.051,8268.531,6.431,2047.996,0.000,0.000,1.650,1.580,1.620,0.000,0.000,0.000,0.002,1383.7,5500.0,53.0
17,2026-05-02T15:45:19.603,8.266,,0.729,128576.582,120308.418,8268.164,6.431,2047.996,0.000,0.000,1.650,1.580,1.620,0.000,0.000,0.000,0.002,1119.3,5679.1,43.0
18,2026-05-02T15:45:20.117,8.781,,0.852,128576.582,120290.895,8285.688,6.444,2047.996,0.000,0.000,1.650,1.580,1.620,0.000,0.000,0.000,0.002,1166.2,4251.9,42.9
19,2026-05-02T15:45:20.633,9.296,,0.729,128576.582,120291.941,8284.641,6.443,2047.996,0.000,0.000,1.650,1.580,1.620,0.000,0.136,0.000,0.003,1074.8,5706.5,42.0
20,2026-05-02T15:45:21.150,9.813,,0.787,128576.582,120278.301,8298.281,6.454,2047.996,0.000,0.000,1.680,1.580,1.620,0.000,0.000,0.002,0.004,1458.4,5504.9,42.0
21,2026-05-02T15:45:21.665,10.328,,0.911,128576.582,120282.516,8294.066,6.451,2047.996,0.000,0.000,1.680,1.580,1.620,0.000,0.000,0.004,0.004,1152.4,5500.0,42.9
22,2026-05-02T15:45:22.181,10.844,,0.729,128576.582,120272.695,8303.887,6.458,2047.996,0.000,0.000,1.680,1.580,1.620,0.000,0.000,0.000,0.001,1125.3,5500.0,42.9
23,2026-05-02T15:45:22.697,11.361,,0.850,128576.582,120274.133,8302.449,6.457,2047.996,0.000,0.000,1.680,1.580,1.620,0.000,0.076,0.000,0.001,1185.1,4731.1,42.9
24,2026-05-02T15:45:23.214,11.878,,0.850,128576.582,120253.699,8322.883,6.473,2047.996,0.000,0.000,1.680,1.580,1.620,0.000,0.015,0.004,0.004,1233.8,5500.8,43.0
25,2026-05-02T15:45:23.730,12.393,,0.911,128576.582,120260.082,8316.500,6.468,2047.996,0.000,0.000,1.680,1.580,1.620,0.000,0.000,0.007,0.008,1473.5,5131.3,42.9
26,2026-05-02T15:45:24.246,12.909,,0.911,128576.582,120247.125,8329.457,6.478,2047.996,0.000,0.000,1.680,1.580,1.620,0.000,0.000,0.003,0.003,1832.8,5500.0,42.9
27,2026-05-02T15:45:24.761,13.425,,0.850,128576.582,120252.645,8323.938,6.474,2047.996,0.000,0.000,1.680,1.580,1.620,0.000,0.000,0.002,0.005,1422.3,4986.3,42.9
28,2026-05-02T15:45:25.276,13.939,,0.852,128576.582,120244.723,8331.859,6.480,2047.996,0.000,0.000,1.680,1.580,1.620,0.000,1.299,0.001,0.002,1744.5,5500.0,43.9
29,2026-05-02T15:45:25.790,14.454,,0.912,128576.582,120249.207,8327.375,6.477,2047.996,0.000,0.000,1.710,1.590,1.620,0.000,0.167,0.002,0.024,1487.6,5500.0,43.9
30,2026-05-02T15:45:26.336,14.999,,1.607,128576.582,120229.375,8347.207,6.492,2047.996,0.000,0.000,1.710,1.590,1.620,0.000,0.000,0.002,0.020,1647.0,5500.0,52.0
31,2026-05-02T15:45:26.839,15.502,,4.353,128576.582,120239.223,8337.359,6.484,2047.996,0.000,0.000,1.710,1.590,1.620,11.888,0.000,0.000,0.001,2070.4,5500.1,49.0
32,2026-05-02T15:45:27.360,16.024,,3.550,128576.582,120166.074,8410.508,6.541,2047.996,0.000,0.000,1.710,1.590,1.620,178.447,0.000,0.009,0.373,1874.5,5500.0,43.9
33,2026-05-02T15:45:27.908,16.572,,1.888,128576.582,119993.602,8582.980,6.675,2047.996,0.000,0.000,1.710,1.590,1.620,329.167,0.000,0.007,0.018,3470.0,5330.1,55.0
34,2026-05-02T15:45:28.428,17.091,,5.060,128576.582,119693.184,8883.398,6.909,2047.996,0.000,0.000,1.710,1.590,1.620,331.420,0.083,0.004,0.018,1908.9,5502.0,60.0
35,2026-05-02T15:45:28.952,17.615,,4.907,128576.582,119637.520,8939.062,6.952,2047.996,0.000,0.000,1.710,1.590,1.620,339.973,0.037,0.001,0.011,2402.9,5530.1,60.0
36,2026-05-02T15:45:29.472,18.135,,4.768,128576.582,119593.180,8983.402,6.987,2047.996,0.000,0.000,1.710,1.590,1.620,331.693,0.000,0.000,0.001,2192.6,5500.1,60.0
37,2026-05-02T15:45:29.991,18.655,,4.581,128576.582,119486.168,9090.414,7.070,2047.996,0.000,0.000,1.710,1.590,1.620,335.240,0.000,0.001,0.002,2341.4,5500.0,49.0
38,2026-05-02T15:45:30.496,19.159,,25.702,128576.582,119228.508,9348.074,7.270,2047.996,0.000,0.000,1.710,1.590,1.620,265.704,2.138,0.001,0.013,2714.1,5500.0,49.0
39,2026-05-02T15:45:31.002,19.665,,11.990,128576.582,119162.602,9413.980,7.322,2047.996,0.000,0.000,4.290,2.130,1.800,268.342,0.000,0.000,0.000,2683.1,5500.0,54.0
40,2026-05-02T15:45:31.506,20.169,,9.153,128576.582,119174.984,9401.598,7.312,2047.996,0.000,0.000,4.290,2.130,1.800,238.795,0.000,0.004,0.154,2044.9,5500.0,48.0
41,2026-05-02T15:45:32.052,20.716,,7.847,128576.582,119190.086,9386.496,7.300,2047.996,0.000,0.000,4.290,2.130,1.800,273.293,0.000,0.006,0.008,2956.3,5500.0,48.0
42,2026-05-02T15:45:32.599,21.262,,6.893,128576.582,119159.617,9416.965,7.324,2047.996,0.000,0.000,4.290,2.130,1.800,266.853,2.017,0.005,0.004,4310.1,5500.0,48.0
43,2026-05-02T15:45:33.146,21.809,,10.080,128576.582,119098.691,9477.891,7.371,2047.996,0.000,0.000,4.290,2.130,1.800,249.222,2.860,0.016,0.096,3828.1,5441.9,53.0
44,2026-05-02T15:45:33.650,22.313,,6.828,128576.582,119081.980,9494.602,7.384,2047.996,0.000,0.000,4.290,2.130,1.800,245.060,0.155,0.011,0.043,4349.4,5500.1,53.0
45,2026-05-02T15:45:34.151,22.814,,6.023,128576.582,119147.320,9429.262,7.334,2047.996,0.000,0.000,4.290,2.130,1.800,259.567,0.000,0.011,0.097,3773.6,5500.0,51.0
46,2026-05-02T15:45:34.656,23.319,,6.436,128576.582,119082.250,9494.332,7.384,2047.996,0.000,0.000,4.290,2.130,1.800,236.054,0.008,0.012,0.169,3435.1,5500.0,43.9
47,2026-05-02T15:45:35.198,23.862,,6.431,128576.582,119022.352,9554.230,7.431,2047.996,0.000,0.000,4.290,2.130,1.800,244.384,0.014,0.007,0.065,2776.6,5500.0,44.9
48,2026-05-02T15:45:35.748,24.412,,6.357,128576.582,118991.457,9585.125,7.455,2047.996,0.000,0.000,4.030,2.110,1.790,219.503,0.000,0.013,0.431,3236.6,5500.0,48.0
49,2026-05-02T15:45:36.298,24.961,,6.822,128576.582,118994.973,9581.609,7.452,2047.996,0.000,0.000,4.030,2.110,1.790,247.848,0.959,0.003,0.023,2429.1,5528.8,43.9
50,2026-05-02T15:45:36.843,25.506,,5.865,128576.582,119003.121,9573.461,7.446,2047.996,0.000,0.000,4.030,2.110,1.790,241.095,0.000,0.003,0.004,2808.8,5500.0,43.9
51,2026-05-02T15:45:37.348,26.011,,4.819,128576.582,118951.035,9625.547,7.486,2047.996,0.000,0.000,4.030,2.110,1.790,220.015,0.000,0.006,0.007,4445.7,5412.1,42.9
52,2026-05-02T15:45:37.854,26.517,,6.273,128576.582,119021.535,9555.047,7.431,2047.996,0.000,0.000,4.030,2.110,1.790,234.763,0.000,0.005,0.142,3153.5,5500.0,53.0
53,2026-05-02T15:45:38.355,27.018,,7.836,128576.582,119014.855,9561.727,7.437,2047.996,0.000,0.000,4.030,2.110,1.790,219.814,0.141,0.000,0.001,3673.5,5500.0,47.0
54,2026-05-02T15:45:38.899,27.563,,6.724,128576.582,119019.848,9556.734,7.433,2047.996,0.000,0.000,4.030,2.110,1.790,222.088,0.208,0.011,0.037,2973.0,5500.0,44.0
55,2026-05-02T15:45:39.443,28.106,,7.966,128576.582,119019.152,9557.430,7.433,2047.996,0.000,0.000,4.030,2.110,1.790,231.180,0.000,0.004,0.159,2129.2,5500.0,50.0
56,2026-05-02T15:45:39.991,28.654,,6.845,128576.582,119031.125,9545.457,7.424,2047.996,0.000,0.000,4.030,2.110,1.790,207.629,0.000,0.001,0.024,1800.3,5500.0,43.0
57,2026-05-02T15:45:40.502,29.165,,7.143,128576.582,118988.414,9588.168,7.457,2047.996,0.000,0.000,4.030,2.110,1.790,233.838,0.000,0.002,0.030,3017.3,5415.3,43.0
58,2026-05-02T15:45:41.048,29.711,,6.991,128576.582,118988.469,9588.113,7.457,2047.996,0.000,0.000,3.950,2.130,1.800,201.538,0.193,0.002,0.072,2506.8,5500.0,45.0
59,2026-05-02T15:45:41.549,30.212,,7.635,128576.582,118962.836,9613.746,7.477,2047.996,0.000,0.000,3.950,2.130,1.800,246.416,0.000,0.000,0.004,2609.5,5500.0,46.0
60,2026-05-02T15:45:42.097,30.760,,7.293,128576.582,118936.965,9639.617,7.497,2047.996,0.000,0.000,3.950,2.130,1.800,230.815,0.000,0.003,0.034,2592.3,5471.3,46.0
61,2026-05-02T15:45:42.601,31.264,,8.940,128576.582,118956.586,9619.996,7.482,2047.996,0.000,0.000,3.950,2.130,1.800,231.347,0.000,0.003,0.025,2884.2,5478.5,42.9
62,2026-05-02T15:45:43.101,31.764,,7.605,128576.582,118950.781,9625.801,7.486,2047.996,0.000,0.000,3.950,2.130,1.800,211.001,1.422,0.001,0.009,2938.4,5484.4,51.0
63,2026-05-02T15:45:43.601,32.265,,8.774,128576.582,118932.207,9644.375,7.501,2047.996,0.000,0.000,3.950,2.130,1.800,231.228,0.125,0.001,0.060,2754.0,5500.0,45.0
64,2026-05-02T15:45:44.140,32.803,,7.026,128576.582,118958.352,9618.230,7.481,2047.996,0.000,0.000,3.950,2.130,1.800,234.138,0.000,0.001,0.044,3181.2,5500.0,43.0
65,2026-05-02T15:45:44.648,33.312,,8.081,128576.582,118994.367,9582.215,7.453,2047.996,0.000,0.000,3.950,2.130,1.800,189.160,0.000,0.000,0.012,2478.0,5417.1,51.0
66,2026-05-02T15:45:45.148,33.812,,7.804,128576.582,118971.105,9605.477,7.471,2047.996,0.000,0.000,3.950,2.130,1.800,224.941,0.000,0.000,0.008,2965.7,5500.0,51.0
67,2026-05-02T15:45:45.654,34.317,,7.592,128576.582,118954.074,9622.508,7.484,2047.996,0.000,0.000,3.950,2.130,1.800,228.373,0.000,0.001,0.025,2599.9,5500.0,51.0
68,2026-05-02T15:45:46.196,34.859,,7.532,128576.582,118999.629,9576.953,7.448,2047.996,0.000,0.000,3.710,2.110,1.790,206.712,0.137,0.000,0.001,3660.1,5500.0,42.9
69,2026-05-02T15:45:46.698,35.361,,7.945,128576.582,119026.285,9550.297,7.428,2047.996,0.000,0.000,3.710,2.110,1.790,185.209,0.000,0.000,0.019,2630.2,5514.6,44.0
70,2026-05-02T15:45:47.246,35.909,,8.009,128576.582,119045.961,9530.621,7.412,2047.996,0.000,0.000,3.710,2.110,1.790,213.540,0.000,0.003,0.052,2999.3,5500.0,47.0
71,2026-05-02T15:45:47.748,36.411,,7.963,128576.582,119024.746,9551.836,7.429,2047.996,0.000,0.000,3.710,2.110,1.790,179.339,0.000,0.001,0.034,3074.6,5500.0,42.9
72,2026-05-02T15:45:48.296,36.959,,6.686,128576.582,119040.094,9536.488,7.417,2047.996,0.000,0.000,3.710,2.110,1.790,195.154,0.000,0.002,0.059,1616.2,5500.0,42.0
73,2026-05-02T15:45:48.797,37.460,,7.967,128576.582,119029.230,9547.352,7.425,2047.996,0.000,0.000,3.710,2.110,1.790,205.854,1.468,0.001,0.023,2312.2,5500.0,46.0
74,2026-05-02T15:45:49.297,37.960,,15.519,128576.582,119027.441,9549.141,7.427,2047.996,0.000,0.000,3.710,2.110,1.790,199.963,0.000,0.001,0.018,4699.6,5300.1,52.0
75,2026-05-02T15:45:49.799,38.463,,12.080,128576.582,119034.746,9541.836,7.421,2047.996,0.000,0.000,3.710,2.110,1.790,198.920,0.000,0.000,0.000,2481.1,5500.0,48.0
76,2026-05-02T15:45:50.347,39.010,,10.544,128576.582,119026.508,9550.074,7.428,2047.996,0.000,0.000,3.710,2.110,1.790,178.610,0.000,0.002,0.046,2368.6,5500.0,48.0
77,2026-05-02T15:45:50.895,39.558,,8.205,128576.582,119050.902,9525.680,7.409,2047.996,0.000,0.000,3.570,2.110,1.800,221.123,0.150,0.002,0.032,2059.5,5500.0,43.0
78,2026-05-02T15:45:51.395,40.058,,5.634,128576.582,119056.801,9519.781,7.404,2047.996,0.000,0.000,3.570,2.110,1.800,201.993,0.000,0.001,0.016,3133.3,5500.0,45.0
79,2026-05-02T15:45:51.896,40.559,,12.477,128576.582,119027.625,9548.957,7.427,2047.996,0.000,0.000,3.570,2.110,1.800,192.754,0.000,0.001,0.027,2590.0,5535.0,45.0
80,2026-05-02T15:45:52.397,41.060,,7.533,128576.582,119022.484,9554.098,7.431,2047.996,0.000,0.000,3.570,2.110,1.800,205.443,0.296,0.000,0.025,2890.6,5436.2,44.0
81,2026-05-02T15:45:52.897,41.560,,6.848,128576.582,119053.105,9523.477,7.407,2047.996,0.000,0.000,3.570,2.110,1.800,200.995,0.047,0.002,0.023,2991.9,5500.0,48.0
82,2026-05-02T15:45:53.397,42.060,,8.571,128576.582,119058.551,9518.031,7.403,2047.996,0.000,0.000,3.570,2.110,1.800,180.000,0.000,0.000,0.000,2451.4,5500.0,48.0
83,2026-05-02T15:45:53.943,42.606,,7.089,128576.582,119056.422,9520.160,7.404,2047.996,0.000,0.000,3.570,2.110,1.800,217.863,0.143,0.003,0.074,2921.7,5485.0,45.0
84,2026-05-02T15:45:54.448,43.112,,6.510,128576.582,119055.742,9520.840,7.405,2047.996,0.000,0.000,3.570,2.110,1.800,199.922,0.000,0.001,0.027,1929.2,5504.0,42.0
85,2026-05-02T15:45:54.949,43.612,,11.952,128576.582,119026.301,9550.281,7.428,2047.996,0.000,0.000,3.570,2.110,1.800,219.843,1.327,0.001,0.022,2292.5,5500.0,52.0
86,2026-05-02T15:45:55.497,44.160,,7.135,128576.582,119051.496,9525.086,7.408,2047.996,0.000,0.000,3.570,2.110,1.800,196.213,0.000,0.000,0.017,2070.4,5322.4,44.0
87,2026-05-02T15:45:55.997,44.660,,9.283,128576.582,119041.234,9535.348,7.416,2047.996,0.000,0.000,3.610,2.140,1.810,204.758,0.000,0.001,0.017,2258.7,5500.0,53.0
88,2026-05-02T15:45:56.498,45.162,,9.317,128576.582,119068.656,9507.926,7.395,2047.996,0.000,0.000,3.610,2.140,1.810,199.507,0.000,0.000,0.015,1976.5,5467.3,53.0
89,2026-05-02T15:45:56.999,45.662,,11.391,128576.582,119037.508,9539.074,7.419,2047.996,0.000,0.000,3.610,2.140,1.810,201.457,0.000,0.000,0.000,2826.3,5500.0,53.0
90,2026-05-02T15:45:57.499,46.162,,10.380,128576.582,119023.590,9552.992,7.430,2047.996,0.000,0.000,3.610,2.140,1.810,208.746,0.289,0.001,0.043,2907.3,5537.9,50.0
91,2026-05-02T15:45:58.049,46.712,,7.204,128576.582,119041.191,9535.391,7.416,2047.996,0.000,0.000,3.610,2.140,1.810,217.906,0.000,0.001,0.032,2280.3,5500.0,50.0
92,2026-05-02T15:45:58.596,47.259,,7.463,128576.582,118999.387,9577.195,7.449,2047.996,0.000,0.000,3.610,2.140,1.810,203.301,0.029,0.000,0.027,4497.4,5301.9,52.0
93,2026-05-02T15:45:59.101,47.764,,7.970,128576.582,119029.457,9547.125,7.425,2047.996,0.000,0.000,3.610,2.140,1.810,205.561,0.132,0.001,0.028,3170.3,5500.0,43.0
94,2026-05-02T15:45:59.648,48.312,,8.658,128576.582,119039.043,9537.539,7.418,2047.996,0.000,0.000,3.610,2.140,1.810,200.839,0.000,0.000,0.014,2577.2,5461.7,50.0
95,2026-05-02T15:46:00.150,48.813,,9.806,128576.582,119051.957,9524.625,7.408,2047.996,0.000,0.000,3.610,2.140,1.810,199.271,1.347,0.001,0.014,2111.6,5500.0,57.0
96,2026-05-02T15:46:00.699,49.363,,10.939,128576.582,119036.570,9540.012,7.420,2047.996,0.000,0.000,3.610,2.140,1.810,200.270,0.000,0.001,0.024,2420.3,5482.0,50.0
97,2026-05-02T15:46:01.214,49.877,,11.350,128576.582,119031.645,9544.938,7.424,2047.996,0.000,0.000,3.560,2.150,1.810,194.498,0.000,0.001,0.001,2457.1,5526.1,61.0
98,2026-05-02T15:46:01.749,50.412,,13.302,128576.582,119059.289,9517.293,7.402,2047.996,0.000,0.000,3.560,2.150,1.810,197.061,0.000,0.000,0.022,2832.0,5534.6,43.0
99,2026-05-02T15:46:02.249,50.912,,9.968,128576.582,119034.586,9541.996,7.421,2047.996,0.000,0.000,3.560,2.150,1.810,208.947,0.172,0.001,0.023,2283.3,5500.0,51.0
100,2026-05-02T15:46:02.799,51.462,,9.633,128576.582,119029.039,9547.543,7.426,2047.996,0.000,0.000,3.560,2.150,1.810,182.404,0.000,0.000,0.020,2972.7,5500.0,45.0
101,2026-05-02T15:46:03.303,51.966,,13.433,128576.582,119031.566,9545.016,7.424,2047.996,0.000,0.000,3.560,2.150,1.810,232.072,0.000,0.000,0.022,2775.5,5394.3,59.0
102,2026-05-02T15:46:03.806,52.469,,14.794,128576.582,119033.152,9543.430,7.422,2047.996,0.000,0.000,3.560,2.150,1.810,206.840,0.132,0.001,0.022,3037.6,5500.0,59.0
103,2026-05-02T15:46:04.351,53.015,,14.015,128576.582,119038.531,9538.051,7.418,2047.996,0.000,0.000,3.560,2.150,1.810,199.281,0.000,0.000,0.020,2872.2,5505.1,51.0
104,2026-05-02T15:46:04.855,53.518,,13.682,128576.582,119027.633,9548.949,7.427,2047.996,0.000,0.000,3.560,2.150,1.810,231.893,0.000,0.000,0.022,2789.0,5514.6,46.0
105,2026-05-02T15:46:05.402,54.065,,16.935,128576.582,119032.977,9543.605,7.423,2047.996,0.000,0.000,3.560,2.150,1.810,207.067,0.000,0.000,0.000,3008.5,5500.0,46.0
106,2026-05-02T15:46:05.936,54.599,,20.188,128576.582,119030.566,9546.016,7.424,2047.996,0.000,0.000,3.350,2.130,1.810,213.408,0.000,0.001,0.021,3029.9,5495.4,61.0
107,2026-05-02T15:46:06.448,55.111,,24.877,128576.582,119032.191,9544.391,7.423,2047.996,0.000,0.000,3.350,2.130,1.810,205.582,0.000,0.000,0.021,2766.6,5500.0,61.0
108,2026-05-02T15:46:06.953,55.616,,12.841,128576.582,119034.422,9542.160,7.421,2047.996,0.000,0.000,3.350,2.130,1.810,199.351,1.337,0.001,0.023,1585.9,5500.0,44.0
109,2026-05-02T15:46:07.502,56.166,,21.104,128576.582,119044.855,9531.727,7.413,2047.996,0.000,0.000,3.350,2.130,1.810,218.506,0.149,0.000,0.020,1540.4,5291.8,50.0
110,2026-05-02T15:46:08.044,56.707,,17.101,128576.582,119043.188,9533.395,7.415,2047.996,0.000,0.000,3.350,2.130,1.810,200.792,0.000,0.001,0.021,2964.0,5541.4,50.0
111,2026-05-02T15:46:08.551,57.214,,14.722,128576.582,119042.035,9534.547,7.415,2047.996,0.000,0.000,3.350,2.130,1.810,179.996,0.000,0.000,0.023,2230.0,5334.2,56.0
112,2026-05-02T15:46:09.101,57.764,,14.261,128576.582,119027.824,9548.758,7.427,2047.996,0.000,0.000,3.350,2.130,1.810,189.493,0.114,0.000,0.020,2317.6,5465.2,56.0
113,2026-05-02T15:46:09.606,58.269,,17.909,128576.582,119037.316,9539.266,7.419,2047.996,0.000,0.000,3.350,2.130,1.810,210.663,0.000,0.000,0.000,2049.9,5553.4,51.0
114,2026-05-02T15:46:10.153,58.816,,21.575,128576.582,118998.926,9577.656,7.449,2047.996,0.000,0.000,3.350,2.130,1.810,183.569,0.000,0.000,0.020,2672.9,5500.0,54.0
115,2026-05-02T15:46:10.656,59.319,,14.339,128576.582,119015.035,9561.547,7.436,2047.996,0.000,0.000,3.350,2.130,1.810,232.111,0.000,0.000,0.022,2129.9,5500.0,58.0
116,2026-05-02T15:46:11.206,59.869,,16.743,128576.582,119066.199,9510.383,7.397,2047.996,0.000,0.000,3.250,2.130,1.810,204.205,2.338,0.001,0.020,1933.4,5500.0,47.0
117,2026-05-02T15:46:11.753,60.416,,12.536,128576.582,119029.809,9546.773,7.425,2047.996,0.000,0.000,3.250,2.130,1.810,219.400,0.057,0.001,0.021,2891.7,5500.0,60.0
118,2026-05-02T15:46:12.254,60.918,,13.639,128576.582,119005.715,9570.867,7.444,2047.996,0.000,0.000,3.250,2.130,1.810,219.250,0.000,0.001,0.022,2674.0,5500.0,62.0
119,2026-05-02T15:46:12.754,61.418,,15.283,128576.582,119007.668,9568.914,7.442,2047.996,0.000,0.000,3.250,2.130,1.810,219.931,0.336,0.001,0.022,2806.8,5413.6,54.0
120,2026-05-02T15:46:13.270,61.934,,23.929,128576.582,118994.246,9582.336,7.453,2047.996,0.000,0.000,3.250,2.130,1.810,237.466,0.000,0.000,0.021,4649.8,5200.1,63.0
121,2026-05-02T15:46:13.813,62.477,,23.843,128576.582,119015.074,9561.508,7.436,2047.996,0.000,0.000,3.250,2.130,1.810,223.263,0.000,0.001,0.000,3185.5,5500.0,65.0
122,2026-05-02T15:46:14.358,63.021,,18.239,128576.582,119030.367,9546.215,7.425,2047.996,0.000,0.000,3.250,2.130,1.810,231.789,0.122,0.000,0.020,2332.1,5531.4,60.0
123,2026-05-02T15:46:14.859,63.522,,17.713,128576.582,119018.461,9558.121,7.434,2047.996,0.000,0.000,3.250,2.130,1.810,239.575,0.000,0.000,0.022,2870.0,5500.0,58.0
124,2026-05-02T15:46:15.407,64.070,,14.261,128576.582,118993.625,9582.957,7.453,2047.996,0.000,0.000,3.250,2.130,1.810,236.429,0.000,0.000,0.021,2641.8,5409.3,50.0
125,2026-05-02T15:46:15.910,64.573,,17.783,128576.582,118988.367,9588.215,7.457,2047.996,0.000,0.000,3.230,2.140,1.820,239.356,0.000,0.001,0.023,2057.0,5500.0,47.0
126,2026-05-02T15:46:16.454,65.117,,11.581,128576.582,118973.277,9603.305,7.469,2047.996,0.000,0.000,3.230,2.140,1.820,229.394,0.115,0.000,0.022,2500.1,5500.0,53.0
127,2026-05-02T15:46:16.954,65.618,,12.841,128576.582,118996.379,9580.203,7.451,2047.996,0.000,0.000,3.230,2.140,1.820,249.298,0.000,0.001,0.022,2308.8,5500.0,61.0
128,2026-05-02T15:46:17.504,66.167,,11.036,128576.582,119008.672,9567.910,7.441,2047.996,0.000,0.000,3.230,2.140,1.820,250.150,0.000,0.000,0.020,3035.3,5500.0,55.0
129,2026-05-02T15:46:18.007,66.670,,11.146,128576.582,119000.172,9576.410,7.448,2047.996,0.000,0.000,3.230,2.140,1.820,235.315,0.000,0.000,0.001,3005.5,5480.2,60.0
130,2026-05-02T15:46:18.511,67.174,,11.853,128576.582,118958.918,9617.664,7.480,2047.996,0.000,0.000,3.230,2.140,1.820,266.376,0.000,0.000,0.021,3356.2,5500.0,61.0
131,2026-05-02T15:46:19.059,67.722,,12.095,128576.582,119006.359,9570.223,7.443,2047.996,0.000,0.000,3.230,2.140,1.820,274.351,1.182,0.001,0.021,2651.5,5471.9,48.0
132,2026-05-02T15:46:19.604,68.267,,11.587,128576.582,118978.441,9598.141,7.465,2047.996,0.000,0.000,3.230,2.140,1.820,256.798,0.136,0.000,0.020,2943.3,5500.1,60.0
133,2026-05-02T15:46:20.105,68.768,,10.843,128576.582,119006.305,9570.277,7.443,2047.996,0.000,0.000,3.230,2.140,1.820,264.819,0.000,0.001,0.022,2257.3,5500.0,56.0
134,2026-05-02T15:46:20.609,69.272,,10.131,128576.582,119010.445,9566.137,7.440,2047.996,0.000,0.000,3.230,2.140,1.820,262.207,0.000,0.001,0.023,2414.4,5500.0,50.0
135,2026-05-02T15:46:21.155,69.819,,11.536,128576.582,118951.770,9624.812,7.486,2047.996,0.000,0.000,3.210,2.160,1.820,265.793,0.000,0.001,0.020,2568.7,5500.0,60.0
136,2026-05-02T15:46:21.659,70.322,,11.014,128576.582,119009.953,9566.629,7.440,2047.996,0.000,0.000,3.210,2.160,1.820,258.036,0.155,0.000,0.000,2753.0,5500.0,64.0
137,2026-05-02T15:46:22.208,70.871,,10.526,128576.582,119029.648,9546.934,7.425,2047.996,0.000,0.000,3.210,2.160,1.820,255.093,0.114,0.000,0.020,2507.4,5500.0,50.0
138,2026-05-02T15:46:22.753,71.416,,12.840,128576.582,118990.152,9586.430,7.456,2047.996,0.000,0.000,3.210,2.160,1.820,250.936,0.014,0.000,0.020,2474.5,5340.7,61.0
139,2026-05-02T15:46:23.257,71.920,,9.175,128576.582,119000.434,9576.148,7.448,2047.996,0.000,0.000,3.210,2.160,1.820,243.129,0.132,0.001,0.023,2451.7,5500.0,61.0
140,2026-05-02T15:46:23.799,72.463,,11.912,128576.582,119067.191,9509.391,7.396,2047.996,0.000,0.000,3.210,2.160,1.820,240.998,0.000,0.000,0.021,2641.4,5380.6,62.0
141,2026-05-02T15:46:24.311,72.975,,13.979,128576.582,119050.340,9526.242,7.409,2047.996,0.000,0.000,3.210,2.160,1.820,269.570,0.122,0.001,0.023,2637.8,5500.0,60.0
142,2026-05-02T15:46:24.861,73.524,,20.160,128576.582,119044.289,9532.293,7.414,2047.996,0.000,0.000,3.210,2.160,1.820,221.914,1.137,0.001,0.020,2612.3,5500.0,59.0
143,2026-05-02T15:46:25.362,74.025,,17.177,128576.582,119002.176,9574.406,7.446,2047.996,0.000,0.000,3.210,2.160,1.820,220.115,0.000,0.001,0.022,2955.3,5500.0,59.0
144,2026-05-02T15:46:25.909,74.572,,16.485,128576.582,119040.137,9536.445,7.417,2047.996,0.000,0.000,3.190,2.170,1.830,240.488,0.000,0.001,0.020,2219.4,5447.7,66.0
145,2026-05-02T15:46:26.409,75.072,,15.544,128576.582,119023.383,9553.199,7.430,2047.996,0.000,0.000,3.190,2.170,1.830,236.484,0.000,0.000,0.000,2807.4,5499.9,58.0
146,2026-05-02T15:46:26.958,75.621,,13.390,128576.582,118993.641,9582.941,7.453,2047.996,0.000,0.000,3.190,2.170,1.830,236.711,0.000,0.001,0.020,2848.5,5500.0,48.0
147,2026-05-02T15:46:27.463,76.127,,11.696,128576.582,119001.406,9575.176,7.447,2047.996,0.000,0.000,3.190,2.170,1.830,237.443,0.000,0.000,0.022,2256.7,5500.0,51.0
148,2026-05-02T15:46:28.005,76.668,,10.847,128576.582,119008.316,9568.266,7.442,2047.996,0.000,0.000,3.190,2.170,1.830,239.227,0.000,0.001,0.020,2973.8,5510.9,52.0
149,2026-05-02T15:46:28.510,77.173,,8.854,128576.582,118999.711,9576.871,7.448,2047.996,0.000,0.000,3.190,2.170,1.830,246.519,0.734,0.000,0.022,2626.9,5500.0,52.0
150,2026-05-02T15:46:29.050,77.713,,9.591,128576.582,119026.312,9550.270,7.428,2047.996,0.000,0.000,3.190,2.170,1.830,223.630,0.000,0.001,0.021,2505.1,5500.0,55.0
151,2026-05-02T15:46:29.596,78.259,,9.437,128576.582,119002.406,9574.176,7.446,2047.996,0.000,0.000,3.190,2.170,1.830,246.226,0.129,0.001,0.020,1869.2,5338.7,56.0
152,2026-05-02T15:46:30.102,78.765,,9.808,128576.582,118942.293,9634.289,7.493,2047.996,0.000,0.000,3.190,2.170,1.830,218.749,0.000,0.000,0.000,2862.9,5500.0,61.0
153,2026-05-02T15:46:30.604,79.268,,15.356,128576.582,118965.992,9610.590,7.475,2047.996,0.000,0.000,3.190,2.170,1.830,269.317,1.276,0.000,0.000,2816.2,5537.2,62.0
154,2026-05-02T15:46:31.154,79.818,,10.206,128576.582,118964.824,9611.758,7.476,2047.996,0.000,0.000,3.010,2.150,1.830,238.163,0.000,0.001,0.001,2305.1,5500.0,47.0
155,2026-05-02T15:46:31.701,80.364,,6.203,128576.582,118948.027,9628.555,7.489,2047.996,0.000,0.000,3.010,2.150,1.830,223.729,0.000,0.001,0.002,2653.2,5500.0,51.0
156,2026-05-02T15:46:32.202,80.865,,9.688,128576.582,118955.695,9620.887,7.483,2047.996,0.000,0.000,3.010,2.150,1.830,222.717,0.000,0.000,0.001,1766.8,5500.0,54.0
157,2026-05-02T15:46:32.705,81.368,,10.490,128576.582,118966.836,9609.746,7.474,2047.996,0.000,0.000,3.010,2.150,1.830,268.409,0.000,0.000,0.001,3300.2,5500.0,54.0
158,2026-05-02T15:46:33.248,81.911,,10.766,128576.582,118949.570,9627.012,7.487,2047.996,0.000,0.000,3.010,2.150,1.830,275.268,0.000,0.000,0.000,4158.7,5498.6,45.0
159,2026-05-02T15:46:33.756,82.420,,12.538,128576.582,119008.066,9568.516,7.442,2047.996,0.000,0.000,3.010,2.150,1.830,272.032,0.207,0.000,0.000,2795.5,5500.0,47.0
160,2026-05-02T15:46:34.259,82.922,,12.053,128576.582,118984.805,9591.777,7.460,2047.996,0.000,0.000,3.010,2.150,1.830,296.605,0.000,0.000,0.000,2561.6,5500.0,66.0
161,2026-05-02T15:46:34.762,83.425,,11.754,128576.582,118922.160,9654.422,7.509,2047.996,0.000,0.000,3.010,2.150,1.830,299.864,0.140,0.000,0.000,2411.9,5511.2,54.0
162,2026-05-02T15:46:35.264,83.928,,11.819,128576.582,118899.590,9676.992,7.526,2047.996,0.000,0.000,3.010,2.150,1.830,266.133,0.000,0.000,0.000,3290.5,5500.0,57.0
163,2026-05-02T15:46:35.764,84.428,,13.109,128576.582,118932.473,9644.109,7.501,2047.996,0.000,0.000,2.930,2.150,1.830,296.961,0.000,0.000,0.000,2951.4,5512.2,50.0
164,2026-05-02T15:46:36.306,84.970,,10.012,128576.582,118932.641,9643.941,7.501,2047.996,0.000,0.000,2.930,2.150,1.830,295.664,0.000,0.000,0.000,1882.4,5505.0,42.9
165,2026-05-02T15:46:36.850,85.513,,9.779,128576.582,118920.066,9656.516,7.510,2047.996,0.000,0.000,2.930,2.150,1.830,308.832,1.215,0.000,0.000,3171.4,5385.0,51.0
166,2026-05-02T15:46:37.356,86.019,,8.091,128576.582,118909.375,9667.207,7.519,2047.996,0.000,0.000,2.930,2.150,1.830,302.022,0.000,0.000,0.000,3000.0,5500.0,58.0
167,2026-05-02T15:46:37.859,86.522,,8.739,128576.582,118905.656,9670.926,7.522,2047.996,0.000,0.000,2.930,2.150,1.830,303.228,0.000,0.000,0.000,3001.5,5526.6,58.0
168,2026-05-02T15:46:38.359,87.022,,8.113,128576.582,118910.672,9665.910,7.518,2047.996,0.000,0.000,2.930,2.150,1.830,294.960,0.141,0.000,0.000,3312.4,5500.0,46.0
169,2026-05-02T15:46:38.902,87.566,,7.457,128576.582,118929.504,9647.078,7.503,2047.996,0.000,0.000,2.930,2.150,1.830,300.512,0.165,0.000,0.000,3691.2,5470.1,53.0
170,2026-05-02T15:46:39.407,88.070,,7.098,128576.582,118909.746,9666.836,7.518,2047.996,0.000,0.000,2.930,2.150,1.830,277.619,0.000,0.000,0.001,2125.4,5474.1,55.0
171,2026-05-02T15:46:39.954,88.618,,7.070,128576.582,118944.953,9631.629,7.491,2047.996,0.000,0.000,2.930,2.150,1.830,290.288,0.121,0.000,0.001,3967.7,5500.0,55.0
172,2026-05-02T15:46:40.503,89.166,,7.878,128576.582,118924.070,9652.512,7.507,2047.996,0.000,0.000,2.930,2.150,1.830,276.547,0.000,0.000,0.002,3257.2,5500.0,56.0
173,2026-05-02T15:46:41.051,89.715,,9.446,128576.582,118867.953,9708.629,7.551,2047.996,0.000,0.000,2.860,2.150,1.830,259.942,0.000,0.000,0.000,2880.7,5500.0,54.0
174,2026-05-02T15:46:41.552,90.215,,7.447,128576.582,118912.836,9663.746,7.516,2047.996,0.000,0.000,2.860,2.150,1.830,275.406,0.000,0.000,0.000,2036.3,5500.0,46.0
175,2026-05-02T15:46:42.053,90.717,,6.942,128576.582,118879.836,9696.746,7.542,2047.996,0.000,0.000,2.860,2.150,1.830,290.425,0.000,0.000,0.001,2202.7,5500.0,45.0
176,2026-05-02T15:46:42.555,91.218,,9.291,128576.582,118867.645,9708.938,7.551,2047.996,0.000,0.000,2.860,2.150,1.830,290.955,0.000,0.000,0.000,2570.9,5502.9,51.0
177,2026-05-02T15:46:43.103,91.766,,9.211,128576.582,118880.590,9695.992,7.541,2047.996,0.000,0.000,2.860,2.150,1.830,282.231,1.120,0.000,0.000,1671.6,5500.0,53.0
178,2026-05-02T15:46:43.604,92.267,,10.829,128576.582,118827.344,9749.238,7.582,2047.996,0.000,0.000,2.860,2.150,1.830,289.326,0.140,0.000,0.000,2865.3,5519.8,54.0
179,2026-05-02T15:46:44.105,92.768,,8.776,128576.582,118827.824,9748.758,7.582,2047.996,0.000,0.000,2.860,2.150,1.830,296.004,0.000,0.000,0.000,2710.3,5500.0,63.0
180,2026-05-02T15:46:44.611,93.274,,9.350,128576.582,118800.496,9776.086,7.603,2047.996,0.000,0.000,2.860,2.150,1.830,299.226,0.000,0.000,0.000,2538.8,5513.0,43.9
181,2026-05-02T15:46:45.112,93.775,,8.956,128576.582,118847.938,9728.645,7.566,2047.996,0.000,0.000,2.860,2.150,1.830,276.998,0.140,0.000,0.000,2955.5,5500.0,55.0
182,2026-05-02T15:46:45.654,94.318,,8.009,128576.582,118865.621,9710.961,7.553,2047.996,0.000,0.000,2.860,2.150,1.830,292.140,0.000,0.001,0.001,2624.3,5500.0,60.0
183,2026-05-02T15:46:46.162,94.825,,8.905,128576.582,118898.480,9678.102,7.527,2047.996,0.000,0.000,2.870,2.160,1.830,278.809,0.000,0.000,0.001,2522.9,5500.0,60.0
184,2026-05-02T15:46:46.706,95.369,,10.415,128576.582,118903.309,9673.273,7.523,2047.996,0.000,0.000,2.870,2.160,1.830,278.166,0.000,0.000,0.000,3585.5,5500.0,44.0
185,2026-05-02T15:46:47.256,95.919,,9.794,128576.582,118856.023,9720.559,7.560,2047.996,0.000,0.000,2.870,2.160,1.830,223.874,0.000,0.000,0.001,3968.5,5500.0,43.0
186,2026-05-02T15:46:47.758,96.422,,10.763,128576.582,118829.996,9746.586,7.580,2047.996,0.000,0.000,2.870,2.160,1.830,275.835,0.000,0.000,0.002,3042.3,5431.9,49.0
187,2026-05-02T15:46:48.299,96.962,,7.909,128576.582,118923.172,9653.410,7.508,2047.996,0.000,0.000,2.870,2.160,1.830,260.864,0.000,0.000,0.002,3666.7,5414.6,51.0
188,2026-05-02T15:46:48.846,97.509,,9.735,128576.582,118919.508,9657.074,7.511,2047.996,0.000,0.000,2.870,2.160,1.830,266.868,1.464,0.001,0.001,4698.4,5300.0,49.0
189,2026-05-02T15:46:49.361,98.024,,10.135,128576.582,118881.820,9694.762,7.540,2047.996,0.000,0.000,2.870,2.160,1.830,263.342,0.000,0.000,0.000,2628.3,5500.0,62.0
190,2026-05-02T15:46:49.862,98.525,,8.921,128576.582,118898.172,9678.410,7.527,2047.996,0.000,0.000,2.870,2.160,1.830,279.444,1.762,0.000,0.000,2659.7,5445.8,62.0
191,2026-05-02T15:46:50.410,99.074,,13.887,128576.582,118859.035,9717.547,7.558,2047.996,0.000,0.000,2.870,2.160,1.830,274.327,0.000,0.000,0.000,2581.8,5500.2,63.0
192,2026-05-02T15:46:50.952,99.616,,12.450,128576.582,118782.754,9793.828,7.617,2047.996,0.000,0.000,2.960,2.190,1.850,276.100,0.000,0.000,0.000,4700.0,5300.1,54.0
193,2026-05-02T15:46:51.462,100.125,,13.210,128576.582,118774.164,9802.418,7.624,2047.996,0.000,0.000,2.960,2.190,1.850,276.689,0.153,0.000,0.000,3396.6,5500.0,59.0
194,2026-05-02T15:46:52.011,100.674,,11.879,128576.582,118765.816,9810.766,7.630,2047.996,0.000,0.000,2.960,2.190,1.850,274.750,0.000,0.001,0.001,2984.6,5500.0,64.0
195,2026-05-02T15:46:52.555,101.218,,12.182,128576.582,118780.949,9795.633,7.619,2047.996,0.000,0.000,2.960,2.190,1.850,277.798,0.000,0.000,0.001,2926.2,5500.0,64.0
196,2026-05-02T15:46:53.064,101.728,,13.755,128576.582,118822.312,9754.270,7.586,2047.996,0.000,0.000,2.960,2.190,1.850,275.053,0.038,0.000,0.001,1777.6,5500.5,58.0
197,2026-05-02T15:46:53.601,102.264,,13.221,128576.582,118936.074,9640.508,7.498,2047.996,0.000,0.000,2.960,2.190,1.850,275.694,0.000,0.000,0.000,2655.3,5500.0,51.0
198,2026-05-02T15:46:54.107,102.771,,12.438,128576.582,118853.953,9722.629,7.562,2047.996,0.000,0.000,2.960,2.190,1.850,282.079,0.000,0.000,0.000,3078.3,5500.0,64.0
199,2026-05-02T15:46:54.656,103.319,,13.043,128576.582,118818.848,9757.734,7.589,2047.996,0.000,0.000,2.960,2.190,1.850,275.890,0.875,0.000,0.000,2722.7,5500.0,62.0
200,2026-05-02T15:46:55.157,103.820,,15.668,128576.582,118906.914,9669.668,7.521,2047.996,0.000,0.000,2.960,2.190,1.850,271.797,0.140,0.001,0.002,3270.3,5487.3,60.0
201,2026-05-02T15:46:55.659,104.322,,11.315,128576.582,118922.289,9654.293,7.509,2047.996,0.000,0.000,2.960,2.190,1.850,275.795,0.000,0.000,0.001,2806.9,5500.0,60.0
202,2026-05-02T15:46:56.194,104.857,,9.033,128576.582,118910.352,9666.230,7.518,2047.996,0.000,0.000,2.960,2.210,1.850,263.069,0.000,0.006,0.007,4456.2,5500.0,45.0
203,2026-05-02T15:46:56.700,105.363,,9.182,128576.582,118923.762,9652.820,7.507,2047.996,0.000,0.000,2.960,2.210,1.850,268.353,0.224,0.006,0.006,2956.4,5527.8,49.0
204,2026-05-02T15:46:57.204,105.867,,7.916,128576.582,118939.512,9637.070,7.495,2047.996,0.000,0.000,2.960,2.210,1.850,264.405,0.000,0.010,0.026,1887.0,5497.9,45.0
205,2026-05-02T15:46:57.707,106.370,,9.204,128576.582,118927.750,9648.832,7.504,2047.996,0.000,0.000,2.960,2.210,1.850,276.663,0.000,0.006,0.288,2099.5,5342.6,49.0
206,2026-05-02T15:46:58.252,106.916,,8.713,128576.582,118897.359,9679.223,7.528,2047.996,0.000,0.000,2.960,2.210,1.850,273.930,0.000,0.005,0.026,2563.2,5500.0,55.0
207,2026-05-02T15:46:58.756,107.419,,4.070,128576.582,118932.941,9643.641,7.500,2047.996,0.000,0.000,2.960,2.210,1.850,277.946,0.031,0.000,0.021,2144.9,5502.1,55.0
208,2026-05-02T15:46:59.301,107.964,,9.107,128576.582,118892.605,9683.977,7.532,2047.996,0.000,0.000,2.960,2.210,1.850,277.666,0.000,0.001,0.024,3308.7,5443.0,57.0
209,2026-05-02T15:46:59.804,108.467,,8.463,128576.582,118958.066,9618.516,7.481,2047.996,0.000,0.000,2.960,2.210,1.850,275.195,0.000,0.001,0.023,2955.0,5530.6,57.0
210,2026-05-02T15:47:00.349,109.012,,8.764,128576.582,118924.039,9652.543,7.507,2047.996,0.000,0.000,2.960,2.210,1.850,274.975,0.115,0.001,0.032,3043.9,5535.7,60.0
211,2026-05-02T15:47:00.854,109.517,,7.918,128576.582,118911.613,9664.969,7.517,2047.996,0.000,0.000,2.810,2.190,1.850,277.393,1.269,0.001,0.000,2696.5,5500.0,60.0
212,2026-05-02T15:47:01.359,110.022,,8.240,128576.582,118919.703,9656.879,7.511,2047.996,0.000,0.000,2.810,2.190,1.850,270.011,0.000,0.000,0.021,3222.3,5500.0,47.0
213,2026-05-02T15:47:01.900,110.563,,9.023,128576.582,118863.387,9713.195,7.554,2047.996,0.000,0.000,2.810,2.190,1.850,259.944,0.209,0.001,0.019,2506.4,5500.0,57.0
214,2026-05-02T15:47:02.448,111.112,,9.734,128576.582,118876.297,9700.285,7.544,2047.996,0.000,0.000,2.810,2.190,1.850,262.028,0.000,0.001,0.019,1928.3,5527.1,57.0
215,2026-05-02T15:47:02.955,111.618,,8.577,128576.582,118863.340,9713.242,7.554,2047.996,0.000,0.000,2.810,2.190,1.850,278.748,0.000,0.001,0.021,2346.2,5500.0,54.0
216,2026-05-02T15:47:03.455,112.119,,9.864,128576.582,118834.375,9742.207,7.577,2047.996,0.000,0.000,2.810,2.190,1.850,279.213,0.000,0.000,0.021,2465.1,5496.6,49.0
217,2026-05-02T15:47:03.956,112.619,,7.206,128576.582,118859.992,9716.590,7.557,2047.996,0.000,0.000,2.810,2.190,1.850,278.177,0.000,0.002,0.023,2509.0,5502.4,49.0
218,2026-05-02T15:47:04.501,113.164,,8.530,128576.582,118837.812,9738.770,7.574,2047.996,0.000,0.000,2.810,2.190,1.850,267.838,0.000,0.001,0.002,4686.9,5300.1,57.0
219,2026-05-02T15:47:05.001,113.664,,9.220,128576.582,118860.027,9716.555,7.557,2047.996,0.000,0.000,2.810,2.190,1.850,275.137,0.000,0.001,0.021,2737.6,5500.0,57.0
220,2026-05-02T15:47:05.502,114.166,,8.214,128576.582,118858.586,9717.996,7.558,2047.996,0.000,0.000,2.810,2.190,1.850,276.616,0.132,0.000,0.020,2157.8,5500.0,46.0
221,2026-05-02T15:47:06.053,114.716,,7.414,128576.582,118845.832,9730.750,7.568,2047.996,0.000,0.000,2.660,2.170,1.840,259.566,0.000,0.000,0.019,2982.6,5510.3,46.0
222,2026-05-02T15:47:06.602,115.266,,7.208,128576.582,118879.848,9696.734,7.542,2047.996,0.000,0.000,2.660,2.170,1.840,260.165,0.000,0.012,0.026,3036.8,5500.0,58.0
223,2026-05-02T15:47:07.150,115.813,,9.753,128576.582,118843.301,9733.281,7.570,2047.996,0.000,0.000,2.660,2.170,1.840,243.538,1.421,0.012,0.374,2124.2,5384.6,60.0
224,2026-05-02T15:47:07.700,116.363,,8.573,128576.582,118853.070,9723.512,7.562,2047.996,0.000,0.000,2.660,2.170,1.840,257.208,0.000,0.000,0.025,2547.2,5500.0,47.0
225,2026-05-02T15:47:08.203,116.866,,10.199,128576.582,118868.305,9708.277,7.551,2047.996,0.000,0.000,2.660,2.170,1.840,229.255,0.000,0.004,0.025,3038.0,5500.0,50.0
226,2026-05-02T15:47:08.752,117.416,,8.511,128576.582,118932.562,9644.020,7.501,2047.996,0.000,0.000,2.660,2.170,1.840,251.336,0.000,0.001,0.001,2823.7,5500.0,58.0
227,2026-05-02T15:47:09.254,117.917,,12.423,128576.582,118897.262,9679.320,7.528,2047.996,0.000,0.000,2.660,2.170,1.840,241.419,0.000,0.001,0.067,3781.6,5400.0,58.0
228,2026-05-02T15:47:09.802,118.465,,9.001,128576.582,118865.328,9711.254,7.553,2047.996,0.000,0.000,2.660,2.170,1.840,242.451,0.000,0.000,0.007,2397.0,5532.7,59.0
229,2026-05-02T15:47:10.303,118.966,,11.430,128576.582,118915.992,9660.590,7.513,2047.996,0.000,0.000,2.660,2.170,1.840,261.528,0.000,0.008,0.070,3718.4,5408.7,59.0
230,2026-05-02T15:47:10.805,119.469,,8.647,128576.582,118879.199,9697.383,7.542,2047.996,0.000,0.000,2.690,2.180,1.850,265.823,0.140,0.011,0.068,3776.6,5414.5,54.0
231,2026-05-02T15:47:11.312,119.975,,18.602,128576.582,118765.676,9810.906,7.630,2047.996,0.000,0.000,2.690,2.180,1.850,339.333,2.938,0.026,0.454,2840.1,5483.8,68.0
232,2026-05-02T15:47:11.849,120.512,,16.814,128576.582,118828.047,9748.535,7.582,2047.996,0.000,0.000,2.690,2.180,1.850,334.376,0.742,0.018,0.259,3507.0,5403.8,45.9
233,2026-05-02T15:47:12.353,121.016,,13.200,128576.582,118835.461,9741.121,7.576,2047.996,0.000,0.000,2.690,2.180,1.850,266.133,0.519,0.021,0.398,2786.3,5500.0,63.0
234,2026-05-02T15:47:12.856,121.519,,13.636,128576.582,118855.648,9720.934,7.560,2047.996,0.000,0.000,2.690,2.180,1.850,252.299,0.692,0.008,0.215,2747.1,5524.6,60.0
235,2026-05-02T15:47:13.356,122.019,,18.255,128576.582,118843.156,9733.426,7.570,2047.996,0.000,0.000,2.690,2.180,1.850,263.239,0.000,0.004,0.124,2156.5,5393.2,66.0
236,2026-05-02T15:47:13.860,122.524,,13.932,128576.582,118811.008,9765.574,7.595,2047.996,0.000,0.000,2.690,2.180,1.850,249.889,0.000,0.037,0.103,2464.7,5529.1,53.0
237,2026-05-02T15:47:14.400,123.063,,13.387,128576.582,118799.914,9776.668,7.604,2047.996,0.000,0.000,2.690,2.180,1.850,271.928,0.000,0.000,0.000,2533.5,5512.9,58.0
238,2026-05-02T15:47:14.908,123.571,,13.019,128576.582,118770.320,9806.262,7.627,2047.996,0.000,0.000,2.690,2.180,1.850,252.143,0.000,0.000,0.001,2800.1,5500.0,52.0
239,2026-05-02T15:47:15.410,124.073,,12.711,128576.582,118760.652,9815.930,7.634,2047.996,0.000,0.000,2.690,2.180,1.850,278.185,0.000,0.000,0.001,1699.4,5500.0,47.0
240,2026-05-02T15:47:15.957,124.620,,13.829,128576.582,118721.160,9855.422,7.665,2047.996,0.000,0.000,2.630,2.180,1.850,275.199,0.136,0.001,0.001,2255.1,5433.3,64.0
241,2026-05-02T15:47:16.463,125.126,,24.306,128576.582,118736.414,9840.168,7.653,2047.996,0.000,0.000,2.630,2.180,1.850,275.822,0.000,0.000,0.000,2674.9,5449.5,64.0
242,2026-05-02T15:47:16.964,125.627,,15.504,128576.582,118739.266,9837.316,7.651,2047.996,0.000,0.000,2.630,2.180,1.850,274.902,0.273,0.000,0.000,2411.3,5531.4,64.0
243,2026-05-02T15:47:17.508,126.171,,17.324,128576.582,118746.750,9829.832,7.645,2047.996,0.000,0.000,2.630,2.180,1.850,278.498,0.165,0.000,0.000,2587.5,5506.9,60.0
244,2026-05-02T15:47:18.008,126.671,,15.191,128576.582,118706.902,9869.680,7.676,2047.996,0.000,0.000,2.630,2.180,1.850,276.425,1.468,0.000,0.001,2671.8,5534.8,68.0
245,2026-05-02T15:47:18.510,127.173,,12.017,128576.582,118794.453,9782.129,7.608,2047.996,0.000,0.000,2.630,2.180,1.850,275.441,0.000,0.000,0.000,3275.6,5542.6,60.0
246,2026-05-02T15:47:19.013,127.676,,16.198,128576.582,118806.852,9769.730,7.598,2047.996,0.000,0.000,2.630,2.180,1.850,278.782,0.000,0.008,0.173,2467.7,5500.0,68.0
247,2026-05-02T15:47:19.517,128.180,,12.873,128576.582,118859.059,9717.523,7.558,2047.996,0.000,0.000,2.630,2.180,1.850,273.143,0.000,0.002,0.093,2796.3,5500.2,68.0
248,2026-05-02T15:47:20.063,128.726,,14.838,128576.582,118796.883,9779.699,7.606,2047.996,0.000,0.000,2.630,2.180,1.850,280.711,0.000,0.001,0.053,2798.2,5500.0,70.0
249,2026-05-02T15:47:20.565,129.228,,13.098,128576.582,118793.820,9782.762,7.609,2047.996,0.000,0.000,2.630,2.180,1.850,272.663,0.000,0.000,0.002,2837.2,5500.0,62.0
250,2026-05-02T15:47:21.067,129.730,,14.312,128576.582,118823.684,9752.898,7.585,2047.996,0.000,0.000,2.580,2.170,1.850,275.846,0.124,0.000,0.001,2967.6,5500.0,48.0
251,2026-05-02T15:47:21.605,130.268,,18.096,128576.582,118801.461,9775.121,7.603,2047.996,0.000,0.000,2.580,2.170,1.850,275.876,0.000,0.016,0.307,2098.1,5453.4,59.0
252,2026-05-02T15:47:22.105,130.768,,13.854,128576.582,118814.555,9762.027,7.592,2047.996,0.000,0.000,2.580,2.170,1.850,277.393,0.000,0.012,0.130,2350.8,5500.0,59.0
253,2026-05-02T15:47:22.653,131.317,,12.999,128576.582,118798.965,9777.617,7.605,2047.996,0.000,0.000,2.580,2.170,1.850,253.511,0.655,0.010,0.298,2788.1,5500.0,59.0
254,2026-05-02T15:47:23.203,131.866,,11.805,128576.582,118795.977,9780.605,7.607,2047.996,0.000,0.000,2.580,2.170,1.850,214.684,0.036,0.004,0.080,2375.6,5500.0,53.0
255,2026-05-02T15:47:23.705,132.368,,13.397,128576.582,118821.633,9754.949,7.587,2047.996,0.000,0.000,2.580,2.170,1.850,238.202,0.000,0.012,0.119,2480.4,5322.4,62.0
256,2026-05-02T15:47:24.205,132.868,,12.734,128576.582,118871.785,9704.797,7.548,2047.996,0.000,0.000,2.580,2.170,1.850,244.871,1.359,0.010,0.046,2159.8,5500.0,62.0
257,2026-05-02T15:47:24.752,133.416,,11.920,128576.582,118870.891,9705.691,7.549,2047.996,0.000,0.000,2.580,2.170,1.850,250.610,0.000,0.002,0.097,2790.2,5500.0,63.0
258,2026-05-02T15:47:25.253,133.917,,14.241,128576.582,118830.723,9745.859,7.580,2047.996,0.000,0.000,2.580,2.170,1.850,247.993,0.000,0.001,0.020,3574.3,5542.3,69.0
259,2026-05-02T15:47:25.803,134.466,,18.893,128576.582,118784.258,9792.324,7.616,2047.996,0.000,0.000,2.700,2.200,1.860,242.322,0.775,0.005,0.394,4650.1,5200.2,69.0
260,2026-05-02T15:47:26.307,134.970,,15.985,128576.582,118815.602,9760.980,7.592,2047.996,0.000,0.000,2.700,2.200,1.860,275.202,0.000,0.007,0.290,2431.4,5500.1,44.0
261,2026-05-02T15:47:26.807,135.471,,14.847,128576.582,118781.355,9795.227,7.618,2047.996,0.000,0.000,2.700,2.200,1.860,265.959,0.000,0.015,0.298,3365.0,5481.4,58.0
262,2026-05-02T15:47:27.357,136.020,,16.571,128576.582,118777.445,9799.137,7.621,2047.996,0.000,0.000,2.700,2.200,1.860,240.610,0.000,0.006,0.040,2596.3,5500.0,61.0
263,2026-05-02T15:47:27.857,136.520,,13.363,128576.582,118783.668,9792.914,7.616,2047.996,0.000,0.000,2.700,2.200,1.860,265.477,0.000,0.005,0.017,2645.1,5496.5,61.0
264,2026-05-02T15:47:28.357,137.021,,14.831,128576.582,118794.297,9782.285,7.608,2047.996,0.000,0.000,2.700,2.200,1.860,254.421,0.000,0.003,0.116,3220.5,5500.0,66.0
265,2026-05-02T15:47:28.903,137.567,,12.550,128576.582,118754.184,9822.398,7.639,2047.996,0.000,0.000,2.700,2.200,1.860,251.374,0.000,0.001,0.006,3169.1,5547.4,56.0
266,2026-05-02T15:47:29.404,138.067,,18.182,128576.582,118805.566,9771.016,7.599,2047.996,0.000,0.000,2.700,2.200,1.860,239.605,0.000,0.003,0.115,2888.9,5500.0,55.0
267,2026-05-02T15:47:29.908,138.572,,10.149,128576.582,118810.492,9766.090,7.596,2047.996,0.000,0.000,2.700,2.200,1.860,224.953,0.000,0.011,0.166,2028.4,5500.0,46.0
268,2026-05-02T15:47:30.452,139.115,,9.340,128576.582,118807.215,9769.367,7.598,2047.996,0.000,0.000,2.700,2.200,1.860,239.071,1.279,0.002,0.048,2945.5,5500.0,54.0
269,2026-05-02T15:47:31.002,139.665,,8.185,128576.582,118817.977,9758.605,7.590,2047.996,0.000,0.000,2.640,2.200,1.860,209.680,0.739,0.005,0.152,1849.4,5500.0,54.0
270,2026-05-02T15:47:31.546,140.210,,8.553,128576.582,118871.879,9704.703,7.548,2047.996,0.000,0.000,2.640,2.200,1.860,227.427,0.000,0.004,0.038,2509.2,5500.0,58.0
271,2026-05-02T15:47:32.096,140.759,,7.973,128576.582,118878.082,9698.500,7.543,2047.996,0.000,0.000,2.640,2.200,1.860,241.335,0.000,0.007,0.078,2542.0,5326.9,58.0
272,2026-05-02T15:47:32.599,141.262,,7.332,128576.582,118849.477,9727.105,7.565,2047.996,0.000,0.000,2.640,2.200,1.860,221.102,0.000,0.010,0.139,2825.7,5461.1,61.0
273,2026-05-02T15:47:33.099,141.762,,8.647,128576.582,118840.535,9736.047,7.572,2047.996,0.000,0.000,2.640,2.200,1.860,243.067,0.000,0.002,0.073,4696.2,5300.1,61.0
274,2026-05-02T15:47:33.649,142.312,,20.069,128576.582,118846.184,9730.398,7.568,2047.996,0.000,0.000,2.640,2.200,1.860,250.486,0.000,0.004,0.027,2399.5,5500.0,61.0
275,2026-05-02T15:47:34.157,142.820,,13.100,128576.582,118817.461,9759.121,7.590,2047.996,0.000,0.000,2.640,2.200,1.860,249.194,0.000,0.006,0.033,2611.8,5518.3,52.0
276,2026-05-02T15:47:34.701,143.365,,10.866,128576.582,118786.379,9790.203,7.614,2047.996,0.000,0.000,2.640,2.200,1.860,245.313,0.000,0.004,0.168,2094.1,5311.3,60.0
277,2026-05-02T15:47:35.251,143.914,,12.286,128576.582,118794.863,9781.719,7.608,2047.996,0.000,0.000,2.640,2.200,1.860,260.390,0.000,0.010,0.105,3504.5,5500.0,59.0
278,2026-05-02T15:47:35.754,144.417,,13.317,128576.582,118786.297,9790.285,7.614,2047.996,0.000,0.000,2.510,2.180,1.860,247.750,0.155,0.008,0.051,2396.8,5342.6,60.0
279,2026-05-02T15:47:36.304,144.967,,13.905,128576.582,118864.145,9712.438,7.554,2047.996,0.000,0.000,2.510,2.180,1.860,242.858,0.490,0.010,0.524,2802.6,5500.0,60.0
280,2026-05-02T15:47:36.850,145.513,,12.722,128576.582,118814.570,9762.012,7.592,2047.996,0.000,0.000,2.510,2.180,1.860,248.994,1.203,0.006,0.129,2751.5,5424.4,66.0
281,2026-05-02T15:47:37.353,146.016,,16.740,128576.582,118808.160,9768.422,7.597,2047.996,0.000,0.000,2.510,2.180,1.860,235.956,0.000,0.012,0.423,4392.3,5472.2,66.0
282,2026-05-02T15:47:37.857,146.520,,15.734,128576.582,118850.645,9725.938,7.564,2047.996,0.000,0.000,2.510,2.180,1.860,223.430,0.000,0.010,0.361,3242.0,5500.0,59.0
283,2026-05-02T15:47:38.359,147.022,,15.829,128576.582,118857.199,9719.383,7.559,2047.996,0.000,0.000,2.510,2.180,1.860,208.105,0.000,0.011,0.256,2786.4,5500.0,68.0
284,2026-05-02T15:47:38.899,147.562,,14.533,128576.582,118840.582,9736.000,7.572,2047.996,0.000,0.000,2.510,2.180,1.860,233.954,0.000,0.008,0.221,2611.5,5548.2,61.0
285,2026-05-02T15:47:39.407,148.070,,14.565,128576.582,118794.227,9782.355,7.608,2047.996,0.000,0.000,2.510,2.180,1.860,236.141,0.000,0.005,0.019,2603.0,5500.0,61.0
286,2026-05-02T15:47:39.912,148.575,,24.244,128576.582,118813.965,9762.617,7.593,2047.996,0.000,0.000,2.510,2.180,1.860,236.668,0.510,0.004,0.089,2889.6,5429.1,65.0
287,2026-05-02T15:47:40.453,149.116,,15.910,128576.582,118778.492,9798.090,7.620,2047.996,0.000,0.000,2.510,2.180,1.860,224.767,0.000,0.007,0.048,3011.3,5500.0,65.0
288,2026-05-02T15:47:41.003,149.667,,11.927,128576.582,118780.852,9795.730,7.619,2047.996,0.000,0.000,2.470,2.180,1.860,225.832,0.248,0.003,0.064,2087.6,5330.7,60.0
289,2026-05-02T15:47:41.507,150.170,,12.454,128576.582,118773.699,9802.883,7.624,2047.996,0.000,0.000,2.470,2.180,1.860,219.976,0.481,0.004,0.032,3007.7,5516.5,56.0
290,2026-05-02T15:47:42.053,150.716,,11.462,128576.582,118822.566,9754.016,7.586,2047.996,0.000,0.000,2.470,2.180,1.860,223.329,0.000,0.003,0.055,3156.5,5500.0,58.0
291,2026-05-02T15:47:42.553,151.216,,15.235,128576.582,118847.340,9729.242,7.567,2047.996,0.000,0.000,2.470,2.180,1.860,220.469,0.000,0.001,0.018,3568.8,5500.0,58.0
292,2026-05-02T15:47:43.103,151.766,,11.922,128576.582,118830.504,9746.078,7.580,2047.996,0.000,0.000,2.470,2.180,1.860,228.901,1.287,0.000,0.001,1599.8,5452.2,57.0
293,2026-05-02T15:47:43.652,152.315,,11.297,128576.582,118847.250,9729.332,7.567,2047.996,0.000,0.000,2.470,2.180,1.860,225.629,0.000,0.010,0.036,2264.5,5532.0,57.0
294,2026-05-02T15:47:44.156,152.819,,14.878,128576.582,118843.797,9732.785,7.570,2047.996,0.000,0.000,2.470,2.180,1.860,218.454,0.000,0.008,0.035,2826.9,5504.9,45.0
295,2026-05-02T15:47:44.700,153.364,,12.435,128576.582,118829.723,9746.859,7.581,2047.996,0.000,0.000,2.470,2.180,1.860,230.399,0.000,0.012,0.116,2293.3,5500.0,63.0
296,2026-05-02T15:47:45.203,153.867,,17.021,128576.582,118817.934,9758.648,7.590,2047.996,0.000,0.000,2.470,2.180,1.860,238.212,0.000,0.004,0.019,2961.9,5500.0,54.0
297,2026-05-02T15:47:45.705,154.368,,14.018,128576.582,118787.133,9789.449,7.614,2047.996,0.000,0.000,2.470,2.180,1.860,221.166,2.266,0.006,0.097,2853.0,5500.0,58.0
298,2026-05-02T15:47:46.251,154.915,,15.572,128576.582,118785.957,9790.625,7.615,2047.996,0.000,0.000,2.830,2.260,1.890,230.109,0.357,0.008,0.513,3026.2,5515.1,59.0
299,2026-05-02T15:47:46.752,155.415,,9.506,128576.582,118794.977,9781.605,7.608,2047.996,0.000,0.000,2.830,2.260,1.890,239.537,0.000,0.005,0.222,1840.8,5500.0,59.0
300,2026-05-02T15:47:47.296,155.959,,11.220,128576.582,118817.629,9758.953,7.590,2047.996,0.000,0.000,2.830,2.260,1.890,244.737,0.000,0.010,0.207,2444.6,5500.0,58.0
301,2026-05-02T15:47:47.804,156.467,,8.865,128576.582,118813.840,9762.742,7.593,2047.996,0.000,0.000,2.830,2.260,1.890,240.058,0.200,0.008,0.141,2548.5,5312.6,58.0
302,2026-05-02T15:47:48.351,157.014,,10.454,128576.582,118806.859,9769.723,7.598,2047.996,0.000,0.000,2.830,2.260,1.890,228.006,0.000,0.006,0.088,3359.6,5450.0,61.0
303,2026-05-02T15:47:48.856,157.519,,12.484,128576.582,118821.105,9755.477,7.587,2047.996,0.000,0.000,2.830,2.260,1.890,243.386,0.464,0.009,0.242,3699.9,5500.0,61.0
304,2026-05-02T15:47:49.402,158.065,,12.708,128576.582,118794.250,9782.332,7.608,2047.996,0.000,0.000,2.830,2.260,1.890,234.230,0.264,0.006,0.159,3480.8,5524.1,58.0
305,2026-05-02T15:47:49.902,158.565,,10.874,128576.582,118763.250,9813.332,7.632,2047.996,0.000,0.000,2.830,2.260,1.890,270.238,0.000,0.012,0.079,2455.6,5515.2,58.0
306,2026-05-02T15:47:50.405,159.068,,11.194,128576.582,118754.574,9822.008,7.639,2047.996,0.000,0.000,2.830,2.260,1.890,256.824,0.000,0.003,0.086,3140.7,5500.0,52.0
307,2026-05-02T15:47:50.908,159.572,,10.596,128576.582,118726.070,9850.512,7.661,2047.996,0.000,0.000,2.680,2.240,1.880,261.788,0.520,0.002,0.024,3416.4,5536.2,54.0
308,2026-05-02T15:47:51.455,160.118,,10.511,128576.582,118785.793,9790.789,7.615,2047.996,0.000,0.000,2.680,2.240,1.880,262.981,0.136,0.002,0.003,2778.9,5500.0,58.0
309,2026-05-02T15:47:51.959,160.622,,8.396,128576.582,118815.629,9760.953,7.592,2047.996,0.000,0.000,2.680,2.240,1.880,271.386,0.000,0.005,0.075,2987.7,5500.3,58.0
310,2026-05-02T15:47:52.504,161.167,,10.823,128576.582,118788.840,9787.742,7.612,2047.996,0.000,0.000,2.680,2.240,1.880,265.519,0.000,0.001,0.068,2206.0,5510.7,52.0
311,2026-05-02T15:47:53.053,161.716,,8.883,128576.582,118792.000,9784.582,7.610,2047.996,0.000,0.000,2.680,2.240,1.880,250.901,0.036,0.001,0.001,1920.2,5339.7,53.0
312,2026-05-02T15:47:53.558,162.221,,11.228,128576.582,118818.629,9757.953,7.589,2047.996,0.000,0.000,2.680,2.240,1.880,261.930,0.000,0.010,0.120,1821.1,5500.0,43.9
313,2026-05-02T15:47:54.100,162.764,,9.333,128576.582,118841.547,9735.035,7.571,2047.996,0.000,0.000,2.680,2.240,1.880,248.715,0.000,0.007,0.044,2098.0,5500.7,44.0
314,2026-05-02T15:47:54.602,163.266,,11.063,128576.582,118842.109,9734.473,7.571,2047.996,0.000,0.000,2.680,2.240,1.880,235.707,1.315,0.005,0.024,2962.5,5502.1,59.0
315,2026-05-02T15:47:55.106,163.769,,8.523,128576.582,118810.074,9766.508,7.596,2047.996,0.000,0.000,2.680,2.240,1.880,258.145,0.000,0.003,0.022,3164.3,5364.5,59.0
316,2026-05-02T15:47:55.653,164.316,,6.829,128576.582,118791.031,9785.551,7.611,2047.996,0.000,0.000,2.680,2.240,1.880,238.672,0.243,0.001,0.065,2759.9,5500.0,46.0
317,2026-05-02T15:47:56.158,164.821,,9.820,128576.582,118806.625,9769.957,7.599,2047.996,0.000,0.000,2.710,2.250,1.890,244.440,0.000,0.000,0.000,3145.9,5494.1,52.0
318,2026-05-02T15:47:56.704,165.367,,9.925,128576.582,118822.168,9754.414,7.586,2047.996,0.000,0.000,2.710,2.250,1.890,247.704,0.122,0.005,0.039,2694.8,5530.9,62.0
319,2026-05-02T15:47:57.247,165.911,,10.313,128576.582,118805.844,9770.738,7.599,2047.996,0.000,0.000,2.710,2.250,1.890,246.582,0.000,0.002,0.084,2518.3,5528.4,62.0
320,2026-05-02T15:47:57.754,166.417,,10.019,128576.582,118815.582,9761.000,7.592,2047.996,0.000,0.000,2.710,2.250,1.890,234.681,0.000,0.004,0.022,2536.7,5500.0,58.0
321,2026-05-02T15:47:58.256,166.919,,10.006,128576.582,118800.344,9776.238,7.603,2047.996,0.000,0.000,2.710,2.250,1.890,260.272,0.000,0.012,0.096,2517.4,5500.0,58.0
322,2026-05-02T15:47:58.758,167.421,,10.441,128576.582,118769.930,9806.652,7.627,2047.996,0.000,0.000,2.710,2.250,1.890,239.567,0.055,0.003,0.002,3301.7,5500.0,47.0
323,2026-05-02T15:47:59.297,167.960,,9.333,128576.582,118736.621,9839.961,7.653,2047.996,0.000,0.000,2.710,2.250,1.890,243.498,0.319,0.006,0.071,4010.9,5373.7,47.0
324,2026-05-02T15:47:59.799,168.463,,7.862,128576.582,118796.598,9779.984,7.606,2047.996,0.000,0.000,2.710,2.250,1.890,239.734,0.000,0.004,0.003,3034.5,5536.7,56.0
325,2026-05-02T15:48:00.301,168.965,,10.467,128576.582,118776.234,9800.348,7.622,2047.996,0.000,0.000,2.710,2.250,1.890,244.417,0.000,0.003,0.182,2585.7,5500.0,60.0
326,2026-05-02T15:48:00.850,169.513,,8.377,128576.582,118810.703,9765.879,7.595,2047.996,0.000,0.000,2.730,2.260,1.900,243.016,1.161,0.008,0.099,4040.2,5457.0,47.0
327,2026-05-02T15:48:01.352,170.015,,12.392,128576.582,118794.102,9782.480,7.608,2047.996,0.000,0.000,2.730,2.260,1.900,249.063,0.164,0.013,0.108,3231.0,5500.0,59.0
328,2026-05-02T15:48:01.854,170.517,,10.379,128576.582,118787.426,9789.156,7.613,2047.996,0.000,0.000,2.730,2.260,1.900,253.491,0.140,0.005,0.178,2902.8,5459.8,60.0
329,2026-05-02T15:48:02.362,171.026,,16.330,128576.582,118748.172,9828.410,7.644,2047.996,0.000,0.000,2.730,2.260,1.900,237.114,0.453,0.012,0.450,2375.8,5500.0,59.0
330,2026-05-02T15:48:02.866,171.529,,12.298,128576.582,118733.082,9843.500,7.656,2047.996,0.000,0.000,2.730,2.260,1.900,276.543,0.000,0.010,0.063,3368.8,5500.0,61.0
331,2026-05-02T15:48:03.411,172.074,,13.099,128576.582,118745.762,9830.820,7.646,2047.996,0.000,0.000,2.730,2.260,1.900,275.995,0.000,0.015,0.463,2579.6,5500.0,61.0
332,2026-05-02T15:48:03.957,172.620,,11.174,128576.582,118770.320,9806.262,7.627,2047.996,0.000,0.000,2.730,2.260,1.900,274.514,0.000,0.008,0.170,3654.4,5500.0,51.0
333,2026-05-02T15:48:04.499,173.162,,12.334,128576.582,118809.008,9767.574,7.597,2047.996,0.000,0.000,2.730,2.260,1.900,273.546,0.000,0.004,0.069,2217.5,5478.1,60.0
334,2026-05-02T15:48:05.004,173.667,,18.277,128576.582,118795.238,9781.344,7.607,2047.996,0.000,0.000,2.730,2.260,1.900,278.809,0.000,0.004,0.068,2803.2,5388.0,67.0
335,2026-05-02T15:48:05.507,174.170,,12.925,128576.582,118772.438,9804.145,7.625,2047.996,0.000,0.000,2.730,2.260,1.900,232.203,0.000,0.004,0.003,3219.4,5500.0,65.0
336,2026-05-02T15:48:06.010,174.673,,14.036,128576.582,118742.320,9834.262,7.649,2047.996,0.000,0.000,2.670,2.260,1.900,226.513,0.000,0.005,0.004,2782.7,5500.0,61.0
337,2026-05-02T15:48:06.511,175.175,,13.943,128576.582,118731.039,9845.543,7.657,2047.996,0.000,0.000,2.670,2.260,1.900,224.717,0.000,0.001,0.001,2493.4,5514.6,61.0
338,2026-05-02T15:48:07.053,175.716,,15.554,128576.582,118745.598,9830.984,7.646,2047.996,0.000,0.000,2.670,2.260,1.900,221.942,1.342,0.008,0.028,2769.3,5500.0,62.0
339,2026-05-02T15:48:07.553,176.216,,10.245,128576.582,118739.922,9836.660,7.650,2047.996,0.000,0.000,2.670,2.260,1.900,220.001,0.437,0.012,0.075,3081.3,5500.0,64.0
340,2026-05-02T15:48:08.059,176.723,,20.248,128576.582,118825.676,9750.906,7.584,2047.996,0.000,0.000,2.670,2.260,1.900,249.067,0.000,0.003,0.068,3079.1,5500.0,67.0
341,2026-05-02T15:48:08.563,177.227,,15.235,128576.582,118794.191,9782.391,7.608,2047.996,0.000,0.000,2.670,2.260,1.900,205.312,0.000,0.003,0.004,2500.6,5500.0,65.0
342,2026-05-02T15:48:09.107,177.771,,15.358,128576.582,118771.066,9805.516,7.626,2047.996,0.000,0.000,2.670,2.260,1.900,183.879,0.007,0.005,0.038,3523.8,5500.0,58.0
343,2026-05-02T15:48:09.644,178.307,,9.648,128576.582,118762.820,9813.762,7.633,2047.996,0.000,0.000,2.670,2.260,1.900,185.754,0.000,0.006,0.061,3231.5,5491.3,63.0
344,2026-05-02T15:48:10.145,178.808,,9.956,128576.582,118802.410,9774.172,7.602,2047.996,0.000,0.000,2.670,2.260,1.900,190.758,0.000,0.009,0.033,2533.8,5368.4,56.0
345,2026-05-02T15:48:10.645,179.308,,9.661,128576.582,118830.570,9746.012,7.580,2047.996,0.000,0.000,2.670,2.260,1.900,203.618,0.000,0.005,0.076,2898.7,5438.3,56.0
346,2026-05-02T15:48:11.145,179.809,,8.788,128576.582,118806.391,9770.191,7.599,2047.996,0.000,0.000,2.780,2.290,1.910,227.870,0.000,0.008,0.061,2811.3,5348.8,56.0
347,2026-05-02T15:48:11.649,180.312,,10.938,128576.582,118807.676,9768.906,7.598,2047.996,0.000,0.000,2.780,2.290,1.910,235.281,0.000,0.011,0.061,2361.7,5527.8,53.0
348,2026-05-02T15:48:12.158,180.821,,19.198,128576.582,118741.320,9835.262,7.649,2047.996,0.000,0.000,2.780,2.290,1.910,270.963,0.138,0.018,0.148,3800.1,5475.8,56.0
349,2026-05-02T15:48:12.658,181.322,,17.640,128576.582,118761.254,9815.328,7.634,2047.996,0.000,0.000,2.780,2.290,1.910,272.845,3.225,0.013,0.080,3020.3,5500.0,61.0
350,2026-05-02T15:48:13.160,181.823,,16.501,128576.582,118757.500,9819.082,7.637,2047.996,0.000,0.000,2.780,2.290,1.910,277.390,1.223,0.006,0.038,4650.0,5200.2,58.0
351,2026-05-02T15:48:13.707,182.370,,13.501,128576.582,118758.770,9817.812,7.636,2047.996,0.000,0.000,2.780,2.290,1.910,275.719,0.621,0.006,0.071,2956.3,5500.0,59.0
352,2026-05-02T15:48:14.213,182.876,,12.391,128576.582,118777.410,9799.172,7.621,2047.996,0.000,0.000,2.780,2.290,1.910,275.582,0.000,0.011,0.192,3735.9,5500.0,49.0
353,2026-05-02T15:48:14.749,183.412,,13.811,128576.582,118800.547,9776.035,7.603,2047.996,0.000,0.000,2.780,2.290,1.910,248.425,0.000,0.008,0.395,2868.8,5500.0,64.0
354,2026-05-02T15:48:15.258,183.922,,18.428,128576.582,118818.715,9757.867,7.589,2047.996,0.000,0.000,2.780,2.290,1.910,242.468,0.000,0.012,0.140,1595.3,5500.0,64.0
355,2026-05-02T15:48:15.760,184.423,,19.687,128576.582,118832.426,9744.156,7.578,2047.996,0.000,0.000,2.880,2.320,1.920,258.179,2.623,0.018,0.494,3013.6,5500.0,70.0
356,2026-05-02T15:48:16.262,184.925,,16.165,128576.582,118828.527,9748.055,7.582,2047.996,0.000,0.000,2.880,2.320,1.920,219.090,0.000,0.010,0.202,2856.6,5500.0,70.0
357,2026-05-02T15:48:16.805,185.468,,19.183,128576.582,118850.199,9726.383,7.565,2047.996,0.000,0.000,2.880,2.320,1.920,200.369,0.000,0.008,0.061,3202.7,5500.0,62.0
358,2026-05-02T15:48:17.308,185.972,,16.481,128576.582,118824.328,9752.254,7.585,2047.996,0.000,0.000,2.880,2.320,1.920,240.817,0.140,0.004,0.029,3492.2,5500.0,68.0
359,2026-05-02T15:48:17.814,186.477,,16.882,128576.582,118819.867,9756.715,7.588,2047.996,0.000,0.000,2.880,2.320,1.920,259.033,0.209,0.002,0.065,2852.9,5500.0,59.0
360,2026-05-02T15:48:18.361,187.024,,15.808,128576.582,118817.105,9759.477,7.590,2047.996,0.000,0.000,2.880,2.320,1.920,265.189,0.728,0.001,0.006,2803.7,5540.7,64.0
361,2026-05-02T15:48:18.864,187.527,,16.907,128576.582,118770.555,9806.027,7.627,2047.996,0.000,0.000,2.880,2.320,1.920,248.689,0.000,0.011,0.123,2773.0,5492.2,60.0
362,2026-05-02T15:48:19.411,188.075,,18.103,128576.582,118756.945,9819.637,7.637,2047.996,0.000,0.000,2.880,2.320,1.920,227.239,0.000,0.001,0.060,2611.0,5500.0,60.0
363,2026-05-02T15:48:19.957,188.620,,13.886,128576.582,118747.922,9828.660,7.644,2047.996,0.000,0.000,2.880,2.320,1.920,241.350,0.000,0.005,0.052,2565.6,5335.5,67.0
364,2026-05-02T15:48:20.502,189.166,,11.694,128576.582,118727.301,9849.281,7.660,2047.996,0.000,0.000,2.880,2.320,1.920,208.596,0.000,0.004,0.073,2497.3,5507.9,62.0
365,2026-05-02T15:48:21.048,189.711,,12.314,128576.582,118715.035,9861.547,7.670,2047.996,0.000,0.000,3.130,2.380,1.940,218.458,0.000,0.009,0.113,1898.7,5459.3,64.0
366,2026-05-02T15:48:21.551,190.214,,11.029,128576.582,118728.887,9847.695,7.659,2047.996,0.000,0.000,3.130,2.380,1.940,199.131,0.000,0.000,0.016,2225.5,5501.1,64.0
367,2026-05-02T15:48:22.099,190.762,,13.577,128576.582,118756.703,9819.879,7.637,2047.996,0.000,0.000,3.130,2.380,1.940,229.768,0.335,0.001,0.015,2345.9,5466.9,57.0
368,2026-05-02T15:48:22.609,191.272,,16.942,128576.582,118789.617,9786.965,7.612,2047.996,0.000,0.000,3.130,2.380,1.940,242.708,0.000,0.000,0.015,2900.9,5538.5,62.0
369,2026-05-02T15:48:23.110,191.773,,9.905,128576.582,118767.078,9809.504,7.629,2047.996,0.000,0.000,3.130,2.380,1.940,220.362,0.016,0.001,0.016,3028.3,5500.0,45.0
370,2026-05-02T15:48:23.613,192.277,,11.945,128576.582,118782.867,9793.715,7.617,2047.996,0.000,0.000,3.130,2.380,1.940,231.446,0.000,0.001,0.016,2740.5,5500.0,62.0
371,2026-05-02T15:48:24.161,192.824,,13.603,128576.582,118786.742,9789.840,7.614,2047.996,0.000,0.000,3.130,2.380,1.940,246.907,0.000,0.001,0.015,2958.8,5420.6,63.0
372,2026-05-02T15:48:24.705,193.368,,16.839,128576.582,118779.488,9797.094,7.620,2047.996,0.000,0.000,3.130,2.380,1.940,265.511,1.178,0.000,0.015,2362.5,5500.0,63.0
373,2026-05-02T15:48:25.209,193.873,,13.150,128576.582,118768.797,9807.785,7.628,2047.996,0.000,0.000,3.130,2.380,1.940,269.048,0.000,0.000,0.015,2455.5,5500.1,65.0
374,2026-05-02T15:48:25.755,194.418,,15.035,128576.582,118796.996,9779.586,7.606,2047.996,0.000,0.000,3.120,2.390,1.950,235.511,0.000,0.000,0.014,2918.5,5524.8,65.0
375,2026-05-02T15:48:26.298,194.961,,12.818,128576.582,118775.859,9800.723,7.622,2047.996,0.000,0.000,3.120,2.390,1.950,256.809,0.000,0.000,0.014,4698.0,5300.1,53.0
376,2026-05-02T15:48:26.804,195.467,,21.279,128576.582,118764.395,9812.188,7.631,2047.996,0.000,0.000,3.120,2.390,1.950,252.105,0.000,0.000,0.015,4649.9,5200.1,59.0
377,2026-05-02T15:48:27.317,195.980,,30.134,128576.582,118831.621,9744.961,7.579,2047.996,0.000,0.000,3.120,2.390,1.950,266.624,0.853,0.000,0.015,4659.0,5267.9,64.0
378,2026-05-02T15:48:27.818,196.482,,28.977,128576.582,118797.777,9778.805,7.605,2047.996,0.000,0.000,3.120,2.390,1.950,269.012,0.000,0.001,0.015,2862.4,5500.0,70.0
379,2026-05-02T15:48:28.349,197.012,,26.307,128576.582,118811.848,9764.734,7.594,2047.996,0.000,0.000,3.120,2.390,1.950,268.440,0.029,0.001,0.014,4696.1,5300.3,58.0
380,2026-05-02T15:48:28.859,197.522,,18.250,128576.582,118814.176,9762.406,7.593,2047.996,0.000,0.000,3.120,2.390,1.950,275.395,0.000,0.001,0.015,4650.0,5200.1,60.0
381,2026-05-02T15:48:29.359,198.022,,12.365,128576.582,118820.238,9756.344,7.588,2047.996,0.000,0.000,3.120,2.390,1.950,275.358,0.000,0.000,0.015,3187.7,5499.0,61.0
382,2026-05-02T15:48:29.905,198.568,,12.881,128576.582,118809.125,9767.457,7.597,2047.996,0.000,0.000,3.120,2.390,1.950,237.008,0.000,0.001,0.014,1820.4,5500.7,50.0
383,2026-05-02T15:48:30.408,199.071,,13.497,128576.582,118802.688,9773.895,7.602,2047.996,0.000,0.000,3.120,2.390,1.950,220.087,0.000,0.000,0.015,2850.2,5500.0,64.0
384,2026-05-02T15:48:30.917,199.580,,13.089,128576.582,118779.680,9796.902,7.620,2047.996,0.000,0.000,2.950,2.360,1.940,196.277,1.219,0.000,0.015,2888.6,5500.0,52.0
385,2026-05-02T15:48:31.452,200.116,,8.059,128576.582,118766.160,9810.422,7.630,2047.996,0.000,0.000,2.950,2.360,1.940,183.392,0.000,0.000,0.016,2643.2,5342.5,64.0
386,2026-05-02T15:48:31.998,200.661,,12.680,128576.582,118802.113,9774.469,7.602,2047.996,0.000,0.000,2.950,2.360,1.940,186.527,0.193,0.001,0.014,2817.5,5500.0,58.0
387,2026-05-02T15:48:32.540,201.203,,5.842,128576.582,118795.625,9780.957,7.607,2047.996,0.000,0.000,2.950,2.360,1.940,184.556,0.123,0.001,0.029,3778.5,5495.0,47.0
388,2026-05-02T15:48:33.043,201.706,,5.864,128576.582,118814.539,9762.043,7.592,2047.996,0.000,0.000,2.950,2.360,1.940,174.875,0.000,0.001,0.016,2050.1,5500.0,55.0
389,2026-05-02T15:48:33.544,202.207,,4.828,128576.582,118818.520,9758.062,7.589,2047.996,0.000,0.000,2.950,2.360,1.940,143.824,0.000,0.001,0.015,3264.4,5500.0,46.0
390,2026-05-02T15:48:34.045,202.708,,4.816,128576.582,118818.793,9757.789,7.589,2047.996,0.000,0.000,2.950,2.360,1.940,161.202,0.000,0.001,0.015,2432.6,5500.0,46.0
391,2026-05-02T15:48:34.592,203.255,,5.043,128576.582,118830.383,9746.199,7.580,2047.996,0.000,0.000,2.950,2.360,1.940,163.142,0.000,0.000,0.014,2200.8,5364.5,44.0
392,2026-05-02T15:48:35.094,203.757,,5.098,128576.582,118818.281,9758.301,7.589,2047.996,0.000,0.000,2.950,2.360,1.940,155.840,0.000,0.000,0.015,2712.9,5527.0,44.0
393,2026-05-02T15:48:35.595,204.258,,7.488,128576.582,118819.812,9756.770,7.588,2047.996,0.000,0.000,2.950,2.360,1.940,163.151,0.000,0.001,0.015,2574.8,5525.8,57.0
394,2026-05-02T15:48:36.095,204.759,,7.688,128576.582,118813.883,9762.699,7.593,2047.996,0.000,0.000,4.710,2.740,2.070,159.954,0.000,0.001,0.016,2793.5,5526.2,49.0
395,2026-05-02T15:48:36.598,205.261,,7.045,128576.582,118809.438,9767.145,7.596,2047.996,0.000,0.000,4.710,2.740,2.070,185.196,0.000,0.000,0.015,2248.4,5500.0,57.0
396,2026-05-02T15:48:37.100,205.763,,7.905,128576.582,118807.551,9769.031,7.598,2047.996,0.000,0.000,4.710,2.740,2.070,208.773,1.423,0.001,0.015,2919.7,5528.9,58.0
397,2026-05-02T15:48:37.650,206.313,,8.827,128576.582,118817.289,9759.293,7.590,2047.996,0.000,0.000,4.710,2.740,2.070,240.335,0.220,0.000,0.014,3854.8,5500.0,62.0
398,2026-05-02T15:48:38.151,206.814,,10.678,128576.582,118810.879,9765.703,7.595,2047.996,0.000,0.000,4.710,2.740,2.070,173.322,0.273,0.001,0.016,2822.5,5500.0,53.0
399,2026-05-02T15:48:38.699,207.362,,7.365,128576.582,118822.090,9754.492,7.587,2047.996,0.000,0.000,4.710,2.740,2.070,237.764,0.107,0.000,0.014,3254.3,5500.0,53.0
400,2026-05-02T15:48:39.201,207.864,,9.583,128576.582,118818.043,9758.539,7.590,2047.996,0.000,0.000,4.710,2.740,2.070,224.870,0.000,0.001,0.016,2293.0,5490.1,63.0
401,2026-05-02T15:48:39.702,208.365,,8.559,128576.582,118805.848,9770.734,7.599,2047.996,0.000,0.000,4.710,2.740,2.070,219.610,0.000,0.001,0.016,2961.3,5500.0,68.0
402,2026-05-02T15:48:40.247,208.911,,9.049,128576.582,118792.410,9784.172,7.610,2047.996,0.000,0.000,4.710,2.740,2.070,242.241,0.000,0.001,0.016,2316.5,5500.0,58.0
403,2026-05-02T15:48:40.751,209.414,,8.333,128576.582,118804.449,9772.133,7.600,2047.996,0.000,0.000,5.700,2.980,2.150,226.905,0.000,0.001,0.015,3443.6,5400.0,62.0
404,2026-05-02T15:48:41.252,209.915,,8.966,128576.582,118809.297,9767.285,7.596,2047.996,0.000,0.000,5.700,2.980,2.150,245.314,0.000,0.001,0.015,2487.7,5500.0,62.0
405,2026-05-02T15:48:41.752,210.415,,11.056,128576.582,118780.840,9795.742,7.619,2047.996,0.000,0.000,5.700,2.980,2.150,208.120,0.000,0.000,0.015,2900.5,5438.0,50.0
406,2026-05-02T15:48:42.302,210.966,,8.842,128576.582,118766.309,9810.273,7.630,2047.996,0.000,0.000,5.700,2.980,2.150,224.826,0.000,0.001,0.014,2016.1,5534.2,56.0
407,2026-05-02T15:48:42.804,211.467,,8.349,128576.582,118795.762,9780.820,7.607,2047.996,0.000,0.000,5.700,2.980,2.150,226.228,1.395,0.001,0.015,2921.6,5500.0,63.0
408,2026-05-02T15:48:43.304,211.967,,7.716,128576.582,118777.039,9799.543,7.622,2047.996,0.000,0.000,5.700,2.980,2.150,237.864,0.141,0.001,0.015,1882.7,5500.0,58.0
409,2026-05-02T15:48:43.852,212.516,,7.367,128576.582,118766.504,9810.078,7.630,2047.996,0.000,0.000,5.700,2.980,2.150,237.767,0.135,0.001,0.014,2223.8,5500.0,61.0
410,2026-05-02T15:48:44.399,213.062,,8.021,128576.582,118757.000,9819.582,7.637,2047.996,0.000,0.000,5.700,2.980,2.150,239.827,0.000,0.000,0.014,2662.1,5499.8,61.0
411,2026-05-02T15:48:44.899,213.563,,8.302,128576.582,118752.859,9823.723,7.640,2047.996,0.000,0.000,5.700,2.980,2.150,218.419,0.000,0.001,0.015,2777.6,5500.0,59.0
412,2026-05-02T15:48:45.408,214.071,,8.168,128576.582,118756.609,9819.973,7.637,2047.996,0.000,0.000,5.700,2.980,2.150,227.493,0.000,0.001,0.015,2430.6,5500.1,67.0
413,2026-05-02T15:48:45.952,214.615,,9.606,128576.582,118772.000,9804.582,7.625,2047.996,0.000,0.000,5.320,2.940,2.140,223.412,0.000,0.001,0.014,3134.1,5500.0,50.0
414,2026-05-02T15:48:46.456,215.119,,11.138,128576.582,118770.621,9805.961,7.627,2047.996,0.000,0.000,5.320,2.940,2.140,207.666,0.000,0.001,0.015,2416.8,5500.0,51.0
415,2026-05-02T15:48:46.957,215.620,,11.369,128576.582,118791.180,9785.402,7.611,2047.996,0.000,0.000,5.320,2.940,2.140,224.111,0.000,0.001,0.017,2904.5,5500.0,66.0
416,2026-05-02T15:48:47.501,216.164,,12.751,128576.582,118766.996,9809.586,7.629,2047.996,0.000,0.000,5.320,2.940,2.140,219.943,0.000,0.000,0.015,2283.6,5500.0,67.0
417,2026-05-02T15:48:48.006,216.669,,13.321,128576.582,118746.172,9830.410,7.646,2047.996,0.000,0.000,5.320,2.940,2.140,233.716,0.139,0.001,0.031,3270.1,5500.0,58.0
418,2026-05-02T15:48:48.555,217.218,,14.932,128576.582,118786.203,9790.379,7.614,2047.996,0.000,0.000,5.320,2.940,2.140,210.868,0.121,0.001,0.015,2005.9,5500.0,58.0
419,2026-05-02T15:48:49.055,217.718,,13.908,128576.582,118812.902,9763.680,7.594,2047.996,0.000,0.000,5.320,2.940,2.140,236.617,1.406,0.000,0.016,3068.5,5438.4,64.0
420,2026-05-02T15:48:49.559,218.222,,10.490,128576.582,118796.188,9780.395,7.607,2047.996,0.000,0.000,5.320,2.940,2.140,245.632,0.000,0.000,0.015,2760.6,5500.0,66.0
421,2026-05-02T15:48:50.099,218.762,,12.602,128576.582,118797.027,9779.555,7.606,2047.996,0.000,0.000,5.320,2.940,2.140,237.634,0.000,0.000,0.014,2391.8,5533.9,58.0
422,2026-05-02T15:48:50.608,219.271,,11.955,128576.582,118822.598,9753.984,7.586,2047.996,0.000,0.000,5.320,2.940,2.140,242.997,0.000,0.000,0.015,3191.7,5436.1,64.0
423,2026-05-02T15:48:51.155,219.818,,11.961,128576.582,118788.449,9788.133,7.613,2047.996,0.000,0.000,7.620,3.460,2.310,249.025,0.000,0.001,0.014,2265.3,5500.1,66.0
424,2026-05-02T15:48:51.656,220.319,,10.678,128576.582,118820.055,9756.527,7.588,2047.996,0.000,0.000,7.620,3.460,2.310,247.153,0.000,0.001,0.015,3903.7,5510.3,67.0
425,2026-05-02T15:48:52.203,220.866,,8.934,128576.582,118803.230,9773.352,7.601,2047.996,0.000,0.000,7.620,3.460,2.310,269.496,0.000,0.001,0.014,3479.6,5502.7,59.0
426,2026-05-02T15:48:52.703,221.366,,6.989,128576.582,118762.633,9813.949,7.633,2047.996,0.000,0.000,7.620,3.460,2.310,219.943,0.000,0.000,0.015,2458.7,5500.0,62.0
427,2026-05-02T15:48:53.250,221.913,,7.613,128576.582,118771.574,9805.008,7.626,2047.996,0.000,0.000,7.620,3.460,2.310,228.769,0.178,0.001,0.014,4347.4,5500.0,61.0
428,2026-05-02T15:48:53.753,222.416,,8.674,128576.582,118780.242,9796.340,7.619,2047.996,0.000,0.000,7.620,3.460,2.310,222.898,2.744,0.000,0.015,2871.3,5500.0,52.0
429,2026-05-02T15:48:54.255,222.918,,7.357,128576.582,118784.875,9791.707,7.615,2047.996,0.000,0.000,7.620,3.460,2.310,229.380,0.000,0.000,0.015,2702.2,5520.6,55.0
430,2026-05-02T15:48:54.800,223.463,,6.851,128576.582,118771.250,9805.332,7.626,2047.996,0.000,0.000,7.620,3.460,2.310,235.098,0.043,0.001,0.014,4322.2,5500.0,54.0
431,2026-05-02T15:48:55.347,224.010,,6.483,128576.582,118784.055,9792.527,7.616,2047.996,0.000,0.000,7.620,3.460,2.310,202.961,0.000,0.001,0.015,3939.5,5500.1,58.0
432,2026-05-02T15:48:55.849,224.512,,6.176,128576.582,118784.703,9791.879,7.616,2047.996,0.000,0.000,7.170,3.430,2.310,247.539,0.101,0.001,0.016,3324.6,5439.0,55.0
433,2026-05-02T15:48:56.398,225.062,,5.832,128576.582,118810.910,9765.672,7.595,2047.996,0.000,0.000,7.170,3.430,2.310,257.286,0.000,0.000,0.015,3717.3,5425.9,57.0
434,2026-05-02T15:48:56.902,225.565,,7.179,128576.582,118795.281,9781.301,7.607,2047.996,0.000,0.000,7.170,3.430,2.310,242.611,0.000,0.001,0.015,3958.1,5500.1,46.0
435,2026-05-02T15:48:57.403,226.066,,6.344,128576.582,118814.684,9761.898,7.592,2047.996,0.000,0.000,7.170,3.430,2.310,253.962,0.000,0.000,0.015,3678.4,5500.0,60.0
436,2026-05-02T15:48:57.951,226.614,,5.839,128576.582,118800.324,9776.258,7.603,2047.996,0.000,0.000,7.170,3.430,2.310,247.549,0.121,0.001,0.014,2648.0,5500.0,60.0
437,2026-05-02T15:48:58.451,227.115,,7.035,128576.582,118744.914,9831.668,7.647,2047.996,0.000,0.000,7.170,3.430,2.310,250.126,0.031,0.000,0.015,3506.4,5500.1,63.0
438,2026-05-02T15:48:59.000,227.664,,7.143,128576.582,118792.066,9784.516,7.610,2047.996,0.000,0.000,7.170,3.430,2.310,243.553,0.057,0.001,0.028,2417.2,5507.3,57.0
439,2026-05-02T15:48:59.500,228.164,,6.671,128576.582,118783.945,9792.637,7.616,2047.996,0.000,0.000,7.170,3.430,2.310,222.214,0.000,0.000,0.015,2377.2,5453.5,58.0
440,2026-05-02T15:49:00.045,228.709,,5.673,128576.582,118819.430,9757.152,7.589,2047.996,0.000,0.000,7.170,3.430,2.310,216.979,0.000,0.001,0.028,3893.0,5500.0,58.0
441,2026-05-02T15:49:00.548,229.211,,5.109,128576.582,118825.758,9750.824,7.584,2047.996,0.000,0.000,7.170,3.430,2.310,199.058,1.446,0.001,0.015,3160.9,5500.0,57.0
442,2026-05-02T15:49:01.089,229.753,,3.900,128576.582,118851.484,9725.098,7.564,2047.996,0.000,0.000,6.750,3.410,2.310,214.253,0.000,0.000,0.014,4231.3,5400.1,54.0
443,2026-05-02T15:49:01.594,230.258,,5.559,128576.582,118820.906,9755.676,7.587,2047.996,0.000,0.000,6.750,3.410,2.310,167.736,0.000,0.000,0.015,2062.6,5500.0,58.0
444,2026-05-02T15:49:02.094,230.758,,4.274,128576.582,118816.734,9759.848,7.591,2047.996,0.000,0.000,6.750,3.410,2.310,198.497,0.000,0.000,0.015,2910.7,5500.1,58.0
445,2026-05-02T15:49:02.643,231.306,,5.578,128576.582,118817.414,9759.168,7.590,2047.996,0.000,0.000,6.750,3.410,2.310,218.651,0.000,0.000,0.014,2434.5,5500.0,56.0
446,2026-05-02T15:49:03.143,231.806,,5.190,128576.582,118823.383,9753.199,7.586,2047.996,0.000,0.000,6.750,3.410,2.310,235.374,0.133,0.001,0.016,2403.7,5500.0,50.0
447,2026-05-02T15:49:03.645,232.308,,6.526,128576.582,118808.801,9767.781,7.597,2047.996,0.000,0.000,6.750,3.410,2.310,242.635,0.000,0.001,0.016,2948.8,5500.0,55.0
448,2026-05-02T15:49:04.193,232.857,,8.068,128576.582,118813.859,9762.723,7.593,2047.996,0.000,0.000,6.750,3.410,2.310,233.261,0.000,0.001,0.015,4380.7,5340.5,52.0
449,2026-05-02T15:49:04.698,233.361,,8.075,128576.582,118787.375,9789.207,7.614,2047.996,0.000,0.000,6.750,3.410,2.310,231.790,0.000,0.000,0.016,2021.7,5500.0,60.0
450,2026-05-02T15:49:05.203,233.867,,9.509,128576.582,118787.457,9789.125,7.613,2047.996,0.000,0.000,6.750,3.410,2.310,206.487,0.000,0.001,0.015,2980.6,5500.0,60.0
451,2026-05-02T15:49:05.740,234.403,,9.780,128576.582,118814.512,9762.070,7.592,2047.996,0.000,0.000,6.750,3.410,2.310,217.487,0.153,0.001,0.014,4700.2,5301.8,46.0
452,2026-05-02T15:49:06.245,234.908,,9.580,128576.582,118787.359,9789.223,7.614,2047.996,0.000,0.000,6.690,3.450,2.330,223.082,0.000,0.001,0.015,2940.5,5500.0,59.0
453,2026-05-02T15:49:06.746,235.409,,9.301,128576.582,118829.938,9746.645,7.580,2047.996,0.000,0.000,6.690,3.450,2.330,208.047,1.273,0.000,0.015,3689.2,5444.0,62.0
454,2026-05-02T15:49:07.249,235.912,,9.125,128576.582,118812.199,9764.383,7.594,2047.996,0.000,0.000,6.690,3.450,2.330,216.987,0.000,0.000,0.015,4137.3,5500.0,58.0
455,2026-05-02T15:49:07.798,236.461,,8.930,128576.582,118806.836,9769.746,7.598,2047.996,0.000,0.000,6.690,3.450,2.330,197.699,0.000,0.000,0.014,2515.1,5513.4,60.0
456,2026-05-02T15:49:08.347,237.010,,7.556,128576.582,118788.766,9787.816,7.612,2047.996,0.000,0.000,6.690,3.450,2.330,195.599,0.121,0.001,0.014,3697.8,5500.0,56.0
457,2026-05-02T15:49:08.847,237.510,,7.577,128576.582,118803.695,9772.887,7.601,2047.996,0.000,0.000,6.690,3.450,2.330,223.621,0.000,0.001,0.015,3098.7,5493.0,49.0
458,2026-05-02T15:49:09.397,238.060,,9.225,128576.582,118790.109,9786.473,7.611,2047.996,0.000,0.000,6.690,3.450,2.330,200.992,0.000,0.000,0.014,2383.7,5535.0,53.0
459,2026-05-02T15:49:09.898,238.561,,11.735,128576.582,118803.383,9773.199,7.601,2047.996,0.000,0.000,6.690,3.450,2.330,220.214,0.000,0.000,0.015,2622.0,5500.0,58.0
460,2026-05-02T15:49:10.406,239.069,,11.241,128576.582,118780.891,9795.691,7.619,2047.996,0.000,0.000,6.690,3.450,2.330,195.246,0.000,0.000,0.015,1905.9,5500.0,47.0
461,2026-05-02T15:49:10.948,239.611,,18.671,128576.582,118799.629,9776.953,7.604,2047.996,0.000,0.000,8.800,3.950,2.490,205.659,0.223,0.001,0.015,2482.4,5500.0,60.0
462,2026-05-02T15:49:11.449,240.112,,15.495,128576.582,118795.473,9781.109,7.607,2047.996,0.000,0.000,8.800,3.950,2.490,217.648,0.000,0.000,0.016,2143.6,5500.0,49.0
463,2026-05-02T15:49:11.953,240.616,,15.279,128576.582,118797.934,9778.648,7.605,2047.996,0.000,0.000,8.800,3.950,2.490,197.438,0.000,0.001,0.016,2306.1,5500.0,62.0
464,2026-05-02T15:49:12.503,241.166,,14.400,128576.582,118800.273,9776.309,7.603,2047.996,0.000,0.000,8.800,3.950,2.490,207.651,0.270,0.000,0.029,4699.8,5300.1,55.0
465,2026-05-02T15:49:13.006,241.669,,10.750,128576.582,118783.348,9793.234,7.617,2047.996,0.000,0.000,8.800,3.950,2.490,217.007,1.252,0.000,0.015,2216.7,5500.0,43.9
466,2026-05-02T15:49:13.549,242.212,,9.889,128576.582,118784.516,9792.066,7.616,2047.996,0.000,0.000,8.800,3.950,2.490,197.712,0.122,0.001,0.014,1949.8,5337.6,61.0
467,2026-05-02T15:49:14.094,242.757,,7.276,128576.582,118750.625,9825.957,7.642,2047.996,0.000,0.000,8.800,3.950,2.490,207.397,0.000,0.000,0.014,4725.2,5400.1,51.0
468,2026-05-02T15:49:14.598,243.261,,10.428,128576.582,118757.633,9818.949,7.637,2047.996,0.000,0.000,8.800,3.950,2.490,218.406,0.000,0.000,0.015,3330.6,5472.1,56.0
469,2026-05-02T15:49:15.101,243.765,,12.469,128576.582,118774.508,9802.074,7.624,2047.996,0.000,0.000,8.800,3.950,2.490,232.563,0.000,0.002,0.016,2434.0,5500.0,67.0
470,2026-05-02T15:49:15.602,244.265,,12.819,128576.582,118779.840,9796.742,7.619,2047.996,0.000,0.000,8.800,3.950,2.490,240.921,0.000,0.001,0.015,2577.2,5404.3,62.0
471,2026-05-02T15:49:16.144,244.807,,9.070,128576.582,118770.812,9805.770,7.626,2047.996,0.000,0.000,8.180,3.900,2.480,236.893,0.000,0.001,0.014,1573.7,5500.0,58.0
472,2026-05-02T15:49:16.648,245.311,,10.500,128576.582,118806.449,9770.133,7.599,2047.996,0.000,0.000,8.180,3.900,2.480,198.895,0.000,0.001,0.015,2306.9,5500.0,53.0
473,2026-05-02T15:49:17.152,245.815,,26.847,128576.582,118798.523,9778.059,7.605,2047.996,0.000,0.000,8.180,3.900,2.480,183.701,0.000,0.001,0.015,2468.7,5500.0,62.0
474,2026-05-02T15:49:17.665,246.328,,20.757,128576.582,118788.711,9787.871,7.612,2047.996,0.000,0.000,8.180,3.900,2.480,211.044,0.175,0.001,0.015,3479.9,5372.2,67.0
475,2026-05-02T15:49:18.187,246.850,,32.287,128576.582,118780.988,9795.594,7.618,2047.996,0.000,0.000,8.180,3.900,2.480,220.145,0.142,0.001,0.015,2568.3,5427.1,62.0
476,2026-05-02T15:49:18.714,247.378,,32.047,128576.582,118784.715,9791.867,7.616,2047.996,0.000,0.000,8.180,3.900,2.480,216.242,1.578,0.001,0.014,3008.0,5487.9,71.0
477,2026-05-02T15:49:19.216,247.879,,29.294,128576.582,118771.734,9804.848,7.626,2047.996,0.000,0.000,8.180,3.900,2.480,182.078,0.000,0.001,0.016,2433.4,5512.1,72.0
478,2026-05-02T15:49:19.759,248.422,,28.084,128576.582,118779.340,9797.242,7.620,2047.996,0.000,0.000,8.180,3.900,2.480,188.685,0.000,0.000,0.015,1799.6,5500.0,72.0
479,2026-05-02T15:49:20.264,248.927,,33.043,128576.582,118761.812,9814.770,7.633,2047.996,0.000,0.000,8.180,3.900,2.480,196.766,0.000,0.001,0.017,3456.7,5500.0,71.0
480,2026-05-02T15:49:20.803,249.466,,12.903,128576.582,118763.324,9813.258,7.632,2047.996,0.000,0.000,7.680,3.860,2.480,202.576,0.000,0.001,0.014,2065.6,5500.0,61.0
481,2026-05-02T15:49:21.353,250.016,,16.648,128576.582,118764.320,9812.262,7.631,2047.996,0.000,0.000,7.680,3.860,2.480,229.845,0.000,0.001,0.014,4700.0,5300.1,61.0
482,2026-05-02T15:49:21.859,250.522,,31.569,128576.582,118782.195,9794.387,7.618,2047.996,0.000,0.000,7.680,3.860,2.480,232.807,0.000,0.001,0.015,1961.3,5465.4,61.0
483,2026-05-02T15:49:22.365,251.028,,32.710,128576.582,118760.348,9816.234,7.635,2047.996,0.000,0.000,7.680,3.860,2.480,236.093,0.000,0.001,0.015,2686.1,5537.4,72.0
484,2026-05-02T15:49:22.914,251.577,,25.529,128576.582,118781.777,9794.805,7.618,2047.996,0.000,0.000,7.680,3.860,2.480,242.987,0.128,0.001,0.014,1716.7,5512.7,68.0
485,2026-05-02T15:49:23.415,252.078,,16.244,128576.582,118775.605,9800.977,7.623,2047.996,0.000,0.000,7.680,3.860,2.480,242.419,0.023,0.000,0.015,2765.8,5500.1,67.0
486,2026-05-02T15:49:23.958,252.621,,17.937,128576.582,118755.074,9821.508,7.639,2047.996,0.000,0.000,7.680,3.860,2.480,247.374,0.122,0.001,0.014,2677.5,5500.0,67.0
487,2026-05-02T15:49:24.462,253.125,,13.238,128576.582,118736.023,9840.559,7.653,2047.996,0.000,0.000,7.680,3.860,2.480,229.811,0.000,0.000,0.015,3216.8,5500.0,65.0
488,2026-05-02T15:49:24.966,253.629,,23.548,128576.582,118748.359,9828.223,7.644,2047.996,0.000,0.000,7.680,3.860,2.480,257.727,1.518,0.001,0.015,2994.5,5500.0,65.0
489,2026-05-02T15:49:25.505,254.169,,16.860,128576.582,118749.152,9827.430,7.643,2047.996,0.000,0.000,7.680,3.860,2.480,252.270,0.000,0.000,0.028,2977.7,5500.0,65.0
490,2026-05-02T15:49:26.008,254.672,,18.012,128576.582,118740.883,9835.699,7.650,2047.996,0.000,0.000,9.790,4.360,2.650,239.444,0.000,0.001,0.016,2608.9,5500.0,65.0
491,2026-05-02T15:49:26.514,255.177,,17.207,128576.582,118754.395,9822.188,7.639,2047.996,0.000,0.000,9.790,4.360,2.650,220.390,0.000,0.000,0.015,2580.6,5340.4,67.0
492,2026-05-02T15:49:27.050,255.714,,16.252,128576.582,118753.125,9823.457,7.640,2047.996,0.000,0.000,9.790,4.360,2.650,271.792,0.000,0.001,0.015,2491.0,5500.0,67.0
493,2026-05-02T15:49:27.560,256.223,,12.346,128576.582,118741.328,9835.254,7.649,2047.996,0.000,0.000,9.790,4.360,2.650,276.630,0.000,0.001,0.016,1837.4,5500.0,42.9
494,2026-05-02T15:49:28.098,256.761,,14.169,128576.582,118775.832,9800.750,7.623,2047.996,0.000,0.000,9.790,4.360,2.650,276.079,0.109,0.001,0.014,3486.2,5437.2,63.0
495,2026-05-02T15:49:28.609,257.272,,14.824,128576.582,118778.984,9797.598,7.620,2047.996,0.000,0.000,9.790,4.360,2.650,273.891,0.168,0.001,0.017,2910.0,5500.0,70.0
496,2026-05-02T15:49:29.110,257.774,,14.062,128576.582,118740.922,9835.660,7.650,2047.996,0.000,0.000,9.790,4.360,2.650,278.804,0.000,0.001,0.016,2522.1,5518.6,59.0
497,2026-05-02T15:49:29.657,258.320,,15.054,128576.582,118706.875,9869.707,7.676,2047.996,0.000,0.000,9.790,4.360,2.650,275.146,0.000,0.001,0.014,2686.3,5500.0,65.0
498,2026-05-02T15:49:30.163,258.826,,13.939,128576.582,118700.645,9875.938,7.681,2047.996,0.000,0.000,9.790,4.360,2.650,276.180,0.216,0.001,0.015,2581.4,5546.2,54.0
499,2026-05-02T15:49:30.702,259.365,,12.014,128576.582,118758.121,9818.461,7.636,2047.996,0.000,0.000,9.790,4.360,2.650,257.254,1.152,0.001,0.014,1930.1,5500.0,61.0
500,2026-05-02T15:49:31.212,259.875,,12.216,128576.582,118771.766,9804.816,7.626,2047.996,0.000,0.000,9.080,4.310,2.640,250.128,0.000,0.001,0.015,3919.2,5500.0,61.0
501,2026-05-02T15:49:31.752,260.415,,13.578,128576.582,118742.137,9834.445,7.649,2047.996,0.000,0.000,9.080,4.310,2.640,260.007,1.533,0.001,0.015,2560.4,5429.8,55.0
502,2026-05-02T15:49:32.257,260.920,,14.711,128576.582,118731.207,9845.375,7.657,2047.996,0.000,0.000,9.080,4.310,2.640,248.793,0.000,0.001,0.015,2785.0,5500.0,62.0
503,2026-05-02T15:49:32.761,261.424,,17.483,128576.582,118781.906,9794.676,7.618,2047.996,0.000,0.000,9.080,4.310,2.640,260.192,0.000,0.001,0.015,2635.9,5478.9,67.0
504,2026-05-02T15:49:33.262,261.925,,17.306,128576.582,118774.270,9802.312,7.624,2047.996,0.000,0.000,9.080,4.310,2.640,248.021,0.101,0.000,0.016,2726.0,5500.0,67.0
505,2026-05-02T15:49:33.805,262.468,,16.638,128576.582,118772.066,9804.516,7.625,2047.996,0.000,0.000,9.080,4.310,2.640,215.490,0.129,0.000,0.014,4170.8,5500.0,62.0
506,2026-05-02T15:49:34.309,262.972,,17.614,128576.582,118780.941,9795.641,7.619,2047.996,0.000,0.000,9.080,4.310,2.640,243.675,0.000,0.001,0.015,2467.6,5500.0,68.0
507,2026-05-02T15:49:34.811,263.474,,17.073,128576.582,118774.953,9801.629,7.623,2047.996,0.000,0.000,9.080,4.310,2.640,251.290,0.000,0.001,0.015,2573.9,5520.8,67.0
508,2026-05-02T15:49:35.356,264.019,,12.864,128576.582,118765.840,9810.742,7.630,2047.996,0.000,0.000,9.080,4.310,2.640,241.457,0.115,0.001,0.015,2523.8,5358.9,67.0
509,2026-05-02T15:49:35.858,264.521,,15.578,128576.582,118755.293,9821.289,7.638,2047.996,0.000,0.000,8.520,4.270,2.640,207.713,0.000,0.001,0.016,2077.9,5466.9,66.0
510,2026-05-02T15:49:36.358,265.021,,12.264,128576.582,118736.457,9840.125,7.653,2047.996,0.000,0.000,8.520,4.270,2.640,239.337,0.000,0.001,0.017,2734.3,5336.2,68.0
511,2026-05-02T15:49:36.900,265.564,,13.722,128576.582,118782.520,9794.062,7.617,2047.996,0.000,0.000,8.520,4.270,2.640,243.186,0.864,0.001,0.014,2833.8,5500.0,62.0
512,2026-05-02T15:49:37.403,266.067,,13.772,128576.582,118762.684,9813.898,7.633,2047.996,0.000,0.000,8.520,4.270,2.640,224.457,0.000,0.000,0.015,2746.8,5500.0,60.0
513,2026-05-02T15:49:37.904,266.567,,15.201,128576.582,118764.773,9811.809,7.631,2047.996,0.000,0.000,8.520,4.270,2.640,248.812,0.000,0.000,0.015,3290.4,5534.4,64.0
514,2026-05-02T15:49:38.448,267.111,,14.772,128576.582,118781.523,9795.059,7.618,2047.996,0.000,0.000,8.520,4.270,2.640,237.696,0.122,0.000,0.014,3158.9,5438.2,57.0
515,2026-05-02T15:49:38.952,267.616,,10.044,128576.582,118759.105,9817.477,7.636,2047.996,0.000,0.000,8.520,4.270,2.640,226.504,0.132,0.001,0.015,2554.9,5500.0,61.0
516,2026-05-02T15:49:39.456,268.119,,10.274,128576.582,118785.535,9791.047,7.615,2047.996,0.000,0.000,8.520,4.270,2.640,242.924,0.000,0.001,0.015,2530.5,5538.2,62.0
517,2026-05-02T15:49:40.003,268.666,,10.763,128576.582,118741.238,9835.344,7.649,2047.996,0.000,0.000,8.520,4.270,2.640,248.937,0.000,0.001,0.028,2605.8,5500.0,58.0
518,2026-05-02T15:49:40.505,269.168,,10.642,128576.582,118743.699,9832.883,7.647,2047.996,0.000,0.000,8.520,4.270,2.640,268.684,0.000,0.000,0.015,2484.9,5505.0,58.0
519,2026-05-02T15:49:41.007,269.670,,11.481,128576.582,118754.402,9822.180,7.639,2047.996,0.000,0.000,8.080,4.250,2.640,266.002,0.000,0.000,0.015,3195.2,5500.0,70.0
520,2026-05-02T15:49:41.509,270.172,,11.583,128576.582,118744.234,9832.348,7.647,2047.996,0.000,0.000,8.080,4.250,2.640,263.848,0.000,0.001,0.015,1800.2,5500.0,70.0
521,2026-05-02T15:49:42.009,270.673,,11.502,128576.582,118741.957,9834.625,7.649,2047.996,0.000,0.000,8.080,4.250,2.640,275.701,0.000,0.001,0.015,2989.1,5500.0,65.0
522,2026-05-02T15:49:42.558,271.221,,12.991,128576.582,118725.465,9851.117,7.662,2047.996,0.000,0.000,8.080,4.250,2.640,274.859,1.140,0.001,0.014,3087.5,5456.1,60.0
523,2026-05-02T15:49:43.060,271.723,,9.257,128576.582,118767.012,9809.570,7.629,2047.996,0.000,0.000,8.080,4.250,2.640,277.816,0.000,0.001,0.016,2637.1,5500.0,54.0
524,2026-05-02T15:49:43.566,272.229,,12.082,128576.582,118781.512,9795.070,7.618,2047.996,0.000,0.000,8.080,4.250,2.640,275.929,0.177,0.000,0.016,2810.4,5518.8,62.0
525,2026-05-02T15:49:44.109,272.772,,13.851,128576.582,118739.855,9836.727,7.650,2047.996,0.000,0.000,8.080,4.250,2.640,276.125,0.130,0.001,0.014,3620.0,5463.1,69.0
526,2026-05-02T15:49:44.609,273.272,,10.766,128576.582,118752.145,9824.438,7.641,2047.996,0.000,0.000,8.080,4.250,2.640,276.649,0.000,0.000,0.017,2493.8,5500.0,69.0
527,2026-05-02T15:49:45.149,273.812,,7.867,128576.582,118857.211,9719.371,7.559,2047.996,0.000,0.000,8.080,4.250,2.640,277.317,0.000,0.001,0.014,2807.3,5500.0,62.0
528,2026-05-02T15:49:45.652,274.315,,8.777,128576.582,118783.672,9792.910,7.616,2047.996,0.000,0.000,8.080,4.250,2.640,276.291,0.000,0.001,0.015,2211.2,5500.0,59.0
529,2026-05-02T15:49:46.199,274.862,,7.878,128576.582,118780.309,9796.273,7.619,2047.996,0.000,0.000,7.590,4.210,2.640,278.013,0.007,0.001,0.014,2749.7,5500.0,50.0
530,2026-05-02T15:49:46.704,275.368,,7.846,128576.582,118763.949,9812.633,7.632,2047.996,0.000,0.000,7.590,4.210,2.640,275.292,0.000,0.001,0.015,3104.5,5504.5,63.0
531,2026-05-02T15:49:47.206,275.869,,9.210,128576.582,118747.840,9828.742,7.644,2047.996,0.000,0.000,7.590,4.210,2.640,275.390,0.000,0.001,0.015,4285.6,5500.0,47.0
532,2026-05-02T15:49:47.706,276.369,,11.222,128576.582,118725.395,9851.188,7.662,2047.996,0.000,0.000,7.590,4.210,2.640,274.651,0.000,0.000,0.015,2856.6,5500.0,60.0
533,2026-05-02T15:49:48.254,276.917,,8.986,128576.582,118756.488,9820.094,7.638,2047.996,0.000,0.000,7.590,4.210,2.640,275.982,0.000,0.001,0.014,2547.9,5529.7,65.0
534,2026-05-02T15:49:48.754,277.417,,10.993,128576.582,118747.309,9829.273,7.645,2047.996,0.000,0.000,7.590,4.210,2.640,277.442,1.397,0.001,0.015,2678.0,5462.3,65.0
535,2026-05-02T15:49:49.262,277.926,,8.106,128576.582,118753.734,9822.848,7.640,2047.996,0.000,0.000,7.590,4.210,2.640,275.932,0.138,0.001,0.015,2310.0,5524.9,62.0
536,2026-05-02T15:49:49.803,278.466,,9.123,128576.582,118813.867,9762.715,7.593,2047.996,0.000,0.000,7.590,4.210,2.640,278.725,0.000,0.001,0.014,2730.5,5500.0,62.0
537,2026-05-02T15:49:50.348,279.011,,10.460,128576.582,118812.395,9764.188,7.594,2047.996,0.000,0.000,7.590,4.210,2.640,277.073,0.000,0.000,0.014,2592.0,5398.1,58.0
538,2026-05-02T15:49:50.856,279.520,,10.252,128576.582,118877.121,9699.461,7.544,2047.996,0.000,0.000,7.300,4.210,2.640,276.296,0.000,0.001,0.015,3296.8,5527.4,58.0
539,2026-05-02T15:49:51.365,280.028,,11.517,128576.582,118767.191,9809.391,7.629,2047.996,0.000,0.000,7.300,4.210,2.640,276.520,0.000,0.000,0.016,2388.4,5500.0,64.0
540,2026-05-02T15:49:51.908,280.571,,10.621,128576.582,118838.113,9738.469,7.574,2047.996,0.000,0.000,7.300,4.210,2.640,272.480,0.000,0.001,0.015,2287.7,5500.0,64.0
541,2026-05-02T15:49:52.418,281.081,,8.261,128576.582,118811.109,9765.473,7.595,2047.996,0.000,0.000,7.300,4.210,2.640,277.334,0.000,0.000,0.016,1792.1,5500.0,43.9
542,2026-05-02T15:49:52.953,281.617,,10.396,128576.582,118840.785,9735.797,7.572,2047.996,0.000,0.000,7.300,4.210,2.640,273.569,0.036,0.001,0.014,2348.6,5500.0,56.0
543,2026-05-02T15:49:53.455,282.118,,11.021,128576.582,118833.676,9742.906,7.578,2047.996,0.000,0.000,7.300,4.210,2.640,280.378,0.000,0.001,0.015,2494.7,5500.0,59.0
544,2026-05-02T15:49:53.959,282.622,,12.570,128576.582,118785.238,9791.344,7.615,2047.996,0.000,0.000,7.300,4.210,2.640,277.549,0.348,0.001,0.015,2718.5,5415.2,53.0
545,2026-05-02T15:49:54.460,283.123,,12.987,128576.582,118821.449,9755.133,7.587,2047.996,0.000,0.000,7.300,4.210,2.640,276.475,0.133,0.000,0.015,3078.6,5500.0,62.0
546,2026-05-02T15:49:55.003,283.666,,16.238,128576.582,118776.230,9800.352,7.622,2047.996,0.000,0.000,7.300,4.210,2.640,275.406,1.380,0.001,0.014,2383.6,5299.5,49.0
547,2026-05-02T15:49:55.509,284.173,,13.073,128576.582,118793.090,9783.492,7.609,2047.996,0.000,0.000,7.300,4.210,2.640,275.931,0.000,0.001,0.030,2924.3,5500.0,67.0
548,2026-05-02T15:49:56.020,284.683,,17.006,128576.582,118795.176,9781.406,7.607,2047.996,0.000,0.000,7.040,4.200,2.650,275.193,0.000,0.001,0.015,3102.8,5500.0,69.0
549,2026-05-02T15:49:56.560,285.224,,15.513,128576.582,118739.312,9837.270,7.651,2047.996,0.000,0.000,7.040,4.200,2.650,276.146,0.000,0.001,0.014,2885.8,5500.0,64.0
550,2026-05-02T15:49:57.065,285.728,,14.938,128576.582,118724.945,9851.637,7.662,2047.996,0.000,0.000,7.040,4.200,2.650,276.345,0.000,0.001,0.016,2059.8,5500.1,64.0
551,2026-05-02T15:49:57.609,286.272,,14.951,128576.582,118732.910,9843.672,7.656,2047.996,0.000,0.000,7.040,4.200,2.650,275.262,0.000,0.000,0.014,2419.3,5500.7,67.0
552,2026-05-02T15:49:58.155,286.819,,16.811,128576.582,118763.129,9813.453,7.632,2047.996,0.000,0.000,7.040,4.200,2.650,279.068,0.000,0.001,0.014,4650.0,5200.1,61.0
553,2026-05-02T15:49:58.656,287.319,,14.831,128576.582,118767.551,9809.031,7.629,2047.996,0.000,0.000,7.040,4.200,2.650,278.446,0.195,0.001,0.015,2494.3,5539.9,64.0
554,2026-05-02T15:49:59.203,287.866,,14.554,128576.582,118806.602,9769.980,7.599,2047.996,0.000,0.000,7.040,4.200,2.650,274.781,0.000,0.001,0.015,2625.9,5500.0,64.0
555,2026-05-02T15:49:59.705,288.368,,11.243,128576.582,118821.469,9755.113,7.587,2047.996,0.000,0.000,7.040,4.200,2.650,276.234,0.132,0.000,0.016,2448.5,5355.6,47.0
556,2026-05-02T15:50:00.207,288.871,,11.945,128576.582,118775.590,9800.992,7.623,2047.996,0.000,0.000,7.040,4.200,2.650,276.175,0.000,0.001,0.032,2413.2,5532.9,58.0
557,2026-05-02T15:50:00.708,289.371,,9.393,128576.582,118824.906,9751.676,7.584,2047.996,0.000,0.000,7.040,4.200,2.650,276.434,0.000,0.000,0.016,2861.9,5500.0,59.0
558,2026-05-02T15:50:01.253,289.917,,12.394,128576.582,118867.031,9709.551,7.552,2047.996,0.000,0.000,6.710,4.180,2.650,275.552,1.146,0.001,0.014,2310.7,5500.0,59.0
559,2026-05-02T15:50:01.755,290.418,,10.618,128576.582,118834.953,9741.629,7.577,2047.996,0.000,0.000,6.710,4.180,2.650,277.716,0.000,0.001,0.015,2750.2,5552.9,59.0
560,2026-05-02T15:50:02.255,290.918,,9.833,128576.582,118792.953,9783.629,7.609,2047.996,0.000,0.000,6.710,4.180,2.650,272.185,0.000,0.001,0.015,2694.2,5500.0,59.0
561,2026-05-02T15:50:02.801,291.464,,9.075,128576.582,118842.203,9734.379,7.571,2047.996,0.000,0.000,6.710,4.180,2.650,282.705,0.000,0.001,0.014,2178.6,5500.0,57.0
562,2026-05-02T15:50:03.304,291.967,,11.406,128576.582,118821.160,9755.422,7.587,2047.996,0.000,0.000,6.710,4.180,2.650,271.619,0.000,0.000,0.015,2183.5,5500.0,57.0
563,2026-05-02T15:50:03.806,292.469,,11.591,128576.582,118842.770,9733.812,7.570,2047.996,0.000,0.000,6.710,4.180,2.650,275.504,0.132,0.001,0.015,2870.3,5500.0,59.0
564,2026-05-02T15:50:04.352,293.015,,10.759,128576.582,118813.582,9763.000,7.593,2047.996,0.000,0.000,6.710,4.180,2.650,278.647,0.129,0.001,0.014,3682.9,5345.2,59.0
565,2026-05-02T15:50:04.856,293.519,,9.943,128576.582,118780.660,9795.922,7.619,2047.996,0.000,0.000,6.710,4.180,2.650,274.023,0.132,0.001,0.016,2752.8,5502.6,55.0
566,2026-05-02T15:50:05.399,294.062,,7.665,128576.582,118753.605,9822.977,7.640,2047.996,0.000,0.000,6.710,4.180,2.650,276.237,0.000,0.001,0.014,2426.2,5487.2,55.0
567,2026-05-02T15:50:05.899,294.562,,7.558,128576.582,118787.828,9788.754,7.613,2047.996,0.000,0.000,6.340,4.150,2.650,276.391,0.000,0.001,0.015,2611.6,5500.0,62.0
568,2026-05-02T15:50:06.449,295.112,,8.671,128576.582,118794.266,9782.316,7.608,2047.996,0.000,0.000,6.340,4.150,2.650,276.291,0.000,0.000,0.014,2021.0,5274.9,62.0
569,2026-05-02T15:50:06.952,295.615,,11.481,128576.582,118815.363,9761.219,7.592,2047.996,0.000,0.000,6.340,4.150,2.650,277.997,1.297,0.001,0.016,2086.2,5498.0,49.0
570,2026-05-02T15:50:07.457,296.120,,12.374,128576.582,118744.254,9832.328,7.647,2047.996,0.000,0.000,6.340,4.150,2.650,277.502,0.000,0.000,0.016,3230.7,5450.0,57.0
571,2026-05-02T15:50:08.001,296.664,,12.881,128576.582,118736.652,9839.930,7.653,2047.996,0.000,0.000,6.340,4.150,2.650,273.607,0.000,0.001,0.028,2578.8,5500.0,67.0
572,2026-05-02T15:50:08.504,297.167,,8.976,128576.582,118716.762,9859.820,7.668,2047.996,0.000,0.000,6.340,4.150,2.650,255.301,0.000,0.000,0.017,2472.8,5500.0,67.0
573,2026-05-02T15:50:09.007,297.670,,11.823,128576.582,118663.988,9912.594,7.709,2047.996,0.000,0.000,6.340,4.150,2.650,272.210,0.124,0.001,0.015,2440.0,5500.0,58.0
574,2026-05-02T15:50:09.510,298.174,,12.786,128576.582,118670.332,9906.250,7.705,2047.996,0.000,0.000,6.340,4.150,2.650,270.327,2.010,0.000,0.015,2394.9,5503.6,58.0
575,2026-05-02T15:50:10.057,298.720,,9.352,128576.582,118662.219,9914.363,7.711,2047.996,0.000,0.000,6.340,4.150,2.650,270.628,0.129,0.001,0.014,2820.0,5500.0,59.0
576,2026-05-02T15:50:10.563,299.226,,13.554,128576.582,118713.090,9863.492,7.671,2047.996,0.000,0.000,6.340,4.150,2.650,258.717,0.000,0.000,0.015,2488.3,5500.0,59.0
577,2026-05-02T15:50:11.107,299.770,,18.623,128576.582,118709.914,9866.668,7.674,2047.996,0.000,0.000,6.070,4.130,2.650,260.959,0.000,0.001,0.014,2381.3,5500.0,64.0
578,2026-05-02T15:50:11.612,300.275,,17.771,128576.582,118724.992,9851.590,7.662,2047.996,0.000,0.000,6.070,4.130,2.650,259.593,0.155,0.000,0.015,2939.6,5500.0,59.0
579,2026-05-02T15:50:12.114,300.777,,16.751,128576.582,118712.645,9863.938,7.672,2047.996,0.000,0.000,6.070,4.130,2.650,261.851,0.132,0.001,0.016,1998.1,5500.0,60.0
580,2026-05-02T15:50:12.660,301.323,,13.894,128576.582,118703.430,9873.152,7.679,2047.996,0.000,0.000,6.070,4.130,2.650,272.052,0.465,0.000,0.014,2616.0,5500.0,60.0
581,2026-05-02T15:50:13.162,301.825,,14.617,128576.582,118679.051,9897.531,7.698,2047.996,0.000,0.000,6.070,4.130,2.650,278.444,0.000,0.001,0.015,2597.6,5500.0,59.0
582,2026-05-02T15:50:13.663,302.327,,15.645,128576.582,118649.777,9926.805,7.721,2047.996,0.000,0.000,6.070,4.130,2.650,262.999,0.000,0.001,0.015,2856.4,5530.2,57.0
583,2026-05-02T15:50:14.168,302.831,,14.710,128576.582,118642.180,9934.402,7.726,2047.996,0.000,0.000,6.070,4.130,2.650,276.796,0.085,0.001,0.015,2479.3,5500.0,62.0
584,2026-05-02T15:50:14.715,303.378,,15.434,128576.582,118728.625,9847.957,7.659,2047.996,0.000,0.000,6.070,4.130,2.650,276.321,0.129,0.000,0.014,2799.6,5529.1,63.0
585,2026-05-02T15:50:15.259,303.922,,15.692,128576.582,118743.371,9833.211,7.648,2047.996,0.000,0.000,6.070,4.130,2.650,275.885,0.000,0.001,0.015,2573.4,5416.9,60.0
586,2026-05-02T15:50:15.803,304.466,,14.451,128576.582,118742.285,9834.297,7.649,2047.996,0.000,0.000,5.740,4.090,2.650,278.174,0.000,0.154,0.029,2131.0,5537.4,60.0
587,2026-05-02T15:50:16.316,304.979,,13.614,128576.582,118721.590,9854.992,7.665,2047.996,0.000,0.000,5.740,4.090,2.650,275.695,0.000,0.000,0.016,3145.8,5500.0,62.0
588,2026-05-02T15:50:16.820,305.483,,15.505,128576.582,118710.199,9866.383,7.674,2047.996,0.000,0.000,5.740,4.090,2.650,277.910,0.000,0.001,0.015,2425.5,5518.0,68.0
589,2026-05-02T15:50:17.363,306.026,,15.817,128576.582,118761.668,9814.914,7.634,2047.996,0.000,0.000,5.740,4.090,2.650,273.865,0.187,0.001,0.014,2693.0,5523.8,68.0
590,2026-05-02T15:50:17.910,306.573,,14.522,128576.582,118750.477,9826.105,7.642,2047.996,0.000,0.000,5.740,4.090,2.650,275.754,0.000,0.001,0.014,2740.2,5500.0,69.0
591,2026-05-02T15:50:18.460,307.123,,15.692,128576.582,118738.113,9838.469,7.652,2047.996,0.000,0.000,5.740,4.090,2.650,276.730,1.406,0.000,0.014,3179.1,5500.0,64.0
592,2026-05-02T15:50:19.002,307.665,,12.791,128576.582,118722.273,9854.309,7.664,2047.996,0.000,0.000,5.740,4.090,2.650,275.812,0.000,0.001,0.028,1965.1,5261.7,64.0
593,2026-05-02T15:50:19.509,308.172,,12.803,128576.582,118748.559,9828.023,7.644,2047.996,0.000,0.000,5.740,4.090,2.650,275.720,0.000,0.000,0.015,3054.3,5500.0,67.0
594,2026-05-02T15:50:20.054,308.717,,9.954,128576.582,118750.707,9825.875,7.642,2047.996,0.000,0.000,5.740,4.090,2.650,249.151,0.129,0.001,0.014,2591.7,5458.6,63.0
595,2026-05-02T15:50:20.602,309.265,,15.089,128576.582,118756.898,9819.684,7.637,2047.996,0.000,0.000,5.740,4.090,2.650,243.147,0.000,0.001,0.014,2422.2,5500.0,69.0
596,2026-05-02T15:50:21.111,309.774,,11.413,128576.582,118787.094,9789.488,7.614,2047.996,0.000,0.000,5.440,4.060,2.640,247.533,0.000,0.001,0.015,2773.5,5500.0,69.0
597,2026-05-02T15:50:21.651,310.314,,13.665,128576.582,118800.879,9775.703,7.603,2047.996,0.000,0.000,5.440,4.060,2.640,253.024,0.000,0.000,0.014,2454.3,5328.7,51.0
598,2026-05-02T15:50:22.157,310.820,,11.567,128576.582,118786.730,9789.852,7.614,2047.996,0.000,0.000,5.440,4.060,2.640,263.513,0.139,0.001,0.016,2541.4,5501.3,62.0
599,2026-05-02T15:50:22.658,311.322,,15.990,128576.582,118774.398,9802.184,7.624,2047.996,0.000,0.000,5.440,4.060,2.640,259.444,0.179,0.000,0.015,2460.8,5500.0,66.0
600,2026-05-02T15:50:23.164,311.828,,15.247,128576.582,118762.566,9814.016,7.633,2047.996,0.000,0.000,5.440,4.060,2.640,258.842,0.031,0.001,0.016,2645.8,5476.8,66.0
601,2026-05-02T15:50:23.698,312.361,,13.783,128576.582,118772.137,9804.445,7.625,2047.996,0.000,0.000,5.440,4.060,2.640,258.936,0.000,0.000,0.015,4692.7,5300.1,58.0
602,2026-05-02T15:50:24.210,312.873,,13.517,128576.582,118790.867,9785.715,7.611,2047.996,0.000,0.000,5.440,4.060,2.640,236.126,0.000,0.001,0.016,2629.0,5500.0,60.0
603,2026-05-02T15:50:24.751,313.414,,9.117,128576.582,118808.582,9768.000,7.597,2047.996,0.000,0.000,5.440,4.060,2.640,240.661,1.184,0.001,0.015,3180.8,5468.1,67.0
604,2026-05-02T15:50:25.252,313.915,,10.683,128576.582,118779.062,9797.520,7.620,2047.996,0.000,0.000,5.440,4.060,2.640,222.887,0.140,0.001,0.015,2099.8,5500.0,67.0
605,2026-05-02T15:50:25.799,314.463,,8.069,128576.582,118788.996,9787.586,7.612,2047.996,0.000,0.000,5.090,4.010,2.630,228.109,0.000,0.000,0.014,2259.5,5516.3,60.0
606,2026-05-02T15:50:26.299,314.963,,12.484,128576.582,118765.602,9810.980,7.630,2047.996,0.000,0.000,5.090,4.010,2.630,230.344,0.000,0.001,0.015,2348.0,5500.0,68.0
607,2026-05-02T15:50:26.808,315.471,,7.534,128576.582,118793.719,9782.863,7.609,2047.996,0.000,0.000,5.090,4.010,2.630,257.798,0.000,0.001,0.015,2616.6,5361.8,59.0
608,2026-05-02T15:50:27.349,316.013,,15.141,128576.582,118750.168,9826.414,7.642,2047.996,0.000,0.000,5.090,4.010,2.630,247.678,0.188,0.000,0.014,2176.9,5500.0,61.0
609,2026-05-02T15:50:27.850,316.514,,9.416,128576.582,118767.797,9808.785,7.629,2047.996,0.000,0.000,5.090,4.010,2.630,229.124,0.000,0.001,0.016,3128.5,5500.1,63.0
610,2026-05-02T15:50:28.353,317.016,,14.014,128576.582,118768.875,9807.707,7.628,2047.996,0.000,0.000,5.090,4.010,2.630,255.418,0.000,0.000,0.015,2190.9,5500.0,63.0
611,2026-05-02T15:50:28.853,317.516,,12.923,128576.582,118790.523,9786.059,7.611,2047.996,0.000,0.000,5.090,4.010,2.630,249.999,0.031,0.001,0.015,2493.4,5465.0,61.0
612,2026-05-02T15:50:29.359,318.023,,13.478,128576.582,118771.430,9805.152,7.626,2047.996,0.000,0.000,5.090,4.010,2.630,250.063,0.000,0.000,0.015,2162.2,5500.0,61.0
613,2026-05-02T15:50:29.902,318.565,,15.620,128576.582,118757.461,9819.121,7.637,2047.996,0.000,0.000,5.090,4.010,2.630,241.197,0.000,0.001,0.014,1990.2,5528.9,65.0
614,2026-05-02T15:50:30.404,319.067,,11.613,128576.582,118751.285,9825.297,7.642,2047.996,0.000,0.000,5.090,4.010,2.630,227.868,0.132,0.000,0.015,2017.6,5532.9,65.0
615,2026-05-02T15:50:30.949,319.612,,12.407,128576.582,118766.328,9810.254,7.630,2047.996,0.000,0.000,4.760,3.960,2.630,221.575,1.190,0.001,0.015,4650.0,5200.1,62.0
616,2026-05-02T15:50:31.456,320.120,,21.380,128576.582,118748.891,9827.691,7.643,2047.996,0.000,0.000,4.760,3.960,2.630,199.074,0.000,0.000,0.016,2500.5,5500.0,69.0
617,2026-05-02T15:50:32.002,320.665,,23.041,128576.582,118794.945,9781.637,7.608,2047.996,0.000,0.000,4.760,3.960,2.630,239.490,0.000,0.001,0.028,2398.2,5459.9,62.0
618,2026-05-02T15:50:32.510,321.173,,19.728,128576.582,118788.801,9787.781,7.612,2047.996,0.000,0.000,4.760,3.960,2.630,240.927,0.154,0.000,0.017,2645.9,5520.4,62.0
619,2026-05-02T15:50:33.054,321.718,,18.529,128576.582,118778.391,9798.191,7.621,2047.996,0.000,0.000,4.760,3.960,2.630,230.739,0.158,0.001,0.014,2595.0,5546.6,63.0
620,2026-05-02T15:50:33.555,322.218,,18.495,128576.582,118774.582,9802.000,7.623,2047.996,0.000,0.000,4.760,3.960,2.630,233.549,0.000,0.001,0.015,2468.3,5500.0,65.0
621,2026-05-02T15:50:34.062,322.725,,11.801,128576.582,118775.039,9801.543,7.623,2047.996,0.000,0.000,4.760,3.960,2.630,229.445,0.000,0.001,0.015,3137.9,5427.0,59.0
622,2026-05-02T15:50:34.603,323.266,,12.938,128576.582,118773.789,9802.793,7.624,2047.996,0.000,0.000,4.760,3.960,2.630,238.824,0.000,0.000,0.014,2155.5,5500.0,61.0
623,2026-05-02T15:50:35.150,323.814,,12.227,128576.582,118772.770,9803.812,7.625,2047.996,0.000,0.000,4.760,3.960,2.630,189.899,0.136,0.001,0.014,2554.8,5489.2,63.0
624,2026-05-02T15:50:35.658,324.321,,16.378,128576.582,118766.246,9810.336,7.630,2047.996,0.000,0.000,4.760,3.960,2.630,228.183,0.000,0.001,0.015,2431.4,5419.0,63.0
625,2026-05-02T15:50:36.199,324.862,,12.245,128576.582,118750.355,9826.227,7.642,2047.996,0.000,0.000,4.540,3.920,2.620,236.464,0.000,0.001,0.014,2704.7,5469.1,63.0
626,2026-05-02T15:50:36.706,325.369,,15.793,128576.582,118772.719,9803.863,7.625,2047.996,0.000,0.000,4.540,3.920,2.620,224.384,1.480,0.000,0.015,2308.6,5500.0,64.0
627,2026-05-02T15:50:37.254,325.917,,16.165,128576.582,118779.113,9797.469,7.620,2047.996,0.000,0.000,4.540,3.920,2.620,242.420,0.000,0.001,0.014,2850.3,5500.0,58.0
628,2026-05-02T15:50:37.754,326.417,,14.924,128576.582,118780.578,9796.004,7.619,2047.996,0.000,0.000,4.540,3.920,2.620,235.013,0.187,0.001,0.016,2406.3,5539.9,58.0
629,2026-05-02T15:50:38.302,326.966,,11.403,128576.582,118795.293,9781.289,7.607,2047.996,0.000,0.000,4.540,3.920,2.620,240.338,0.000,0.000,0.014,1894.3,5500.0,42.9
630,2026-05-02T15:50:38.851,327.514,,11.629,128576.582,118770.113,9806.469,7.627,2047.996,0.000,0.000,4.540,3.920,2.620,235.630,0.000,0.001,0.014,2308.2,5504.1,63.0
631,2026-05-02T15:50:39.355,328.018,,11.839,128576.582,118763.836,9812.746,7.632,2047.996,0.000,0.000,4.540,3.920,2.620,251.092,0.000,0.001,0.016,2561.0,5453.9,65.0
632,2026-05-02T15:50:39.904,328.567,,10.270,128576.582,118770.930,9805.652,7.626,2047.996,0.000,0.000,4.540,3.920,2.620,209.484,0.000,0.001,0.015,2279.8,5440.7,61.0
633,2026-05-02T15:50:40.416,329.079,,14.312,128576.582,118773.793,9802.789,7.624,2047.996,0.000,0.000,4.540,3.920,2.620,274.864,0.130,0.000,0.016,2559.1,5318.1,49.0
634,2026-05-02T15:50:40.956,329.619,,12.892,128576.582,118766.965,9809.617,7.629,2047.996,0.000,0.000,4.410,3.910,2.620,278.510,0.232,0.001,0.014,2851.7,5343.8,60.0
635,2026-05-02T15:50:41.501,330.164,,13.184,128576.582,118791.797,9784.785,7.610,2047.996,0.000,0.000,4.410,3.910,2.620,277.039,0.000,0.000,0.028,2406.2,5500.0,56.0
636,2026-05-02T15:50:42.002,330.665,,12.068,128576.582,118814.238,9762.344,7.593,2047.996,0.000,0.000,4.410,3.910,2.620,274.945,0.000,0.000,0.015,2578.3,5504.1,65.0
637,2026-05-02T15:50:42.507,331.170,,11.685,128576.582,118857.801,9718.781,7.559,2047.996,0.000,0.000,4.410,3.910,2.620,245.712,0.139,0.001,0.015,2203.5,5500.0,44.9
638,2026-05-02T15:50:43.057,331.720,,10.308,128576.582,118784.355,9792.227,7.616,2047.996,0.000,0.000,4.410,3.910,2.620,253.714,1.130,0.001,0.014,2441.9,5500.0,46.0
639,2026-05-02T15:50:43.602,332.266,,10.636,128576.582,118762.023,9814.559,7.633,2047.996,0.000,0.000,4.410,3.910,2.620,238.414,0.000,0.000,0.014,2432.6,5500.0,67.0
640,2026-05-02T15:50:44.105,332.768,,11.216,128576.582,118791.430,9785.152,7.610,2047.996,0.000,0.000,4.410,3.910,2.620,256.993,0.000,0.001,0.015,2088.7,5528.4,68.0
641,2026-05-02T15:50:44.605,333.268,,11.013,128576.582,118773.191,9803.391,7.625,2047.996,0.000,0.000,4.410,3.910,2.620,239.998,0.000,0.000,0.015,2953.5,5461.9,54.0
642,2026-05-02T15:50:45.145,333.809,,10.844,128576.582,118766.320,9810.262,7.630,2047.996,0.000,0.000,4.410,3.910,2.620,254.721,0.000,0.001,0.014,2665.7,5503.7,66.0
643,2026-05-02T15:50:45.655,334.318,,10.575,128576.582,118760.309,9816.273,7.635,2047.996,0.000,0.000,4.410,3.910,2.620,243.439,2.176,0.000,0.015,2308.8,5434.7,66.0
644,2026-05-02T15:50:46.203,334.866,,10.953,128576.582,118756.141,9820.441,7.638,2047.996,0.000,0.000,4.140,3.860,2.620,235.643,0.000,0.001,0.015,2479.8,5500.0,60.0
645,2026-05-02T15:50:46.752,335.415,,10.188,128576.582,118781.336,9795.246,7.618,2047.996,0.000,0.000,4.140,3.860,2.620,255.076,0.000,0.001,0.015,3654.7,5343.1,54.0
646,2026-05-02T15:50:47.295,335.958,,10.146,128576.582,118768.391,9808.191,7.628,2047.996,0.000,0.000,4.140,3.860,2.620,271.905,0.000,0.001,0.015,2270.8,5463.3,59.0
647,2026-05-02T15:50:47.804,336.467,,10.880,128576.582,118800.457,9776.125,7.603,2047.996,0.000,0.000,4.140,3.860,2.620,244.640,0.108,0.001,0.017,2321.4,5500.6,67.0
648,2026-05-02T15:50:48.309,336.972,,13.300,128576.582,118773.977,9802.605,7.624,2047.996,0.000,0.000,4.140,3.860,2.620,264.874,0.000,0.000,0.017,3834.2,5500.0,67.0
649,2026-05-02T15:50:48.810,337.473,,14.178,128576.582,118758.758,9817.824,7.636,2047.996,0.000,0.000,4.140,3.860,2.620,271.799,0.483,0.000,0.015,2615.7,5500.0,65.0
650,2026-05-02T15:50:49.311,337.974,,31.943,128576.582,118756.277,9820.305,7.638,2047.996,0.000,0.000,4.140,3.860,2.620,260.690,0.000,0.001,0.015,2782.2,5328.8,65.0
651,2026-05-02T15:50:49.853,338.516,,12.673,128576.582,118745.660,9830.922,7.646,2047.996,0.000,0.000,4.140,3.860,2.620,274.339,0.000,0.001,0.014,2259.8,5500.0,63.0
652,2026-05-02T15:50:50.359,339.022,,11.838,128576.582,118756.516,9820.066,7.638,2047.996,0.000,0.000,4.140,3.860,2.620,232.867,0.000,0.001,0.015,2971.0,5500.0,63.0
653,2026-05-02T15:50:50.907,339.571,,16.818,128576.582,118718.363,9858.219,7.667,2047.996,0.000,0.000,3.890,3.810,2.610,246.936,0.157,0.002,0.015,2276.4,5500.0,64.0
654,2026-05-02T15:50:51.453,340.117,,10.659,128576.582,118731.531,9845.051,7.657,2047.996,0.000,0.000,3.890,3.810,2.610,244.454,0.000,0.000,0.014,2668.6,5500.0,64.0
655,2026-05-02T15:50:51.954,340.617,,11.000,128576.582,118765.180,9811.402,7.631,2047.996,0.000,0.000,3.890,3.810,2.610,229.853,0.000,0.001,0.016,2502.6,5525.5,64.0
656,2026-05-02T15:50:52.455,341.119,,14.687,128576.582,118797.609,9778.973,7.606,2047.996,0.000,0.000,3.890,3.810,2.610,241.706,0.140,0.001,0.015,2224.9,5531.2,69.0
657,2026-05-02T15:50:53.003,341.666,,15.328,128576.582,118768.145,9808.438,7.628,2047.996,0.000,0.000,3.890,3.810,2.610,205.801,0.036,0.001,0.028,2406.6,5500.0,58.0
658,2026-05-02T15:50:53.549,342.212,,13.684,128576.582,118771.426,9805.156,7.626,2047.996,0.000,0.000,3.890,3.810,2.610,228.370,0.000,0.001,0.014,2281.8,5500.0,58.0
659,2026-05-02T15:50:54.053,342.717,,13.308,128576.582,118793.602,9782.980,7.609,2047.996,0.000,0.000,3.890,3.810,2.610,229.559,0.000,0.001,0.015,2614.2,5500.0,70.0
660,2026-05-02T15:50:54.562,343.225,,23.157,128576.582,118803.078,9773.504,7.601,2047.996,0.000,0.000,3.890,3.810,2.610,244.320,0.000,0.001,0.015,2291.1,5338.6,71.0
661,2026-05-02T15:50:55.105,343.768,,17.481,128576.582,118778.613,9797.969,7.620,2047.996,0.000,0.000,3.890,3.810,2.610,206.308,1.302,0.001,0.015,2198.9,5500.0,67.0
662,2026-05-02T15:50:55.650,344.313,,13.793,128576.582,118818.180,9758.402,7.590,2047.996,0.000,0.000,3.890,3.810,2.610,187.901,0.115,0.000,0.015,2563.3,5500.0,67.0
663,2026-05-02T15:50:56.194,344.858,,8.618,128576.582,118830.980,9745.602,7.580,2047.996,0.000,0.000,3.740,3.780,2.600,187.942,0.000,0.001,0.015,2397.3,5463.3,65.0
664,2026-05-02T15:50:56.695,345.358,,10.530,128576.582,118802.676,9773.906,7.602,2047.996,0.000,0.000,3.740,3.780,2.600,188.900,0.000,0.000,0.016,1962.3,5533.5,57.0
665,2026-05-02T15:50:57.200,345.864,,9.311,128576.582,118762.586,9813.996,7.633,2047.996,0.000,0.000,3.740,3.780,2.600,225.652,0.000,0.001,0.015,3068.3,5366.7,58.0
666,2026-05-02T15:50:57.701,346.365,,11.890,128576.582,118750.801,9825.781,7.642,2047.996,0.000,0.000,3.740,3.780,2.600,246.611,0.374,0.000,0.015,1869.8,5418.4,69.0
667,2026-05-02T15:50:58.206,346.869,,16.876,128576.582,118757.641,9818.941,7.637,2047.996,0.000,0.000,3.740,3.780,2.600,268.901,0.054,0.001,0.016,2994.3,5500.8,69.0
668,2026-05-02T15:50:58.709,347.372,,17.922,128576.582,118713.750,9862.832,7.671,2047.996,0.000,0.000,3.740,3.780,2.600,277.359,0.000,0.001,0.015,1786.5,5341.1,69.0
669,2026-05-02T15:50:59.256,347.919,,15.323,128576.582,118783.590,9792.992,7.616,2047.996,0.000,0.000,3.740,3.780,2.600,277.197,0.000,0.001,0.014,2385.8,5534.6,69.0
670,2026-05-02T15:50:59.801,348.464,,16.445,128576.582,118776.340,9800.242,7.622,2047.996,0.000,0.000,3.740,3.780,2.600,268.999,0.000,0.001,0.014,1950.9,5500.0,62.0
671,2026-05-02T15:51:00.302,348.966,,10.418,128576.582,118827.301,9749.281,7.582,2047.996,0.000,0.000,3.740,3.780,2.600,253.748,0.000,0.001,0.030,3319.9,5463.4,67.0
672,2026-05-02T15:51:00.811,349.474,,11.936,128576.582,118796.074,9780.508,7.607,2047.996,0.000,0.000,3.600,3.750,2.600,262.853,1.389,0.001,0.015,2645.0,5500.0,64.0
673,2026-05-02T15:51:01.360,350.023,,12.934,128576.582,118742.367,9834.215,7.649,2047.996,0.000,0.000,3.600,3.750,2.600,243.874,0.000,0.000,0.014,3468.2,5500.0,65.0
674,2026-05-02T15:51:01.906,350.569,,12.630,128576.582,118758.371,9818.211,7.636,2047.996,0.000,0.000,3.600,3.750,2.600,245.996,0.000,0.001,0.014,2106.9,5257.6,65.0
675,2026-05-02T15:51:02.456,351.119,,12.244,128576.582,118822.492,9754.090,7.586,2047.996,0.000,0.000,3.600,3.750,2.600,200.312,0.000,0.000,0.014,2403.5,5500.0,63.0
676,2026-05-02T15:51:02.996,351.659,,14.336,128576.582,118829.602,9746.980,7.581,2047.996,0.000,0.000,3.600,3.750,2.600,223.469,0.174,0.001,0.015,3124.8,5435.7,67.0
677,2026-05-02T15:51:03.511,352.174,,13.595,128576.582,118814.234,9762.348,7.593,2047.996,0.000,0.000,3.600,3.750,2.600,246.785,0.000,0.001,0.030,2639.5,5402.1,49.0
678,2026-05-02T15:51:04.015,352.678,,19.604,128576.582,118783.453,9793.129,7.617,2047.996,0.000,0.000,3.600,3.750,2.600,262.747,0.000,0.001,0.015,2894.5,5500.0,65.0
679,2026-05-02T15:51:04.515,353.178,,21.131,128576.582,118809.500,9767.082,7.596,2047.996,0.000,0.000,3.600,3.750,2.600,268.202,0.000,0.000,0.017,2687.6,5539.0,71.0
680,2026-05-02T15:51:05.016,353.679,,14.375,128576.582,118764.828,9811.754,7.631,2047.996,0.000,0.000,3.600,3.750,2.600,222.451,0.000,0.001,0.015,2678.7,5500.0,71.0
681,2026-05-02T15:51:05.516,354.179,,13.875,128576.582,118752.367,9824.215,7.641,2047.996,0.000,0.000,3.600,3.750,2.600,236.851,0.000,0.001,0.015,3016.6,5500.0,71.0
682,2026-05-02T15:51:06.052,354.715,,14.544,128576.582,118745.812,9830.770,7.646,2047.996,0.000,0.000,3.470,3.720,2.600,246.601,0.124,0.001,0.014,1938.5,4685.8,50.0
683,2026-05-02T15:51:06.552,355.215,,12.671,128576.582,118721.844,9854.738,7.664,2047.996,0.000,0.000,3.470,3.720,2.600,210.838,0.000,0.001,0.015,2263.3,5500.0,58.0
684,2026-05-02T15:51:07.056,355.719,,10.902,128576.582,118753.895,9822.688,7.640,2047.996,0.000,0.000,3.470,3.720,2.600,198.340,1.225,0.001,0.015,2370.6,5500.0,49.0
685,2026-05-02T15:51:07.601,356.264,,10.291,128576.582,118726.465,9850.117,7.661,2047.996,0.000,0.000,3.470,3.720,2.600,228.534,0.000,0.000,0.014,2289.2,5394.1,53.0
686,2026-05-02T15:51:08.103,356.766,,11.235,128576.582,118708.695,9867.887,7.675,2047.996,0.000,0.000,3.470,3.720,2.600,223.212,0.288,0.001,0.015,2352.1,5500.0,67.0
687,2026-05-02T15:51:08.650,357.313,,9.765,128576.582,118756.805,9819.777,7.637,2047.996,0.000,0.000,3.470,3.720,2.600,225.937,0.000,0.001,0.014,2946.5,5500.0,67.0
688,2026-05-02T15:51:09.155,357.818,,11.036,128576.582,118752.879,9823.703,7.640,2047.996,0.000,0.000,3.470,3.720,2.600,229.122,0.000,0.001,0.015,2315.8,5539.0,62.0
689,2026-05-02T15:51:09.704,358.367,,11.460,128576.582,118737.195,9839.387,7.653,2047.996,0.000,0.000,3.470,3.720,2.600,246.576,0.000,0.000,0.014,3532.4,5500.0,57.0
690,2026-05-02T15:51:10.210,358.874,,15.926,128576.582,118742.562,9834.020,7.648,2047.996,0.000,0.000,3.470,3.720,2.600,240.051,0.000,0.001,0.015,2940.5,5500.0,62.0
691,2026-05-02T15:51:10.713,359.376,,22.953,128576.582,118754.473,9822.109,7.639,2047.996,0.000,0.000,3.470,3.720,2.600,260.880,0.000,0.001,0.015,2675.8,5457.6,64.0
692,2026-05-02T15:51:11.256,359.919,,17.968,128576.582,118756.559,9820.023,7.637,2047.996,0.000,0.000,3.350,3.690,2.590,258.137,0.129,0.001,0.015,2879.6,5500.0,63.0
693,2026-05-02T15:51:11.805,360.468,,12.087,128576.582,118726.871,9849.711,7.661,2047.996,0.000,0.000,3.350,3.690,2.590,245.368,0.000,0.001,0.015,2682.7,5500.0,59.0
694,2026-05-02T15:51:12.311,360.974,,20.713,128576.582,118749.918,9826.664,7.643,2047.996,0.000,0.000,3.350,3.690,2.590,240.692,0.000,0.001,0.017,3054.9,5376.1,70.0
695,2026-05-02T15:51:12.827,361.490,,20.000,128576.582,118799.113,9777.469,7.604,2047.996,0.000,0.000,3.350,3.690,2.590,276.738,1.356,0.001,0.015,2292.2,5500.0,70.0
696,2026-05-02T15:51:13.362,362.025,,27.051,128576.582,118762.762,9813.820,7.633,2047.996,0.000,0.000,3.350,3.690,2.590,260.077,0.000,0.000,0.014,2625.1,5500.0,52.0
697,2026-05-02T15:51:13.863,362.527,,29.493,128576.582,118782.551,9794.031,7.617,2047.996,0.000,0.000,3.350,3.690,2.590,273.957,0.000,0.001,0.015,3342.9,5500.0,73.0
698,2026-05-02T15:51:14.366,363.029,,27.545,128576.582,118790.727,9785.855,7.611,2047.996,0.000,0.000,3.350,3.690,2.590,275.026,0.000,0.000,0.015,2237.0,5500.0,64.0
699,2026-05-02T15:51:14.913,363.576,,19.839,128576.582,118802.738,9773.844,7.602,2047.996,0.000,0.000,3.350,3.690,2.590,275.630,0.000,0.001,0.014,2639.8,5500.0,64.0
700,2026-05-02T15:51:15.451,364.114,,13.193,128576.582,118773.223,9803.359,7.625,2047.996,0.000,0.000,3.350,3.690,2.590,244.796,0.000,0.000,0.014,4648.5,5200.2,58.0
701,2026-05-02T15:51:15.962,364.625,,20.597,128576.582,118778.762,9797.820,7.620,2047.996,0.000,0.000,3.240,3.660,2.590,245.594,0.000,0.001,0.015,3171.7,5500.0,65.0
702,2026-05-02T15:51:16.475,365.138,,16.242,128576.582,118841.742,9734.840,7.571,2047.996,0.000,0.000,3.240,3.660,2.590,210.397,0.129,0.000,0.015,3101.5,5521.2,52.0
703,2026-05-02T15:51:17.005,365.668,,15.089,128576.582,118822.984,9753.598,7.586,2047.996,0.000,0.000,3.240,3.660,2.590,203.704,0.000,0.001,0.029,2906.9,5502.2,68.0
704,2026-05-02T15:51:17.510,366.173,,13.155,128576.582,118792.793,9783.789,7.609,2047.996,0.000,0.000,3.240,3.660,2.590,183.840,0.000,0.001,0.015,2556.8,5500.1,62.0
705,2026-05-02T15:51:18.049,366.713,,8.435,128576.582,118838.969,9737.613,7.573,2047.996,0.000,0.000,3.240,3.660,2.590,165.731,0.130,0.001,0.015,2758.0,5419.9,62.0
706,2026-05-02T15:51:18.596,367.259,,6.568,128576.582,118835.766,9740.816,7.576,2047.996,0.000,0.000,3.240,3.660,2.590,193.512,0.100,0.000,0.014,3156.7,5500.0,58.0
707,2026-05-02T15:51:19.143,367.806,,6.731,128576.582,118821.117,9755.465,7.587,2047.996,0.000,0.000,3.240,3.660,2.590,169.744,1.207,0.001,0.015,1955.2,5342.0,59.0
708,2026-05-02T15:51:19.643,368.306,,5.416,128576.582,118804.918,9771.664,7.600,2047.996,0.000,0.000,3.240,3.660,2.590,162.116,0.000,0.000,0.016,1797.0,5500.0,59.0
709,2026-05-02T15:51:20.189,368.853,,4.857,128576.582,118815.488,9761.094,7.592,2047.996,0.000,0.000,3.240,3.660,2.590,159.927,0.000,0.001,0.015,3070.9,5517.7,59.0
710,2026-05-02T15:51:20.692,369.356,,5.791,128576.582,118821.105,9755.477,7.587,2047.996,0.000,0.000,3.240,3.660,2.590,159.679,0.000,0.000,0.016,4680.8,5396.4,51.0
711,2026-05-02T15:51:21.192,369.856,,6.293,128576.582,118786.258,9790.324,7.614,2047.996,0.000,0.000,3.860,3.790,2.640,144.685,0.000,0.001,0.015,1660.4,5380.4,51.0
712,2026-05-02T15:51:21.695,370.358,,9.586,128576.582,118798.312,9778.270,7.605,2047.996,0.000,0.000,3.860,3.790,2.640,146.662,0.124,0.000,0.015,2189.4,5500.0,64.0
713,2026-05-02T15:51:22.195,370.858,,7.382,128576.582,118787.918,9788.664,7.613,2047.996,0.000,0.000,3.860,3.790,2.640,186.541,0.000,0.001,0.016,2424.7,5339.9,64.0
714,2026-05-02T15:51:22.698,371.362,,8.437,128576.582,118799.422,9777.160,7.604,2047.996,0.000,0.000,3.860,3.790,2.640,184.770,0.000,0.000,0.015,3523.0,5418.4,50.0
715,2026-05-02T15:51:23.203,371.866,,10.418,128576.582,118805.973,9770.609,7.599,2047.996,0.000,0.000,3.860,3.790,2.640,237.763,0.170,0.001,0.015,3078.6,5413.0,51.0
716,2026-05-02T15:51:23.704,372.367,,12.680,128576.582,118778.645,9797.938,7.620,2047.996,0.000,0.000,3.860,3.790,2.640,214.213,2.490,0.000,0.018,2702.6,5475.2,62.0
717,2026-05-02T15:51:24.250,372.913,,9.262,128576.582,118799.566,9777.016,7.604,2047.996,0.000,0.000,3.860,3.790,2.640,206.392,0.000,0.001,0.014,3499.7,5500.0,62.0
718,2026-05-02T15:51:24.752,373.415,,10.334,128576.582,118779.676,9796.906,7.620,2047.996,0.000,0.000,3.860,3.790,2.640,205.730,0.000,0.000,0.015,3894.6,5492.0,65.0
719,2026-05-02T15:51:25.301,373.964,,7.732,128576.582,118769.766,9806.816,7.627,2047.996,0.000,0.000,3.860,3.790,2.640,243.874,0.043,0.001,0.014,2348.3,5539.6,65.0
720,2026-05-02T15:51:25.802,374.466,,10.721,128576.582,118753.832,9822.750,7.640,2047.996,0.000,0.000,3.720,3.760,2.630,223.810,0.101,0.001,0.015,2932.3,5500.0,64.0
721,2026-05-02T15:51:26.303,374.966,,8.824,128576.582,118746.230,9830.352,7.646,2047.996,0.000,0.000,3.720,3.760,2.630,217.831,0.109,0.000,0.015,2286.0,5519.0,64.0
722,2026-05-02T15:51:26.852,375.515,,10.488,128576.582,118755.031,9821.551,7.639,2047.996,0.000,0.000,3.720,3.760,2.630,254.175,0.135,0.001,0.014,2709.7,5500.0,70.0
723,2026-05-02T15:51:27.354,376.017,,9.832,128576.582,118745.207,9831.375,7.646,2047.996,0.000,0.000,3.720,3.760,2.630,230.073,0.000,0.000,0.016,3469.4,5500.0,70.0
724,2026-05-02T15:51:27.855,376.518,,9.330,128576.582,118728.754,9847.828,7.659,2047.996,0.000,0.000,3.720,3.760,2.630,217.261,0.000,0.001,0.016,3209.1,5500.0,64.0
725,2026-05-02T15:51:28.357,377.021,,9.689,128576.582,118729.988,9846.594,7.658,2047.996,0.000,0.000,3.720,3.760,2.630,214.382,0.000,0.000,0.017,2859.1,5550.9,64.0
726,2026-05-02T15:51:28.901,377.565,,8.618,128576.582,118775.520,9801.062,7.623,2047.996,0.000,0.000,3.720,3.760,2.630,227.493,0.323,0.001,0.014,2747.9,5500.0,68.0
727,2026-05-02T15:51:29.401,378.065,,8.527,128576.582,118756.883,9819.699,7.637,2047.996,0.000,0.000,3.720,3.760,2.630,269.370,0.000,0.000,0.015,2184.4,5410.7,69.0
728,2026-05-02T15:51:29.902,378.565,,7.591,128576.582,118758.875,9817.707,7.636,2047.996,0.000,0.000,3.720,3.760,2.630,231.153,0.000,0.000,0.015,2214.5,5340.8,65.0
729,2026-05-02T15:51:30.452,379.115,,7.065,128576.582,118774.773,9801.809,7.623,2047.996,0.000,0.000,3.720,3.760,2.630,213.784,1.180,0.000,0.014,2467.6,5539.9,65.0
730,2026-05-02T15:51:30.955,379.618,,9.305,128576.582,118800.512,9776.070,7.603,2047.996,0.000,0.000,3.580,3.730,2.630,232.010,0.000,0.001,0.015,2769.3,5500.0,44.0
731,2026-05-02T15:51:31.501,380.164,,10.137,128576.582,118804.555,9772.027,7.600,2047.996,0.000,0.000,3.580,3.730,2.630,219.582,0.300,0.001,0.027,2657.4,5500.0,47.0
732,2026-05-02T15:51:32.003,380.666,,8.401,128576.582,118804.129,9772.453,7.600,2047.996,0.000,0.000,3.580,3.730,2.630,221.602,0.000,0.001,0.016,3323.8,5502.3,60.0
733,2026-05-02T15:51:32.504,381.168,,9.744,128576.582,118794.164,9782.418,7.608,2047.996,0.000,0.000,3.580,3.730,2.630,220.193,0.000,0.000,0.015,3084.3,5543.3,60.0
734,2026-05-02T15:51:33.006,381.669,,14.124,128576.582,118807.812,9768.770,7.598,2047.996,0.000,0.000,3.580,3.730,2.630,219.446,0.000,0.001,0.015,2756.7,5513.5,65.0
735,2026-05-02T15:51:33.548,382.212,,13.199,128576.582,118806.086,9770.496,7.599,2047.996,0.000,0.000,3.580,3.730,2.630,217.678,0.000,0.000,0.014,2225.9,5500.0,65.0
736,2026-05-02T15:51:34.061,382.725,,16.228,128576.582,118762.266,9814.316,7.633,2047.996,0.000,0.000,3.580,3.730,2.630,223.427,0.000,0.000,0.015,2239.0,5500.0,43.9
737,2026-05-02T15:51:34.611,383.274,,15.968,128576.582,118759.566,9817.016,7.635,2047.996,0.000,0.000,3.580,3.730,2.630,229.199,0.000,0.000,0.014,2252.3,5500.0,53.0
738,2026-05-02T15:51:35.155,383.818,,13.181,128576.582,118745.219,9831.363,7.646,2047.996,0.000,0.000,3.580,3.730,2.630,241.464,0.000,0.000,0.015,2219.5,5500.0,65.0
739,2026-05-02T15:51:35.660,384.323,,13.259,128576.582,118769.652,9806.930,7.627,2047.996,0.000,0.000,3.580,3.730,2.630,226.988,0.000,0.000,0.016,2545.6,5500.0,71.0
740,2026-05-02T15:51:36.209,384.872,,11.633,128576.582,118725.773,9850.809,7.661,2047.996,0.000,0.000,3.530,3.720,2.630,248.059,0.000,0.001,0.015,2622.6,5521.3,64.0
741,2026-05-02T15:51:36.755,385.418,,12.847,128576.582,118728.902,9847.680,7.659,2047.996,0.000,0.000,3.530,3.720,2.630,249.818,1.561,0.000,0.015,2325.9,5352.7,64.0
742,2026-05-02T15:51:37.257,385.921,,10.507,128576.582,118796.926,9779.656,7.606,2047.996,0.000,0.000,3.530,3.720,2.630,247.625,0.000,0.001,0.015,2678.6,5500.0,72.0
743,2026-05-02T15:51:37.803,386.466,,10.240,128576.582,118767.113,9809.469,7.629,2047.996,0.000,0.000,3.530,3.720,2.630,256.232,0.000,0.001,0.014,3095.0,5504.2,72.0
744,2026-05-02T15:51:38.353,387.016,,8.770,128576.582,118753.949,9822.633,7.640,2047.996,0.000,0.000,3.530,3.720,2.630,248.509,0.000,0.000,0.014,3655.4,5500.0,58.0
745,2026-05-02T15:51:38.901,387.564,,7.391,128576.582,118759.855,9816.727,7.635,2047.996,0.000,0.000,3.530,3.720,2.630,217.198,0.000,0.001,0.014,2894.4,5500.0,59.0
746,2026-05-02T15:51:39.401,388.064,,6.999,128576.582,118768.672,9807.910,7.628,2047.996,0.000,0.000,3.530,3.720,2.630,225.746,0.000,0.000,0.015,3175.9,5500.0,64.0
747,2026-05-02T15:51:39.950,388.613,,6.897,128576.582,118772.934,9803.648,7.625,2047.996,0.000,0.000,3.530,3.720,2.630,244.463,0.000,0.001,0.014,2733.0,5500.0,58.0
748,2026-05-02T15:51:40.451,389.114,,6.692,128576.582,118774.078,9802.504,7.624,2047.996,0.000,0.000,3.530,3.720,2.630,229.999,0.000,0.000,0.015,2703.9,5500.0,58.0
749,2026-05-02T15:51:40.998,389.661,,6.625,128576.582,118773.734,9802.848,7.624,2047.996,0.000,0.000,3.330,3.670,2.620,222.177,0.000,0.002,0.028,2130.3,5500.0,49.0
750,2026-05-02T15:51:41.498,390.161,,6.026,128576.582,118748.582,9828.000,7.644,2047.996,0.000,0.000,3.330,3.670,2.620,222.390,0.125,0.000,0.015,2563.2,5440.4,55.0
751,2026-05-02T15:51:41.999,390.662,,6.929,128576.582,118731.164,9845.418,7.657,2047.996,0.000,0.000,3.330,3.670,2.620,249.658,0.140,0.001,0.015,2911.4,5500.0,59.0
752,2026-05-02T15:51:42.499,391.162,,6.411,128576.582,118698.812,9877.770,7.682,2047.996,0.000,0.000,3.330,3.670,2.620,239.477,0.000,0.000,0.015,3136.1,5534.9,65.0
753,2026-05-02T15:51:43.001,391.664,,7.303,128576.582,118706.676,9869.906,7.676,2047.996,0.000,0.000,3.330,3.670,2.620,260.156,1.275,0.001,0.016,3266.4,5500.1,65.0
754,2026-05-02T15:51:43.501,392.164,,6.729,128576.582,118683.695,9892.887,7.694,2047.996,0.000,0.000,3.330,3.670,2.620,241.499,0.000,0.000,0.016,2502.9,5523.4,60.0
755,2026-05-02T15:51:44.048,392.711,,7.526,128576.582,118709.965,9866.617,7.674,2047.996,0.000,0.000,3.330,3.670,2.620,230.689,0.000,0.001,0.014,3975.6,5500.0,60.0
756,2026-05-02T15:51:44.549,393.213,,7.058,128576.582,118742.094,9834.488,7.649,2047.996,0.000,0.000,3.330,3.670,2.620,246.689,0.000,0.000,0.017,2842.4,5500.0,64.0
757,2026-05-02T15:51:45.050,393.713,,8.204,128576.582,118752.148,9824.434,7.641,2047.996,0.000,0.000,3.330,3.670,2.620,228.668,0.000,0.001,0.015,2253.3,5500.0,64.0
758,2026-05-02T15:51:45.595,394.258,,7.314,128576.582,118740.148,9836.434,7.650,2047.996,0.000,0.000,3.330,3.670,2.620,196.798,0.000,0.002,0.014,3292.4,5500.0,54.0
759,2026-05-02T15:51:46.095,394.759,,5.570,128576.582,118748.250,9828.332,7.644,2047.996,0.000,0.000,3.140,3.630,2.610,189.261,0.000,0.000,0.015,4184.8,5500.1,59.0
760,2026-05-02T15:51:46.597,395.260,,5.028,128576.582,118760.691,9815.891,7.634,2047.996,0.000,0.000,3.140,3.630,2.610,204.279,0.132,0.000,0.015,2754.5,5500.0,49.0
761,2026-05-02T15:51:47.139,395.802,,9.075,128576.582,118765.301,9811.281,7.631,2047.996,0.000,0.000,3.140,3.630,2.610,207.025,0.216,0.001,0.014,2367.8,5500.0,54.0
762,2026-05-02T15:51:47.642,396.305,,5.135,128576.582,118769.203,9807.379,7.628,2047.996,0.000,0.000,3.140,3.630,2.610,206.831,0.000,0.000,0.015,1965.6,5500.0,60.0
763,2026-05-02T15:51:48.145,396.809,,5.604,128576.582,118759.508,9817.074,7.635,2047.996,0.000,0.000,3.140,3.630,2.610,244.384,0.000,0.001,0.015,2696.3,5500.0,63.0
764,2026-05-02T15:51:48.650,397.313,,8.235,128576.582,118766.555,9810.027,7.630,2047.996,0.000,0.000,3.140,3.630,2.610,228.180,0.000,0.000,0.015,2801.7,5500.0,43.9
765,2026-05-02T15:51:49.198,397.862,,7.865,128576.582,118753.289,9823.293,7.640,2047.996,0.000,0.000,3.140,3.630,2.610,234.164,1.169,0.000,0.014,2470.0,5500.0,51.0
766,2026-05-02T15:51:49.702,398.365,,8.375,128576.582,118763.770,9812.812,7.632,2047.996,0.000,0.000,3.140,3.630,2.610,218.380,0.000,0.000,0.015,2572.2,5500.0,63.0
767,2026-05-02T15:51:50.202,398.866,,9.437,128576.582,118739.238,9837.344,7.651,2047.996,0.000,0.000,3.140,3.630,2.610,213.278,0.000,0.000,0.015,3857.7,5500.0,64.0
768,2026-05-02T15:51:50.704,399.367,,8.489,128576.582,118709.215,9867.367,7.674,2047.996,0.000,0.000,3.140,3.630,2.610,224.343,0.000,0.000,0.015,2232.1,5500.0,57.0
769,2026-05-02T15:51:51.249,399.912,,11.149,128576.582,118730.773,9845.809,7.658,2047.996,0.000,0.000,2.970,3.580,2.600,220.536,0.000,0.000,0.015,2788.0,5500.0,66.0
770,2026-05-02T15:51:51.797,400.461,,9.055,128576.582,118735.645,9840.938,7.654,2047.996,0.000,0.000,2.970,3.580,2.600,186.048,0.121,0.001,0.015,2956.3,5531.2,65.0
771,2026-05-02T15:51:52.297,400.961,,8.354,128576.582,118751.480,9825.102,7.641,2047.996,0.000,0.000,2.970,3.580,2.600,206.604,0.133,0.001,0.017,2095.1,5500.0,65.0
772,2026-05-02T15:51:52.799,401.462,,9.925,128576.582,118759.504,9817.078,7.635,2047.996,0.000,0.000,2.970,3.580,2.600,225.122,0.000,0.001,0.015,3112.5,5548.2,66.0
773,2026-05-02T15:51:53.302,401.965,,13.789,128576.582,118768.102,9808.480,7.629,2047.996,0.000,0.000,2.970,3.580,2.600,203.579,0.047,0.001,0.015,2275.9,5500.0,66.0
774,2026-05-02T15:51:53.849,402.512,,12.153,128576.582,118761.688,9814.895,7.634,2047.996,0.000,0.000,2.970,3.580,2.600,202.712,0.000,0.001,0.014,3057.7,5456.7,62.0
775,2026-05-02T15:51:54.349,403.012,,12.899,128576.582,118773.902,9802.680,7.624,2047.996,0.000,0.000,2.970,3.580,2.600,210.408,0.000,0.001,0.015,2697.6,5417.7,62.0
776,2026-05-02T15:51:54.860,403.523,,24.630,128576.582,118757.469,9819.113,7.637,2047.996,0.000,0.000,2.970,3.580,2.600,207.439,1.270,0.001,0.015,3339.0,5500.0,69.0
777,2026-05-02T15:51:55.401,404.064,,23.304,128576.582,118761.035,9815.547,7.634,2047.996,0.000,0.000,2.970,3.580,2.600,205.395,0.000,0.000,0.014,3189.6,5500.0,69.0
778,2026-05-02T15:51:55.944,404.607,,14.245,128576.582,118770.848,9805.734,7.626,2047.996,0.000,0.000,2.810,3.540,2.600,211.171,0.000,0.001,0.014,2702.1,5338.1,64.0
779,2026-05-02T15:51:56.448,405.111,,9.969,128576.582,118760.359,9816.223,7.635,2047.996,0.000,0.000,2.810,3.540,2.600,202.473,0.000,0.000,0.015,3649.2,5351.5,64.0
780,2026-05-02T15:51:56.950,405.613,,15.796,128576.582,118743.738,9832.844,7.647,2047.996,0.000,0.000,2.810,3.540,2.600,204.558,0.202,0.001,0.015,2882.8,5382.7,49.0
781,2026-05-02T15:51:57.498,406.161,,10.000,128576.582,118751.289,9825.293,7.642,2047.996,0.000,0.000,2.810,3.540,2.600,228.628,0.257,0.000,0.027,2242.6,5383.7,64.0
782,2026-05-02T15:51:58.004,406.667,,10.410,128576.582,118737.395,9839.188,7.652,2047.996,0.000,0.000,2.810,3.540,2.600,221.610,0.000,0.001,0.015,2163.0,5500.0,63.0
783,2026-05-02T15:51:58.504,407.167,,11.160,128576.582,118738.066,9838.516,7.652,2047.996,0.000,0.000,2.810,3.540,2.600,227.342,0.000,0.000,0.015,2501.0,5500.0,63.0
784,2026-05-02T15:51:59.053,407.717,,11.893,128576.582,118740.652,9835.930,7.650,2047.996,0.000,0.000,2.810,3.540,2.600,247.959,0.028,0.001,0.015,1514.7,5500.0,43.9
785,2026-05-02T15:51:59.601,408.264,,12.507,128576.582,118717.789,9858.793,7.668,2047.996,0.000,0.000,2.810,3.540,2.600,200.322,0.000,0.000,0.015,2591.6,5500.0,55.0
786,2026-05-02T15:52:00.107,408.770,,17.884,128576.582,118722.086,9854.496,7.664,2047.996,0.000,0.000,2.810,3.540,2.600,198.177,0.000,0.002,0.030,2928.4,5434.9,67.0
787,2026-05-02T15:52:00.610,409.273,,24.114,128576.582,118718.258,9858.324,7.667,2047.996,0.000,0.000,2.810,3.540,2.600,219.502,0.000,0.001,0.017,1345.6,5500.0,67.0
788,2026-05-02T15:52:01.156,409.819,,31.873,128576.582,118711.086,9865.496,7.673,2047.996,0.000,0.000,2.830,3.530,2.600,211.308,1.158,0.001,0.014,2464.7,5437.0,66.0
789,2026-05-02T15:52:01.658,410.321,,30.038,128576.582,118747.352,9829.230,7.645,2047.996,0.000,0.000,2.830,3.530,2.600,204.180,0.000,0.000,0.015,2709.9,5500.0,74.0
790,2026-05-02T15:52:02.172,410.835,,29.123,128576.582,118746.969,9829.613,7.645,2047.996,0.000,0.000,2.830,3.530,2.600,182.184,0.281,0.000,0.015,2622.0,5525.7,69.0
791,2026-05-02T15:52:02.714,411.378,,31.189,128576.582,118747.062,9829.520,7.645,2047.996,0.000,0.000,2.830,3.530,2.600,180.885,0.000,0.000,0.014,1683.1,5500.0,69.0
792,2026-05-02T15:52:03.258,411.921,,24.665,128576.582,118744.727,9831.855,7.647,2047.996,0.000,0.000,2.830,3.530,2.600,167.707,0.000,0.001,0.014,2578.6,5500.0,72.0
793,2026-05-02T15:52:03.758,412.421,,31.113,128576.582,118747.797,9828.785,7.644,2047.996,0.000,0.000,2.830,3.530,2.600,274.281,2.038,0.000,0.015,3007.1,5337.1,70.0
794,2026-05-02T15:52:04.306,412.969,,17.001,128576.582,118723.891,9852.691,7.663,2047.996,0.000,0.000,2.830,3.530,2.600,210.460,0.000,0.001,0.014,2691.1,5543.6,69.0
795,2026-05-02T15:52:04.806,413.470,,45.603,128576.582,118736.863,9839.719,7.653,2047.996,0.000,0.000,2.830,3.530,2.600,227.578,0.000,0.001,0.015,2930.2,5500.0,75.0
796,2026-05-02T15:52:05.310,413.974,,28.411,128576.582,118727.965,9848.617,7.660,2047.996,0.000,0.000,2.830,3.530,2.600,230.188,0.000,0.000,0.015,3396.4,5427.0,51.0
797,2026-05-02T15:52:05.815,414.478,,25.031,128576.582,118728.449,9848.133,7.659,2047.996,0.000,0.000,2.840,3.520,2.600,237.183,0.101,0.001,0.015,2654.1,5500.0,71.0
798,2026-05-02T15:52:06.364,415.027,,16.895,128576.582,118718.445,9858.137,7.667,2047.996,0.000,0.000,2.840,3.520,2.600,244.381,0.000,0.000,0.014,2988.9,5502.8,47.0
799,2026-05-02T15:52:06.864,415.527,,18.565,128576.582,118716.629,9859.953,7.669,2047.996,0.000,0.000,2.840,3.520,2.600,246.098,0.492,0.000,0.015,2933.6,5500.0,69.0
800,2026-05-02T15:52:07.403,416.066,,16.210,128576.582,118724.484,9852.098,7.662,2047.996,0.000,0.000,2.840,3.520,2.600,245.240,0.196,0.000,0.015,2292.7,5500.0,58.0
801,2026-05-02T15:52:07.915,416.578,,17.471,128576.582,118721.105,9855.477,7.665,2047.996,0.000,0.000,2.840,3.520,2.600,239.472,0.000,0.001,0.016,3038.2,5500.0,68.0
802,2026-05-02T15:52:08.457,417.120,,18.098,128576.582,118715.922,9860.660,7.669,2047.996,0.000,0.000,2.840,3.520,2.600,246.919,0.000,0.001,0.015,3169.0,5500.0,64.0
803,2026-05-02T15:52:08.957,417.621,,13.819,128576.582,118734.738,9841.844,7.654,2047.996,0.000,0.000,2.840,3.520,2.600,254.393,0.000,0.001,0.015,2713.3,5530.4,64.0
804,2026-05-02T15:52:09.458,418.121,,15.651,128576.582,118733.664,9842.918,7.655,2047.996,0.000,0.000,2.840,3.520,2.600,240.271,0.000,0.000,0.015,3195.5,5478.9,64.0
805,2026-05-02T15:52:10.006,418.669,,19.489,128576.582,118728.230,9848.352,7.660,2047.996,0.000,0.000,2.840,3.520,2.600,266.696,0.000,0.001,0.028,3060.0,5505.7,66.0
806,2026-05-02T15:52:10.506,419.170,,14.622,128576.582,118735.258,9841.324,7.654,2047.996,0.000,0.000,2.840,3.520,2.600,255.348,0.133,0.001,0.015,2540.1,5552.9,70.0
807,2026-05-02T15:52:11.006,419.670,,11.278,128576.582,118728.094,9848.488,7.660,2047.996,0.000,0.000,2.770,3.500,2.600,266.115,0.000,0.001,0.015,3079.4,5500.0,71.0
808,2026-05-02T15:52:11.507,420.170,,16.593,128576.582,118730.789,9845.793,7.658,2047.996,0.000,0.000,2.770,3.500,2.600,266.547,0.000,0.000,0.015,2561.0,5467.4,65.0
809,2026-05-02T15:52:12.010,420.673,,14.941,128576.582,118724.000,9852.582,7.663,2047.996,0.000,0.000,2.770,3.500,2.600,273.685,0.000,0.001,0.016,2657.5,5519.0,65.0
810,2026-05-02T15:52:12.513,421.176,,13.049,128576.582,118728.137,9848.445,7.660,2047.996,0.000,0.000,2.770,3.500,2.600,274.530,1.396,0.001,0.015,2317.0,5500.0,64.0
811,2026-05-02T15:52:13.060,421.723,,16.298,128576.582,118685.000,9891.582,7.693,2047.996,0.000,0.000,2.770,3.500,2.600,277.729,0.000,0.001,0.014,3385.5,5504.5,64.0
812,2026-05-02T15:52:13.604,422.267,,21.101,128576.582,118691.930,9884.652,7.688,2047.996,0.000,0.000,2.770,3.500,2.600,277.200,0.000,0.001,0.014,3548.6,5500.0,47.0
813,2026-05-02T15:52:14.108,422.771,,10.453,128576.582,118695.234,9881.348,7.685,2047.996,0.000,0.000,2.770,3.500,2.600,256.737,0.000,0.001,0.015,3151.9,5500.0,64.0
814,2026-05-02T15:52:14.610,423.273,,13.100,128576.582,118680.711,9895.871,7.696,2047.996,0.000,0.000,2.770,3.500,2.600,244.972,0.000,0.001,0.015,2405.0,5507.2,68.0
815,2026-05-02T15:52:15.110,423.773,,12.978,128576.582,118692.699,9883.883,7.687,2047.996,0.000,0.000,2.770,3.500,2.600,248.939,0.000,0.001,0.016,3257.0,5500.0,69.0
816,2026-05-02T15:52:15.610,424.273,,12.642,128576.582,118670.289,9906.293,7.705,2047.996,0.000,0.000,2.770,3.500,2.600,250.217,0.125,0.000,0.016,2550.9,5500.0,68.0
817,2026-05-02T15:52:16.116,424.779,,18.406,128576.582,118729.516,9847.066,7.659,2047.996,0.000,0.000,2.870,3.500,2.600,264.948,0.100,0.000,0.015,2770.1,5531.4,69.0
818,2026-05-02T15:52:16.663,425.326,,19.478,128576.582,118717.758,9858.824,7.668,2047.996,0.000,0.000,2.870,3.500,2.600,221.722,0.000,0.000,0.015,1876.8,5500.0,69.0
819,2026-05-02T15:52:17.164,425.827,,15.876,128576.582,118662.324,9914.258,7.711,2047.996,0.000,0.000,2.870,3.500,2.600,242.487,0.000,0.001,0.015,2143.9,5427.4,58.0
820,2026-05-02T15:52:17.709,426.372,,14.652,128576.582,118678.531,9898.051,7.698,2047.996,0.000,0.000,2.870,3.500,2.600,247.429,0.129,0.002,0.014,2862.0,5573.3,58.0
821,2026-05-02T15:52:18.254,426.918,,13.117,128576.582,118704.789,9871.793,7.678,2047.996,0.000,0.000,2.870,3.500,2.600,262.910,0.000,0.001,0.014,2380.0,5500.0,64.0
822,2026-05-02T15:52:18.801,427.464,,15.139,128576.582,118718.707,9857.875,7.667,2047.996,0.000,0.000,2.870,3.500,2.600,207.353,1.194,0.001,0.014,2836.6,5520.2,58.0
823,2026-05-02T15:52:19.312,427.975,,17.418,128576.582,118722.926,9853.656,7.664,2047.996,0.000,0.000,2.870,3.500,2.600,233.722,0.000,0.001,0.015,3086.6,5500.0,68.0
824,2026-05-02T15:52:19.846,428.510,,10.371,128576.582,118745.957,9830.625,7.646,2047.996,0.000,0.000,2.870,3.500,2.600,229.661,0.000,0.001,0.015,2158.6,5500.0,68.0
825,2026-05-02T15:52:20.353,429.016,,12.609,128576.582,118727.293,9849.289,7.660,2047.996,0.000,0.000,2.870,3.500,2.600,216.794,0.000,0.000,0.015,2515.2,5358.8,60.0
826,2026-05-02T15:52:20.903,429.566,,13.147,128576.582,118719.430,9857.152,7.666,2047.996,0.000,0.000,2.880,3.500,2.610,257.308,0.128,0.000,0.014,2097.5,5500.0,60.0
827,2026-05-02T15:52:21.407,430.071,,15.694,128576.582,118723.121,9853.461,7.663,2047.996,0.000,0.000,2.880,3.500,2.610,257.720,0.000,0.000,0.015,3068.5,5454.3,69.0
828,2026-05-02T15:52:21.950,430.613,,12.731,128576.582,118724.203,9852.379,7.663,2047.996,0.000,0.000,2.880,3.500,2.610,217.929,0.000,0.001,0.014,2652.3,5504.3,69.0
829,2026-05-02T15:52:22.451,431.115,,8.167,128576.582,118709.012,9867.570,7.674,2047.996,0.000,0.000,2.880,3.500,2.610,240.474,0.000,0.000,0.015,2159.5,5355.3,60.0
830,2026-05-02T15:52:22.952,431.615,,9.524,128576.582,118701.191,9875.391,7.681,2047.996,0.000,0.000,2.880,3.500,2.610,238.473,0.133,0.001,0.016,2193.9,5500.0,64.0
831,2026-05-02T15:52:23.457,432.120,,10.686,128576.582,118690.102,9886.480,7.689,2047.996,0.000,0.000,2.880,3.500,2.610,257.547,0.015,0.000,0.016,1782.4,5521.0,43.9
832,2026-05-02T15:52:24.002,432.666,,9.196,128576.582,118696.789,9879.793,7.684,2047.996,0.000,0.000,2.880,3.500,2.610,274.374,0.000,0.001,0.028,3296.2,5500.0,59.0
833,2026-05-02T15:52:24.508,433.171,,10.739,128576.582,118686.688,9889.895,7.692,2047.996,0.000,0.000,2.880,3.500,2.610,265.067,0.000,0.000,0.017,2850.4,5500.0,68.0
834,2026-05-02T15:52:25.011,433.675,,12.786,128576.582,118696.348,9880.234,7.684,2047.996,0.000,0.000,2.880,3.500,2.610,276.764,1.256,0.001,0.015,2781.4,5500.0,68.0
835,2026-05-02T15:52:25.513,434.177,,11.580,128576.582,118743.180,9833.402,7.648,2047.996,0.000,0.000,2.880,3.500,2.610,277.215,0.000,0.000,0.015,1775.8,5500.2,43.9
836,2026-05-02T15:52:26.061,434.724,,12.529,128576.582,118744.086,9832.496,7.647,2047.996,0.000,0.000,3.130,3.540,2.630,275.002,0.214,0.001,0.014,2787.4,5487.4,67.0
837,2026-05-02T15:52:26.561,435.224,,13.993,128576.582,118790.301,9786.281,7.611,2047.996,0.000,0.000,3.130,3.540,2.630,279.313,0.000,0.001,0.015,2566.0,5532.5,64.0
838,2026-05-02T15:52:27.062,435.725,,14.734,128576.582,118778.121,9798.461,7.621,2047.996,0.000,0.000,3.130,3.540,2.630,273.585,0.000,0.001,0.015,2823.6,5500.1,68.0
839,2026-05-02T15:52:27.606,436.270,,11.629,128576.582,118780.828,9795.754,7.619,2047.996,0.000,0.000,3.130,3.540,2.630,276.312,0.000,0.001,0.014,1699.1,5500.0,43.9
840,2026-05-02T15:52:28.110,436.774,,8.885,128576.582,118794.801,9781.781,7.608,2047.996,0.000,0.000,3.130,3.540,2.630,279.068,0.139,0.001,0.015,2842.3,5490.0,68.0
841,2026-05-02T15:52:28.649,437.312,,9.408,128576.582,118761.969,9814.613,7.633,2047.996,0.000,0.000,3.130,3.540,2.630,274.931,0.044,0.000,0.014,3175.4,5529.7,67.0
842,2026-05-02T15:52:29.155,437.818,,9.265,128576.582,118780.320,9796.262,7.619,2047.996,0.000,0.000,3.130,3.540,2.630,279.589,0.000,0.001,0.015,2489.2,5500.0,67.0
843,2026-05-02T15:52:29.655,438.318,,7.683,128576.582,118755.520,9821.062,7.638,2047.996,0.000,0.000,3.130,3.540,2.630,274.677,0.000,0.001,0.015,2851.3,5458.8,69.0
844,2026-05-02T15:52:30.161,438.824,,9.521,128576.582,118759.508,9817.074,7.635,2047.996,0.000,0.000,3.130,3.540,2.630,276.739,0.000,0.001,0.015,2230.1,5500.0,69.0
845,2026-05-02T15:52:30.703,439.366,,9.452,128576.582,118848.805,9727.777,7.566,2047.996,0.000,0.000,3.130,3.540,2.630,274.897,0.000,0.001,0.014,3164.1,5535.5,56.0
846,2026-05-02T15:52:31.251,439.914,,8.893,128576.582,118862.805,9713.777,7.555,2047.996,0.000,0.000,3.120,3.530,2.630,278.101,1.368,0.001,0.015,2299.3,5304.1,56.0
847,2026-05-02T15:52:31.799,440.462,,7.995,128576.582,118806.320,9770.262,7.599,2047.996,0.000,0.000,3.120,3.530,2.630,275.424,0.007,0.000,0.015,4698.4,5300.1,54.0
848,2026-05-02T15:52:32.304,440.967,,9.361,128576.582,118759.117,9817.465,7.635,2047.996,0.000,0.000,3.120,3.530,2.630,275.874,0.000,0.001,0.017,3399.7,5549.1,54.0
849,2026-05-02T15:52:32.806,441.469,,10.349,128576.582,118770.199,9806.383,7.627,2047.996,0.000,0.000,3.120,3.530,2.630,278.356,0.000,0.001,0.015,3157.7,5513.5,61.0
850,2026-05-02T15:52:33.310,441.973,,9.944,128576.582,118702.480,9874.102,7.680,2047.996,0.000,0.000,3.120,3.530,2.630,275.799,0.140,0.001,0.015,2475.1,5500.8,62.0
851,2026-05-02T15:52:33.855,442.518,,10.514,128576.582,118754.105,9822.477,7.639,2047.996,0.000,0.000,3.120,3.530,2.630,277.267,0.000,0.001,0.014,3200.4,5476.7,63.0
852,2026-05-02T15:52:34.359,443.022,,11.565,128576.582,118685.102,9891.480,7.693,2047.996,0.000,0.000,3.120,3.530,2.630,274.953,0.000,0.002,0.015,2500.0,5500.0,63.0
853,2026-05-02T15:52:34.863,443.526,,12.477,128576.582,118759.301,9817.281,7.635,2047.996,0.000,0.000,3.120,3.530,2.630,276.775,0.000,0.001,0.015,2963.4,5500.0,59.0
854,2026-05-02T15:52:35.407,444.070,,11.559,128576.582,118790.590,9785.992,7.611,2047.996,0.000,0.000,3.120,3.530,2.630,278.372,0.000,0.000,0.014,2133.1,5500.0,63.0
855,2026-05-02T15:52:35.952,444.615,,11.399,128576.582,118790.016,9786.566,7.611,2047.996,0.000,0.000,3.110,3.520,2.630,277.243,0.000,0.000,0.014,2693.7,5500.0,65.0
856,2026-05-02T15:52:36.454,445.117,,10.375,128576.582,118791.527,9785.055,7.610,2047.996,0.000,0.000,3.110,3.520,2.630,274.315,0.233,0.000,0.015,2397.4,5463.4,65.0
857,2026-05-02T15:52:36.957,445.621,,9.994,128576.582,118815.141,9761.441,7.592,2047.996,0.000,0.000,3.110,3.520,2.630,274.329,1.242,0.001,0.016,2962.5,5457.0,67.0
858,2026-05-02T15:52:37.461,446.125,,11.768,128576.582,118805.078,9771.504,7.600,2047.996,0.000,0.000,3.110,3.520,2.630,278.349,0.000,0.000,0.015,2796.4,5442.9,67.0
859,2026-05-02T15:52:37.962,446.626,,13.882,128576.582,118765.148,9811.434,7.631,2047.996,0.000,0.000,3.110,3.520,2.630,276.621,0.000,0.001,0.015,2918.4,5489.9,72.0
860,2026-05-02T15:52:38.467,447.131,,14.854,128576.582,118743.160,9833.422,7.648,2047.996,0.000,0.000,3.110,3.520,2.630,278.131,0.132,0.000,0.015,3186.9,5500.0,72.0
861,2026-05-02T15:52:39.011,447.674,,13.433,128576.582,118760.824,9815.758,7.634,2047.996,0.000,0.000,3.110,3.520,2.630,275.130,0.000,0.001,0.029,2580.7,5500.0,61.0
862,2026-05-02T15:52:39.550,448.213,,14.526,128576.582,118772.672,9803.910,7.625,2047.996,0.000,0.000,3.110,3.520,2.630,276.464,0.000,0.001,0.015,4695.1,5300.1,61.0
863,2026-05-02T15:52:40.060,448.723,,16.545,128576.582,118788.898,9787.684,7.612,2047.996,0.000,0.000,3.110,3.520,2.630,278.653,0.000,0.001,0.015,2309.1,5500.0,70.0
864,2026-05-02T15:52:40.603,449.266,,14.385,128576.582,118802.133,9774.449,7.602,2047.996,0.000,0.000,3.110,3.520,2.630,274.794,0.000,0.001,0.016,3742.1,5337.2,70.0
865,2026-05-02T15:52:41.107,449.770,,13.705,128576.582,118774.898,9801.684,7.623,2047.996,0.000,0.000,3.100,3.510,2.630,277.282,0.294,0.002,0.015,3675.1,5326.9,70.0
866,2026-05-02T15:52:41.611,450.275,,16.821,128576.582,118785.336,9791.246,7.615,2047.996,0.000,0.000,3.100,3.510,2.630,275.359,0.000,0.000,0.015,2705.7,5550.5,70.0
867,2026-05-02T15:52:42.153,450.816,,13.496,128576.582,118798.367,9778.215,7.605,2047.996,0.000,0.000,3.100,3.510,2.630,280.315,0.000,0.001,0.014,2631.6,5338.5,60.0
868,2026-05-02T15:52:42.702,451.365,,10.433,128576.582,118780.023,9796.559,7.619,2047.996,0.000,0.000,3.100,3.510,2.630,277.093,1.158,0.000,0.014,2814.1,5500.0,60.0
869,2026-05-02T15:52:43.206,451.869,,10.789,128576.582,118859.320,9717.262,7.558,2047.996,0.000,0.000,3.100,3.510,2.630,271.918,0.132,0.000,0.015,2391.9,5439.4,59.0
870,2026-05-02T15:52:43.753,452.416,,12.457,128576.582,118834.219,9742.363,7.577,2047.996,0.000,0.000,3.100,3.510,2.630,281.043,1.521,0.000,0.014,2424.6,5500.0,67.0
871,2026-05-02T15:52:44.253,452.916,,10.634,128576.582,118836.387,9740.195,7.575,2047.996,0.000,0.000,3.100,3.510,2.630,273.860,0.000,0.000,0.015,2481.3,5500.0,65.0
872,2026-05-02T15:52:44.756,453.419,,12.523,128576.582,118819.199,9757.383,7.589,2047.996,0.000,0.000,3.100,3.510,2.630,276.591,0.000,0.000,0.015,2414.3,5547.4,65.0
873,2026-05-02T15:52:45.256,453.919,,8.731,128576.582,118802.730,9773.852,7.602,2047.996,0.000,0.000,3.100,3.510,2.630,276.395,0.000,0.001,0.015,1523.0,5500.0,43.9
874,2026-05-02T15:52:45.756,454.420,,10.302,128576.582,118797.727,9778.855,7.605,2047.996,0.000,0.000,3.100,3.510,2.630,277.759,0.102,0.000,0.015,1862.8,5426.7,64.0
875,2026-05-02T15:52:46.257,454.920,,11.702,128576.582,118856.387,9720.195,7.560,2047.996,0.000,0.000,3.090,3.500,2.640,275.664,0.000,0.001,0.016,3025.0,5500.0,47.0
876,2026-05-02T15:52:46.801,455.464,,9.433,128576.582,118778.484,9798.098,7.620,2047.996,0.000,0.000,3.090,3.500,2.640,279.401,0.000,0.000,0.014,2849.8,5500.0,58.0
877,2026-05-02T15:52:47.302,455.965,,9.383,128576.582,118724.789,9851.793,7.662,2047.996,0.000,0.000,3.090,3.500,2.640,276.530,0.000,0.001,0.016,2372.4,5500.0,58.0
878,2026-05-02T15:52:47.850,456.513,,8.486,128576.582,118770.977,9805.605,7.626,2047.996,0.000,0.000,3.090,3.500,2.640,271.919,0.000,0.001,0.015,2498.9,5500.0,57.0
879,2026-05-02T15:52:48.400,457.063,,9.502,128576.582,118758.578,9818.004,7.636,2047.996,0.000,0.000,3.090,3.500,2.640,277.677,0.121,0.000,0.015,2733.6,5342.1,57.0
880,2026-05-02T15:52:48.904,457.568,,16.369,128576.582,118734.023,9842.559,7.655,2047.996,0.000,0.000,3.090,3.500,2.640,275.005,0.859,0.000,0.015,2171.5,5500.0,60.0
881,2026-05-02T15:52:49.452,458.115,,13.088,128576.582,118736.348,9840.234,7.653,2047.996,0.000,0.000,3.090,3.500,2.640,277.902,0.000,0.000,0.014,2709.8,5500.0,59.0
882,2026-05-02T15:52:49.952,458.615,,12.586,128576.582,118736.668,9839.914,7.653,2047.996,0.000,0.000,3.090,3.500,2.640,276.116,0.000,0.001,0.015,2869.9,5500.0,65.0
883,2026-05-02T15:52:50.454,459.117,,11.305,128576.582,118704.414,9872.168,7.678,2047.996,0.000,0.000,3.090,3.500,2.640,277.525,0.124,0.000,0.017,2644.5,5532.0,65.0
884,2026-05-02T15:52:50.961,459.624,,11.035,128576.582,118724.574,9852.008,7.662,2047.996,0.000,0.000,3.250,3.530,2.650,270.024,0.008,0.001,0.015,3389.7,5400.0,70.0
885,2026-05-02T15:52:51.507,460.170,,11.417,128576.582,118751.227,9825.355,7.642,2047.996,0.000,0.000,3.250,3.530,2.650,272.957,0.000,0.000,0.027,2497.4,5477.5,70.0
886,2026-05-02T15:52:52.010,460.673,,10.369,128576.582,118830.277,9746.305,7.580,2047.996,0.000,0.000,3.250,3.530,2.650,267.976,0.000,0.001,0.016,1770.7,5514.8,43.9
887,2026-05-02T15:52:52.510,461.173,,17.134,128576.582,118797.004,9779.578,7.606,2047.996,0.000,0.000,3.250,3.530,2.650,259.823,0.000,0.000,0.015,2775.9,5500.1,51.0
888,2026-05-02T15:52:53.055,461.718,,15.292,128576.582,118767.215,9809.367,7.629,2047.996,0.000,0.000,3.250,3.530,2.650,271.088,0.036,0.001,0.014,2720.3,5500.0,65.0
889,2026-05-02T15:52:53.558,462.222,,14.374,128576.582,118759.582,9817.000,7.635,2047.996,0.000,0.000,3.250,3.530,2.650,274.141,0.132,0.001,0.015,2813.1,5500.0,68.0
890,2026-05-02T15:52:54.058,462.722,,13.379,128576.582,118751.328,9825.254,7.642,2047.996,0.000,0.000,3.250,3.530,2.650,259.807,0.000,0.001,0.015,3239.2,5539.3,70.0
891,2026-05-02T15:52:54.561,463.224,,14.134,128576.582,118786.000,9790.582,7.615,2047.996,0.000,0.000,3.250,3.530,2.650,251.850,1.508,0.000,0.015,2693.8,5500.1,70.0
892,2026-05-02T15:52:55.108,463.771,,17.446,128576.582,118777.141,9799.441,7.621,2047.996,0.000,0.000,3.250,3.530,2.650,268.497,0.000,0.002,0.015,3138.4,5387.2,51.0
893,2026-05-02T15:52:55.652,464.315,,14.868,128576.582,118793.254,9783.328,7.609,2047.996,0.000,0.000,3.250,3.530,2.650,275.545,0.172,0.000,0.015,2800.7,5500.0,67.0
894,2026-05-02T15:52:56.160,464.824,,14.686,128576.582,118788.992,9787.590,7.612,2047.996,0.000,0.000,3.150,3.500,2.640,276.345,0.154,0.001,0.015,2988.7,5500.0,69.0
895,2026-05-02T15:52:56.660,465.324,,15.150,128576.582,118816.453,9760.129,7.591,2047.996,0.000,0.000,3.150,3.500,2.640,274.622,0.000,0.001,0.017,2396.4,5500.0,69.0
896,2026-05-02T15:52:57.203,465.866,,12.781,128576.582,118793.988,9782.594,7.608,2047.996,0.000,0.000,3.150,3.500,2.640,276.207,0.000,0.001,0.014,2151.0,5500.0,59.0
897,2026-05-02T15:52:57.711,466.375,,16.718,128576.582,118786.621,9789.961,7.614,2047.996,0.000,0.000,3.150,3.500,2.640,276.949,0.000,0.000,0.015,2939.8,5500.0,63.0
898,2026-05-02T15:52:58.213,466.876,,13.325,128576.582,118781.176,9795.406,7.618,2047.996,0.000,0.000,3.150,3.500,2.640,273.817,0.000,0.001,0.015,2425.5,5410.7,69.0
899,2026-05-02T15:52:58.715,467.378,,15.865,128576.582,118852.652,9723.930,7.563,2047.996,0.000,0.000,3.150,3.500,2.640,276.493,0.179,0.000,0.015,2334.6,5518.3,69.0
900,2026-05-02T15:52:59.220,467.883,,13.230,128576.582,118882.824,9693.758,7.539,2047.996,0.000,0.000,3.150,3.500,2.640,277.664,0.000,0.000,0.015,3137.6,5500.0,74.0
901,2026-05-02T15:52:59.760,468.423,,14.650,128576.582,118800.543,9776.039,7.603,2047.996,0.000,0.000,3.150,3.500,2.640,278.507,0.000,0.000,0.014,2021.9,5505.9,74.0
902,2026-05-02T15:53:00.261,468.924,,13.810,128576.582,118724.598,9851.984,7.662,2047.996,0.000,0.000,3.150,3.500,2.640,275.978,0.000,0.001,0.031,2970.5,5500.0,54.0
903,2026-05-02T15:53:00.806,469.469,,14.228,128576.582,118762.281,9814.301,7.633,2047.996,0.000,0.000,5.700,4.020,2.820,277.256,1.277,0.001,0.014,2125.4,5524.7,71.0
904,2026-05-02T15:53:01.308,469.971,,13.441,128576.582,118759.066,9817.516,7.636,2047.996,0.000,0.000,5.700,4.020,2.820,276.504,0.000,0.001,0.015,2893.2,5542.3,59.0
905,2026-05-02T15:53:01.858,470.521,,10.850,128576.582,118752.883,9823.699,7.640,2047.996,0.000,0.000,5.700,4.020,2.820,239.992,0.000,0.001,0.014,2086.5,5500.0,59.0
906,2026-05-02T15:53:02.358,471.021,,14.682,128576.582,118706.691,9869.891,7.676,2047.996,0.000,0.000,5.700,4.020,2.820,244.623,0.000,0.002,0.015,3028.7,5500.0,64.0
907,2026-05-02T15:53:02.905,471.568,,12.406,128576.582,118706.824,9869.758,7.676,2047.996,0.000,0.000,5.700,4.020,2.820,241.988,0.000,0.002,0.014,2223.8,5400.3,61.0
908,2026-05-02T15:53:03.407,472.070,,13.851,128576.582,118716.172,9860.410,7.669,2047.996,0.000,0.000,5.700,4.020,2.820,263.390,0.000,0.000,0.016,3192.6,5523.2,65.0
909,2026-05-02T15:53:03.913,472.576,,17.534,128576.582,118707.328,9869.254,7.676,2047.996,0.000,0.000,5.700,4.020,2.820,260.343,0.131,0.001,0.016,2463.4,5518.2,69.0
910,2026-05-02T15:53:04.457,473.120,,15.327,128576.582,118754.605,9821.977,7.639,2047.996,0.000,0.000,5.700,4.020,2.820,265.939,0.000,0.000,0.015,2810.2,5335.5,48.0
911,2026-05-02T15:53:05.006,473.670,,12.094,128576.582,118751.148,9825.434,7.642,2047.996,0.000,0.000,5.700,4.020,2.820,240.896,0.000,0.001,0.028,2340.5,5530.9,66.0
912,2026-05-02T15:53:05.516,474.179,,12.477,128576.582,118774.266,9802.316,7.624,2047.996,0.000,0.000,5.700,4.020,2.820,235.551,0.000,0.000,0.015,1555.9,5500.0,43.9
913,2026-05-02T15:53:06.055,474.718,,11.267,128576.582,118742.664,9833.918,7.648,2047.996,0.000,0.000,5.480,4.010,2.820,233.574,0.159,0.001,0.014,2375.2,5500.0,64.0
914,2026-05-02T15:53:06.601,475.264,,11.016,128576.582,118786.891,9789.691,7.614,2047.996,0.000,0.000,5.480,4.010,2.820,221.846,0.000,0.000,0.014,1987.8,5500.0,58.0
915,2026-05-02T15:53:07.147,475.810,,9.765,128576.582,118805.664,9770.918,7.599,2047.996,0.000,0.000,5.480,4.010,2.820,237.895,1.129,0.001,0.014,2436.6,5500.0,62.0
916,2026-05-02T15:53:07.697,476.360,,7.710,128576.582,118756.469,9820.113,7.638,2047.996,0.000,0.000,5.480,4.010,2.820,259.631,0.000,0.001,0.014,2643.6,5550.9,60.0
917,2026-05-02T15:53:08.197,476.860,,15.106,128576.582,118757.117,9819.465,7.637,2047.996,0.000,0.000,5.480,4.010,2.820,238.109,0.000,0.001,0.015,2688.2,5478.6,60.0
918,2026-05-02T15:53:08.700,477.363,,11.330,128576.582,118747.652,9828.930,7.644,2047.996,0.000,0.000,5.480,4.010,2.820,238.350,0.000,0.001,0.015,2710.2,5538.5,69.0
919,2026-05-02T15:53:09.203,477.866,,11.761,128576.582,118774.766,9801.816,7.623,2047.996,0.000,0.000,5.480,4.010,2.820,237.153,0.132,0.001,0.015,2709.8,5500.0,69.0
920,2026-05-02T15:53:09.708,478.371,,15.660,128576.582,118771.879,9804.703,7.626,2047.996,0.000,0.000,5.480,4.010,2.820,260.219,0.000,0.000,0.015,2788.0,5515.6,59.0
921,2026-05-02T15:53:10.252,478.915,,14.138,128576.582,118756.262,9820.320,7.638,2047.996,0.000,0.000,5.480,4.010,2.820,250.726,0.000,0.000,0.014,3023.6,5500.0,62.0
922,2026-05-02T15:53:10.801,479.465,,12.751,128576.582,118726.281,9850.301,7.661,2047.996,0.000,0.000,7.770,4.500,2.990,239.222,0.121,0.000,0.014,2241.6,5422.0,66.0
923,2026-05-02T15:53:11.303,479.966,,12.883,128576.582,118740.688,9835.895,7.650,2047.996,0.000,0.000,7.770,4.500,2.990,242.137,0.000,0.001,0.016,2620.8,5466.7,66.0
924,2026-05-02T15:53:11.803,480.466,,21.263,128576.582,118753.367,9823.215,7.640,2047.996,0.000,0.000,7.770,4.500,2.990,209.957,0.000,0.001,0.019,2569.7,5528.8,69.0
925,2026-05-02T15:53:12.308,480.971,,14.838,128576.582,118765.391,9811.191,7.631,2047.996,0.000,0.000,7.770,4.500,2.990,215.354,0.000,0.001,0.017,3356.9,5472.7,69.0
926,2026-05-02T15:53:12.856,481.520,,15.358,128576.582,118760.527,9816.055,7.634,2047.996,0.000,0.000,7.770,4.500,2.990,232.574,1.174,0.001,0.014,3045.9,5530.6,60.0
927,2026-05-02T15:53:13.358,482.021,,14.020,128576.582,118751.441,9825.141,7.641,2047.996,0.000,0.000,7.770,4.500,2.990,238.771,0.000,0.001,0.015,3148.8,5500.0,60.0
928,2026-05-02T15:53:13.859,482.522,,14.850,128576.582,118752.133,9824.449,7.641,2047.996,0.000,0.000,7.770,4.500,2.990,228.538,0.132,0.001,0.015,2971.6,5500.0,67.0
929,2026-05-02T15:53:14.361,483.024,,15.822,128576.582,118754.016,9822.566,7.639,2047.996,0.000,0.000,7.770,4.500,2.990,220.685,0.000,0.001,0.015,2455.6,5500.0,63.0
930,2026-05-02T15:53:14.904,483.567,,11.621,128576.582,118740.559,9836.023,7.650,2047.996,0.000,0.000,7.770,4.500,2.990,242.869,0.000,0.001,0.014,2710.9,5500.0,63.0
931,2026-05-02T15:53:15.454,484.117,,11.224,128576.582,118754.375,9822.207,7.639,2047.996,0.000,0.000,7.770,4.500,2.990,241.273,0.000,0.000,0.014,3044.3,5529.6,63.0
932,2026-05-02T15:53:16.003,484.666,,11.895,128576.582,118749.547,9827.035,7.643,2047.996,0.000,0.000,9.950,5.010,3.160,202.498,0.213,0.000,0.028,2080.7,5349.0,50.0
933,2026-05-02T15:53:16.503,485.167,,17.801,128576.582,118751.812,9824.770,7.641,2047.996,0.000,0.000,9.950,5.010,3.160,212.359,0.000,0.000,0.015,1994.0,5500.0,68.0
934,2026-05-02T15:53:17.003,485.667,,12.903,128576.582,118777.344,9799.238,7.621,2047.996,0.000,0.000,9.950,5.010,3.160,206.775,0.000,0.001,0.015,2605.1,5526.6,69.0
935,2026-05-02T15:53:17.509,486.172,,15.950,128576.582,118772.965,9803.617,7.625,2047.996,0.000,0.000,9.950,5.010,3.160,275.657,0.000,0.000,0.015,2780.2,5491.4,69.0
936,2026-05-02T15:53:18.055,486.718,,17.972,128576.582,118788.562,9788.020,7.613,2047.996,0.000,0.000,9.950,5.010,3.160,207.466,0.000,0.002,0.015,4639.5,5300.3,66.0
937,2026-05-02T15:53:18.604,487.268,,15.604,128576.582,118797.754,9778.828,7.605,2047.996,0.000,0.000,9.950,5.010,3.160,249.992,1.315,0.000,0.014,2286.9,5500.8,59.0
938,2026-05-02T15:53:19.107,487.770,,14.018,128576.582,118814.891,9761.691,7.592,2047.996,0.000,0.000,9.950,5.010,3.160,245.001,0.132,0.001,0.016,2669.8,5543.0,64.0
939,2026-05-02T15:53:19.609,488.272,,16.035,128576.582,118778.016,9798.566,7.621,2047.996,0.000,0.000,9.950,5.010,3.160,240.348,0.000,0.001,0.016,2224.9,5002.0,64.0
940,2026-05-02T15:53:20.112,488.775,,13.168,128576.582,118780.043,9796.539,7.619,2047.996,0.000,0.000,9.950,5.010,3.160,247.251,0.000,0.001,0.015,2840.7,5458.6,59.0
941,2026-05-02T15:53:20.656,489.319,,8.113,128576.582,118776.930,9799.652,7.622,2047.996,0.000,0.000,9.950,5.010,3.160,272.467,0.000,0.000,0.015,1654.9,5500.0,59.0
942,2026-05-02T15:53:21.203,489.866,,10.704,128576.582,118752.676,9823.906,7.641,2047.996,0.000,0.000,9.310,4.960,3.150,263.081,0.121,0.000,0.014,4699.4,5300.1,55.0
943,2026-05-02T15:53:21.714,490.378,,9.693,128576.582,118756.117,9820.465,7.638,2047.996,0.000,0.000,9.310,4.960,3.150,268.512,1.993,0.001,0.015,2402.4,5500.0,70.0
944,2026-05-02T15:53:22.251,490.914,,10.554,128576.582,118758.332,9818.250,7.636,2047.996,0.000,0.000,9.310,4.960,3.150,250.969,0.000,0.001,0.016,2624.7,5332.5,46.0
945,2026-05-02T15:53:22.755,491.418,,12.062,128576.582,118734.750,9841.832,7.654,2047.996,0.000,0.000,9.310,4.960,3.150,236.935,0.000,0.001,0.015,3080.0,5477.8,64.0
946,2026-05-02T15:53:23.256,491.919,,11.970,128576.582,118761.816,9814.766,7.633,2047.996,0.000,0.000,9.310,4.960,3.150,248.157,0.023,0.001,0.015,2370.5,5340.8,63.0
947,2026-05-02T15:53:23.792,492.455,,15.610,128576.582,118783.969,9792.613,7.616,2047.996,0.000,0.000,9.310,4.960,3.150,253.383,0.168,0.001,0.014,4515.1,5326.2,63.0
948,2026-05-02T15:53:24.303,492.966,,15.076,128576.582,118769.016,9807.566,7.628,2047.996,0.000,0.000,9.310,4.960,3.150,232.538,0.138,0.000,0.015,2530.6,5500.0,58.0
949,2026-05-02T15:53:24.807,493.470,,13.863,128576.582,118777.242,9799.340,7.621,2047.996,0.000,0.000,9.310,4.960,3.150,265.230,0.480,0.000,0.015,3045.2,5534.6,58.0
950,2026-05-02T15:53:25.354,494.017,,13.083,128576.582,118736.652,9839.930,7.653,2047.996,0.000,0.000,9.310,4.960,3.150,237.724,0.000,0.001,0.014,2952.9,5500.0,63.0
951,2026-05-02T15:53:25.903,494.566,,12.271,128576.582,118758.074,9818.508,7.636,2047.996,0.000,0.000,11.290,5.440,3.320,260.710,0.000,0.001,0.014,2654.0,5500.0,63.0
952,2026-05-02T15:53:26.450,495.113,,9.002,128576.582,118752.250,9824.332,7.641,2047.996,0.000,0.000,11.290,5.440,3.320,263.713,0.064,0.000,0.014,2282.5,5485.0,65.0
953,2026-05-02T15:53:26.957,495.620,,11.725,128576.582,118707.875,9868.707,7.675,2047.996,0.000,0.000,11.290,5.440,3.320,263.360,0.000,0.000,0.016,3196.5,5537.7,63.0
954,2026-05-02T15:53:27.465,496.128,,11.779,128576.582,118690.215,9886.367,7.689,2047.996,0.000,0.000,11.290,5.440,3.320,245.950,0.008,0.000,0.016,2783.9,5372.7,63.0
955,2026-05-02T15:53:28.006,496.669,,14.931,128576.582,118727.328,9849.254,7.660,2047.996,0.000,0.000,11.290,5.440,3.320,275.909,0.000,0.001,0.028,3298.0,5528.5,60.0
956,2026-05-02T15:53:28.507,497.170,,13.557,128576.582,118691.605,9884.977,7.688,2047.996,0.000,0.000,11.290,5.440,3.320,267.865,0.148,0.001,0.017,2817.8,5500.0,65.0
957,2026-05-02T15:53:29.007,497.670,,13.396,128576.582,118697.352,9879.230,7.684,2047.996,0.000,0.000,11.290,5.440,3.320,275.978,0.039,0.001,0.015,3488.9,5448.3,65.0
958,2026-05-02T15:53:29.507,498.171,,13.546,128576.582,118704.551,9872.031,7.678,2047.996,0.000,0.000,11.290,5.440,3.320,249.988,0.141,0.001,0.015,2617.6,5500.9,65.0
959,2026-05-02T15:53:30.007,498.671,,14.062,128576.582,118708.062,9868.520,7.675,2047.996,0.000,0.000,11.290,5.440,3.320,212.915,0.000,0.000,0.015,2519.2,5461.1,69.0
960,2026-05-02T15:53:30.553,499.216,,12.658,128576.582,118691.227,9885.355,7.688,2047.996,0.000,0.000,11.290,5.440,3.320,264.493,0.000,0.001,0.014,2643.7,5427.4,70.0
961,2026-05-02T15:53:31.056,499.719,,13.498,128576.582,118736.684,9839.898,7.653,2047.996,0.000,0.000,13.110,5.920,3.480,243.966,1.257,0.001,0.016,2473.4,5500.0,70.0
962,2026-05-02T15:53:31.598,500.261,,13.233,128576.582,118723.484,9853.098,7.663,2047.996,0.000,0.000,13.110,5.920,3.480,239.826,0.000,0.000,0.014,4693.9,5300.1,62.0
963,2026-05-02T15:53:32.103,500.767,,16.292,128576.582,118739.422,9837.160,7.651,2047.996,0.000,0.000,13.110,5.920,3.480,215.759,0.000,0.001,0.015,2204.1,5364.5,59.0
964,2026-05-02T15:53:32.605,501.269,,15.287,128576.582,118779.742,9796.840,7.619,2047.996,0.000,0.000,13.110,5.920,3.480,225.063,0.000,0.001,0.015,2313.6,4672.3,57.0
965,2026-05-02T15:53:33.154,501.817,,14.900,128576.582,118777.348,9799.234,7.621,2047.996,0.000,0.000,13.110,5.920,3.480,233.547,0.000,0.001,0.014,1873.9,5500.0,67.0
966,2026-05-02T15:53:33.654,502.318,,16.729,128576.582,118795.035,9781.547,7.608,2047.996,0.000,0.000,13.110,5.920,3.480,232.084,0.156,0.000,0.015,2521.4,5500.0,67.0
967,2026-05-02T15:53:34.160,502.824,,24.892,128576.582,118793.555,9783.027,7.609,2047.996,0.000,0.000,13.110,5.920,3.480,224.826,0.139,0.001,0.015,2919.7,5500.0,65.0
968,2026-05-02T15:53:34.662,503.325,,18.216,128576.582,118795.562,9781.020,7.607,2047.996,0.000,0.000,13.110,5.920,3.480,201.368,0.140,0.000,0.015,2147.7,5500.0,69.0
969,2026-05-02T15:53:35.200,503.863,,12.677,128576.582,118780.086,9796.496,7.619,2047.996,0.000,0.000,13.110,5.920,3.480,175.546,0.000,0.001,0.015,2919.8,5500.0,69.0
970,2026-05-02T15:53:35.743,504.406,,6.686,128576.582,118776.707,9799.875,7.622,2047.996,0.000,0.000,13.110,5.920,3.480,191.135,0.000,0.000,0.015,2218.6,5453.0,68.0
971,2026-05-02T15:53:36.264,504.927,,13.357,128576.582,118769.973,9806.609,7.627,2047.996,0.000,0.000,12.300,5.870,3.480,212.727,0.000,0.001,0.016,2733.5,5368.8,68.0
972,2026-05-02T15:53:36.769,505.432,,13.146,128576.582,118772.879,9803.703,7.625,2047.996,0.000,0.000,12.300,5.870,3.480,217.879,1.478,0.000,0.015,2278.6,5498.0,67.0
973,2026-05-02T15:53:37.304,505.967,,12.412,128576.582,118806.543,9770.039,7.599,2047.996,0.000,0.000,12.300,5.870,3.480,259.793,0.000,0.001,0.014,2754.3,5500.0,67.0
974,2026-05-02T15:53:37.804,506.467,,14.206,128576.582,118775.125,9801.457,7.623,2047.996,0.000,0.000,12.300,5.870,3.480,276.468,0.000,0.001,0.015,2728.3,5532.2,65.0
975,2026-05-02T15:53:38.310,506.973,,18.142,128576.582,118765.820,9810.762,7.630,2047.996,0.000,0.000,12.300,5.870,3.480,275.712,0.000,0.000,0.015,2827.8,5500.0,67.0
976,2026-05-02T15:53:38.857,507.520,,16.283,128576.582,118770.383,9806.199,7.627,2047.996,0.000,0.000,12.300,5.870,3.480,279.303,0.121,0.001,0.014,2631.4,5500.0,67.0
977,2026-05-02T15:53:39.357,508.021,,20.225,128576.582,118768.129,9808.453,7.628,2047.996,0.000,0.000,12.300,5.870,3.480,244.022,0.000,0.001,0.015,4111.3,5500.0,72.0
978,2026-05-02T15:53:39.906,508.569,,11.394,128576.582,118809.055,9767.527,7.597,2047.996,0.000,0.000,12.300,5.870,3.480,261.475,0.128,0.000,0.014,2763.1,5293.2,72.0
979,2026-05-02T15:53:40.409,509.072,,13.769,128576.582,118800.660,9775.922,7.603,2047.996,0.000,0.000,12.300,5.870,3.480,266.947,0.000,0.000,0.015,2718.6,5422.6,72.0
980,2026-05-02T15:53:40.909,509.573,,13.262,128576.582,118780.277,9796.305,7.619,2047.996,0.000,0.000,11.470,5.800,3.470,253.838,0.000,0.001,0.015,2933.2,5500.0,72.0
981,2026-05-02T15:53:41.454,510.118,,15.636,128576.582,118758.004,9818.578,7.636,2047.996,0.000,0.000,11.470,5.800,3.470,236.692,0.000,0.000,0.014,3842.5,5452.4,69.0
982,2026-05-02T15:53:41.956,510.619,,19.152,128576.582,118730.430,9846.152,7.658,2047.996,0.000,0.000,11.470,5.800,3.470,194.195,0.000,0.000,0.015,3090.9,5500.0,69.0
983,2026-05-02T15:53:42.500,511.164,,12.007,128576.582,118746.508,9830.074,7.645,2047.996,0.000,0.000,11.470,5.800,3.470,223.308,0.000,0.000,0.028,2454.4,5536.4,60.0
984,2026-05-02T15:53:43.044,511.708,,16.060,128576.582,118773.516,9803.066,7.624,2047.996,0.000,0.000,11.470,5.800,3.470,249.440,1.164,0.001,0.015,4698.9,5300.1,59.0
985,2026-05-02T15:53:43.565,512.228,,28.168,128576.582,118756.016,9820.566,7.638,2047.996,0.000,0.000,11.470,5.800,3.470,271.336,0.000,0.000,0.015,2206.6,5500.0,57.0
986,2026-05-02T15:53:44.113,512.776,,19.647,128576.582,118761.305,9815.277,7.634,2047.996,0.000,0.000,11.470,5.800,3.470,276.420,0.214,0.000,0.014,2877.9,5500.0,57.0
987,2026-05-02T15:53:44.614,513.277,,16.677,128576.582,118734.961,9841.621,7.654,2047.996,0.000,0.000,11.470,5.800,3.470,213.952,0.125,0.000,0.017,2182.8,5500.0,62.0
988,2026-05-02T15:53:45.158,513.821,,14.817,128576.582,118781.922,9794.660,7.618,2047.996,0.000,0.000,11.470,5.800,3.470,236.010,0.000,0.001,0.014,2885.0,5500.0,63.0
989,2026-05-02T15:53:45.658,514.322,,18.624,128576.582,118760.270,9816.312,7.635,2047.996,0.000,0.000,11.470,5.800,3.470,207.971,0.000,0.001,0.015,2350.1,5500.0,69.0
990,2026-05-02T15:53:46.195,514.858,,11.277,128576.582,118783.336,9793.246,7.617,2047.996,0.000,0.000,10.950,5.790,3.480,229.038,0.000,0.001,0.014,2332.3,5339.7,59.0
991,2026-05-02T15:53:46.699,515.362,,12.700,128576.582,118787.934,9788.648,7.613,2047.996,0.000,0.000,10.950,5.790,3.480,208.408,0.000,0.000,0.015,2620.3,5343.3,65.0
992,2026-05-02T15:53:47.202,515.865,,9.476,128576.582,118760.090,9816.492,7.635,2047.996,0.000,0.000,10.950,5.790,3.480,205.781,0.000,0.000,0.015,2337.8,5500.0,65.0
993,2026-05-02T15:53:47.749,516.413,,11.587,128576.582,118759.418,9817.164,7.635,2047.996,0.000,0.000,10.950,5.790,3.480,242.982,0.000,0.001,0.014,2896.2,5509.4,67.0
994,2026-05-02T15:53:48.253,516.917,,11.173,128576.582,118779.137,9797.445,7.620,2047.996,0.000,0.000,10.950,5.790,3.480,224.285,0.000,0.001,0.015,2330.9,5500.0,67.0
995,2026-05-02T15:53:48.756,517.419,,11.713,128576.582,118776.105,9800.477,7.622,2047.996,0.000,0.000,10.950,5.790,3.480,222.403,1.244,0.000,0.015,2463.9,5540.7,69.0
996,2026-05-02T15:53:49.260,517.923,,12.369,128576.582,118740.523,9836.059,7.650,2047.996,0.000,0.000,10.950,5.790,3.480,249.766,0.132,0.001,0.015,3141.9,5547.8,69.0
997,2026-05-02T15:53:49.760,518.423,,19.751,128576.582,118733.836,9842.746,7.655,2047.996,0.000,0.000,10.950,5.790,3.480,244.431,0.148,0.001,0.016,3400.5,5500.0,56.0
998,2026-05-02T15:53:50.306,518.969,,14.063,128576.582,118706.105,9870.477,7.677,2047.996,0.000,0.000,10.950,5.790,3.480,262.159,0.000,0.001,0.014,3655.5,5420.9,69.0
999,2026-05-02T15:53:50.811,519.474,,16.408,128576.582,118697.848,9878.734,7.683,2047.996,0.000,0.000,12.880,6.280,3.650,272.300,0.000,0.001,0.015,2964.7,5381.5,60.0
1000,2026-05-02T15:53:51.314,519.977,,16.562,128576.582,118701.137,9875.445,7.681,2047.996,0.000,0.000,12.880,6.280,3.650,237.123,0.000,0.000,0.016,2500.9,5500.0,60.0
1001,2026-05-02T15:53:51.858,520.521,,16.715,128576.582,118692.797,9883.785,7.687,2047.996,0.000,0.000,12.880,6.280,3.650,250.480,0.000,0.001,0.015,2899.7,5500.0,64.0
1002,2026-05-02T15:53:52.376,521.039,,27.907,128576.582,118726.707,9849.875,7.661,2047.996,0.000,0.000,12.880,6.280,3.650,269.191,0.000,0.001,0.016,4391.1,5275.6,64.0
1003,2026-05-02T15:53:52.914,521.577,,29.350,128576.582,118764.758,9811.824,7.631,2047.996,0.000,0.000,12.880,6.280,3.650,262.143,0.036,0.001,0.015,4649.9,5200.4,71.0
1004,2026-05-02T15:53:53.418,522.081,,38.793,128576.582,118769.992,9806.590,7.627,2047.996,0.000,0.000,12.880,6.280,3.650,265.281,0.000,0.000,0.015,2164.9,5550.0,71.0
1005,2026-05-02T15:53:53.961,522.624,,28.155,128576.582,118740.520,9836.062,7.650,2047.996,0.000,0.000,12.880,6.280,3.650,275.881,0.180,0.001,0.014,2572.0,5500.0,71.0
1006,2026-05-02T15:53:54.463,523.126,,13.025,128576.582,118760.719,9815.863,7.634,2047.996,0.000,0.000,12.880,6.280,3.650,277.723,0.000,0.000,0.015,3144.9,5500.0,71.0
1007,2026-05-02T15:53:54.975,523.638,,16.919,128576.582,118816.203,9760.379,7.591,2047.996,0.000,0.000,12.880,6.280,3.650,237.278,1.633,0.001,0.015,2732.8,5492.9,67.0
1008,2026-05-02T15:53:55.510,524.174,,13.866,128576.582,118826.258,9750.324,7.583,2047.996,0.000,0.000,12.880,6.280,3.650,234.877,0.000,0.001,0.028,2817.7,5462.1,68.0
1009,2026-05-02T15:53:56.056,524.719,,15.516,128576.582,118817.660,9758.922,7.590,2047.996,0.000,0.000,12.010,6.200,3.640,207.769,0.000,0.001,0.014,1740.1,5530.7,68.0
1010,2026-05-02T15:53:56.593,525.256,,9.666,128576.582,118830.027,9746.555,7.580,2047.996,0.000,0.000,12.010,6.200,3.640,179.617,0.000,0.000,0.014,4677.7,5300.1,54.0
1011,2026-05-02T15:53:57.093,525.757,,12.742,128576.582,118865.562,9711.020,7.553,2047.996,0.000,0.000,12.010,6.200,3.640,180.787,0.000,0.001,0.015,2707.2,5495.4,64.0
1012,2026-05-02T15:53:57.596,526.259,,8.406,128576.582,118831.781,9744.801,7.579,2047.996,0.000,0.000,12.010,6.200,3.640,185.225,0.000,0.000,0.015,2624.1,5500.1,65.0
1013,2026-05-02T15:53:58.144,526.807,,6.476,128576.582,118831.129,9745.453,7.579,2047.996,0.000,0.000,12.010,6.200,3.640,152.975,0.000,0.001,0.014,2926.4,5406.7,65.0
1014,2026-05-02T15:53:58.688,527.352,,5.984,128576.582,118847.098,9729.484,7.567,2047.996,0.000,0.000,12.010,6.200,3.640,176.560,0.036,0.001,0.014,3100.9,5502.2,57.0
1015,2026-05-02T15:53:59.193,527.856,,6.454,128576.582,118841.766,9734.816,7.571,2047.996,0.000,0.000,12.010,6.200,3.640,138.809,0.349,0.001,0.016,2343.9,5500.0,60.0
1016,2026-05-02T15:53:59.693,528.356,,4.991,128576.582,118831.684,9744.898,7.579,2047.996,0.000,0.000,12.010,6.200,3.640,167.828,2.483,0.000,0.016,3181.9,5467.3,49.0
1017,2026-05-02T15:54:00.195,528.858,,6.034,128576.582,118839.059,9737.523,7.573,2047.996,0.000,0.000,12.010,6.200,3.640,163.401,0.148,0.001,0.032,2446.4,5500.0,49.0
1018,2026-05-02T15:54:00.695,529.358,,6.285,128576.582,118845.785,9730.797,7.568,2047.996,0.000,0.000,12.010,6.200,3.640,146.904,0.000,0.000,0.016,2365.4,5500.0,58.0
1019,2026-05-02T15:54:01.195,529.859,,7.188,128576.582,118832.055,9744.527,7.579,2047.996,0.000,0.000,11.130,6.120,3.630,160.950,0.000,0.001,0.015,2086.1,5500.1,64.0
1020,2026-05-02T15:54:01.698,530.361,,8.546,128576.582,118859.652,9716.930,7.557,2047.996,0.000,0.000,11.130,6.120,3.630,198.898,0.148,0.001,0.015,2107.6,5500.0,63.0
1021,2026-05-02T15:54:02.241,530.905,,6.457,128576.582,118859.875,9716.707,7.557,2047.996,0.000,0.000,11.130,6.120,3.630,196.901,0.000,0.001,0.014,2479.0,5500.0,63.0
1022,2026-05-02T15:54:02.749,531.412,,10.767,128576.582,118853.105,9723.477,7.562,2047.996,0.000,0.000,11.130,6.120,3.630,224.253,0.000,0.000,0.015,4180.8,5500.0,60.0
1023,2026-05-02T15:54:03.249,531.912,,10.371,128576.582,118829.203,9747.379,7.581,2047.996,0.000,0.000,11.130,6.120,3.630,198.541,0.000,0.000,0.016,3696.5,5500.0,61.0
1024,2026-05-02T15:54:03.754,532.418,,8.904,128576.582,118831.297,9745.285,7.579,2047.996,0.000,0.000,11.130,6.120,3.630,223.973,0.000,0.000,0.015,2673.8,5495.9,65.0
1025,2026-05-02T15:54:04.298,532.961,,8.683,128576.582,118828.105,9748.477,7.582,2047.996,0.000,0.000,11.130,6.120,3.630,227.144,0.000,0.001,0.014,3419.3,5425.6,65.0
1026,2026-05-02T15:54:04.806,533.470,,11.179,128576.582,118815.164,9761.418,7.592,2047.996,0.000,0.000,11.130,6.120,3.630,217.773,0.069,0.001,0.015,2580.6,5339.8,65.0
1027,2026-05-02T15:54:05.354,534.017,,10.086,128576.582,118816.332,9760.250,7.591,2047.996,0.000,0.000,11.130,6.120,3.630,233.901,0.121,0.000,0.014,2932.7,5500.0,66.0
1028,2026-05-02T15:54:05.895,534.558,,10.490,128576.582,118800.223,9776.359,7.604,2047.996,0.000,0.000,10.390,6.050,3.620,256.366,1.176,0.001,0.014,2515.2,5500.0,63.0
1029,2026-05-02T15:54:06.405,535.068,,8.723,128576.582,118779.977,9796.605,7.619,2047.996,0.000,0.000,10.390,6.050,3.620,227.148,0.000,0.000,0.015,2357.0,5500.0,64.0
1030,2026-05-02T15:54:06.952,535.615,,10.769,128576.582,118783.500,9793.082,7.617,2047.996,0.000,0.000,10.390,6.050,3.620,201.023,0.114,0.001,0.015,2668.7,5425.7,68.0
1031,2026-05-02T15:54:07.502,536.165,,9.380,128576.582,118755.652,9820.930,7.638,2047.996,0.000,0.000,10.390,6.050,3.620,232.350,0.000,0.001,0.028,3261.1,5500.0,68.0
1032,2026-05-02T15:54:08.004,536.667,,8.589,128576.582,118765.602,9810.980,7.630,2047.996,0.000,0.000,10.390,6.050,3.620,229.308,0.000,0.001,0.015,2553.2,5522.0,56.0
1033,2026-05-02T15:54:08.505,537.169,,7.716,128576.582,118757.738,9818.844,7.637,2047.996,0.000,0.000,10.390,6.050,3.620,259.356,0.000,0.000,0.017,2355.4,5421.3,59.0
1034,2026-05-02T15:54:09.053,537.716,,9.400,128576.582,118742.148,9834.434,7.649,2047.996,0.000,0.000,10.390,6.050,3.620,244.029,0.000,0.001,0.014,2477.0,5472.1,64.0
1035,2026-05-02T15:54:09.596,538.259,,7.884,128576.582,118744.867,9831.715,7.647,2047.996,0.000,0.000,10.390,6.050,3.620,209.013,0.000,0.001,0.014,3069.4,5399.0,64.0
1036,2026-05-02T15:54:10.101,538.764,,9.176,128576.582,118714.477,9862.105,7.670,2047.996,0.000,0.000,10.390,6.050,3.620,222.639,0.000,0.001,0.015,2663.2,5500.0,70.0
1037,2026-05-02T15:54:10.604,539.267,,10.772,128576.582,118739.641,9836.941,7.651,2047.996,0.000,0.000,10.390,6.050,3.620,218.608,0.140,0.000,0.015,2532.8,5471.4,70.0
1038,2026-05-02T15:54:11.105,539.768,,12.577,128576.582,118746.980,9829.602,7.645,2047.996,0.000,0.000,9.720,5.980,3.610,218.014,0.000,0.000,0.015,2336.9,5442.6,63.0
1039,2026-05-02T15:54:11.605,540.268,,8.972,128576.582,118771.027,9805.555,7.626,2047.996,0.000,0.000,9.720,5.980,3.610,209.926,0.125,0.000,0.015,3325.5,5565.5,67.0
1040,2026-05-02T15:54:12.106,540.769,,8.365,128576.582,118770.059,9806.523,7.627,2047.996,0.000,0.000,9.720,5.980,3.610,223.562,0.094,0.001,0.016,3228.9,5519.8,60.0
1041,2026-05-02T15:54:12.610,541.273,,13.778,128576.582,118787.016,9789.566,7.614,2047.996,0.000,0.000,9.720,5.980,3.610,231.315,0.000,0.000,0.015,2668.7,5500.0,60.0
1042,2026-05-02T15:54:13.159,541.822,,15.735,128576.582,118750.781,9825.801,7.642,2047.996,0.000,0.000,9.720,5.980,3.610,218.148,1.131,0.000,0.014,3315.8,5497.2,67.0
1043,2026-05-02T15:54:13.700,542.363,,14.873,128576.582,118775.551,9801.031,7.623,2047.996,0.000,0.000,9.720,5.980,3.610,245.863,0.000,0.001,0.015,2281.8,5531.2,67.0
1044,2026-05-02T15:54:14.207,542.870,,11.077,128576.582,118765.918,9810.664,7.630,2047.996,0.000,0.000,9.720,5.980,3.610,240.554,0.000,0.001,0.015,2570.3,5500.0,71.0
1045,2026-05-02T15:54:14.707,543.370,,13.497,128576.582,118755.969,9820.613,7.638,2047.996,0.000,0.000,9.720,5.980,3.610,228.800,0.000,0.000,0.015,3179.2,5500.0,71.0
1046,2026-05-02T15:54:15.255,543.918,,11.625,128576.582,118772.332,9804.250,7.625,2047.996,0.000,0.000,9.720,5.980,3.610,246.286,0.000,0.002,0.015,2703.3,5500.0,70.0
1047,2026-05-02T15:54:15.758,544.421,,10.775,128576.582,118769.273,9807.309,7.628,2047.996,0.000,0.000,9.720,5.980,3.610,259.814,0.132,0.001,0.016,2750.9,5391.8,70.0
1048,2026-05-02T15:54:16.258,544.921,,10.287,128576.582,118767.602,9808.980,7.629,2047.996,0.000,0.000,9.180,5.930,3.610,232.794,0.000,0.001,0.017,3280.1,5478.4,69.0
1049,2026-05-02T15:54:16.795,545.458,,10.041,128576.582,118760.121,9816.461,7.635,2047.996,0.000,0.000,9.180,5.930,3.610,266.048,0.124,0.000,0.014,3924.7,5500.0,69.0
1050,2026-05-02T15:54:17.301,545.964,,8.736,128576.582,118749.445,9827.137,7.643,2047.996,0.000,0.000,9.180,5.930,3.610,255.728,0.000,0.001,0.015,2294.7,5500.0,67.0
1051,2026-05-02T15:54:17.801,546.464,,7.170,128576.582,118731.504,9845.078,7.657,2047.996,0.000,0.000,9.180,5.930,3.610,202.521,0.000,0.000,0.016,3258.7,5506.6,67.0
1052,2026-05-02T15:54:18.302,546.965,,8.354,128576.582,118737.789,9838.793,7.652,2047.996,0.000,0.000,9.180,5.930,3.610,231.613,0.000,0.001,0.015,2826.6,5500.0,68.0
1053,2026-05-02T15:54:18.844,547.507,,7.892,128576.582,118749.754,9826.828,7.643,2047.996,0.000,0.000,9.180,5.930,3.610,222.420,1.241,0.001,0.014,4706.8,5373.5,68.0
1054,2026-05-02T15:54:19.348,548.011,,7.554,128576.582,118726.055,9850.527,7.661,2047.996,0.000,0.000,9.180,5.930,3.610,254.917,0.000,0.001,0.015,4487.7,5499.9,64.0
1055,2026-05-02T15:54:19.898,548.561,,6.081,128576.582,118748.684,9827.898,7.644,2047.996,0.000,0.000,9.180,5.930,3.610,209.229,0.000,0.001,0.015,2047.0,5339.1,64.0
1056,2026-05-02T15:54:20.400,549.064,,6.293,128576.582,118748.633,9827.949,7.644,2047.996,0.000,0.000,9.180,5.930,3.610,235.642,0.000,0.001,0.015,3094.7,5500.0,59.0
1057,2026-05-02T15:54:20.902,549.565,,5.727,128576.582,118743.965,9832.617,7.647,2047.996,0.000,0.000,8.530,5.850,3.590,233.221,0.132,0.001,0.015,4096.1,5489.2,59.0
1058,2026-05-02T15:54:21.442,550.106,,7.416,128576.582,118776.148,9800.434,7.622,2047.996,0.000,0.000,8.530,5.850,3.590,252.582,0.000,0.000,0.014,2254.2,5500.0,67.0
1059,2026-05-02T15:54:21.953,550.616,,6.769,128576.582,118759.059,9817.523,7.636,2047.996,0.000,0.000,8.530,5.850,3.590,257.996,0.245,0.001,0.015,3330.5,5500.0,67.0
1060,2026-05-02T15:54:22.453,551.116,,7.143,128576.582,118734.789,9841.793,7.654,2047.996,0.000,0.000,8.530,5.850,3.590,237.509,0.000,0.001,0.015,3954.4,5500.0,61.0
1061,2026-05-02T15:54:23.000,551.663,,8.167,128576.582,118746.211,9830.371,7.646,2047.996,0.000,0.000,8.530,5.850,3.590,237.362,0.014,0.001,0.029,2131.5,5417.7,66.0
1062,2026-05-02T15:54:23.500,552.163,,7.292,128576.582,118737.461,9839.121,7.652,2047.996,0.000,0.000,8.530,5.850,3.590,248.859,0.000,0.001,0.016,2989.9,5500.0,67.0
1063,2026-05-02T15:54:24.004,552.667,,8.516,128576.582,118738.344,9838.238,7.652,2047.996,0.000,0.000,8.530,5.850,3.590,217.992,0.000,0.001,0.015,2497.4,5500.0,67.0
1064,2026-05-02T15:54:24.542,553.205,,5.562,128576.582,118778.141,9798.441,7.621,2047.996,0.000,0.000,8.530,5.850,3.590,189.002,1.154,0.000,0.016,4636.5,5424.8,49.0
1065,2026-05-02T15:54:25.048,553.711,,6.266,128576.582,118790.855,9785.727,7.611,2047.996,0.000,0.000,8.530,5.850,3.590,181.361,0.000,0.001,0.015,2159.1,5328.5,61.0
1066,2026-05-02T15:54:25.594,554.257,,5.193,128576.582,118795.191,9781.391,7.607,2047.996,0.000,0.000,8.530,5.850,3.590,199.596,0.129,0.000,0.014,4729.6,5400.1,50.0
1067,2026-05-02T15:54:26.098,554.761,,6.425,128576.582,118793.461,9783.121,7.609,2047.996,0.000,0.000,7.930,5.770,3.580,220.221,0.000,0.001,0.015,2317.6,5500.0,60.0
1068,2026-05-02T15:54:26.598,555.261,,6.578,128576.582,118765.039,9811.543,7.631,2047.996,0.000,0.000,7.930,5.770,3.580,246.969,0.000,0.001,0.016,2347.0,5500.0,67.0
1069,2026-05-02T15:54:27.101,555.764,,6.955,128576.582,118788.379,9788.203,7.613,2047.996,0.000,0.000,7.930,5.770,3.580,220.264,0.202,0.000,0.016,2495.3,5500.0,67.0
1070,2026-05-02T15:54:27.601,556.264,,8.276,128576.582,118792.875,9783.707,7.609,2047.996,0.000,0.000,7.930,5.770,3.580,228.438,0.000,0.000,0.015,2098.3,5500.0,58.0
1071,2026-05-02T15:54:28.105,556.769,,10.087,128576.582,118786.523,9790.059,7.614,2047.996,0.000,0.000,7.930,5.770,3.580,222.470,0.000,0.001,0.015,3308.9,5500.0,60.0
1072,2026-05-02T15:54:28.649,557.313,,10.436,128576.582,118739.492,9837.090,7.651,2047.996,0.000,0.000,7.930,5.770,3.580,225.167,0.043,0.000,0.014,3284.0,5515.2,70.0
1073,2026-05-02T15:54:29.152,557.815,,9.434,128576.582,118746.641,9829.941,7.645,2047.996,0.000,0.000,7.930,5.770,3.580,212.569,0.000,0.001,0.015,2706.9,5500.0,70.0
1074,2026-05-02T15:54:29.699,558.362,,10.932,128576.582,118793.742,9782.840,7.609,2047.996,0.000,0.000,7.930,5.770,3.580,201.003,0.000,0.000,0.014,3032.4,5535.9,70.0
1075,2026-05-02T15:54:30.201,558.864,,10.173,128576.582,118798.543,9778.039,7.605,2047.996,0.000,0.000,7.930,5.770,3.580,219.641,0.000,0.000,0.015,1755.4,5500.0,70.0
1076,2026-05-02T15:54:30.748,559.411,,10.074,128576.582,118795.383,9781.199,7.607,2047.996,0.000,0.000,7.930,5.770,3.580,206.617,1.257,0.000,0.014,4621.8,5301.9,59.0
1077,2026-05-02T15:54:31.249,559.912,,14.753,128576.582,118771.219,9805.363,7.626,2047.996,0.000,0.000,7.450,5.710,3.570,173.171,0.000,0.001,0.016,2546.6,5537.9,67.0
1078,2026-05-02T15:54:31.793,560.456,,13.732,128576.582,118772.734,9803.848,7.625,2047.996,0.000,0.000,7.450,5.710,3.570,242.580,0.000,0.000,0.015,4685.6,5400.4,48.0
1079,2026-05-02T15:54:32.300,560.963,,17.786,128576.582,118754.059,9822.523,7.639,2047.996,0.000,0.000,7.450,5.710,3.570,177.620,0.370,0.001,0.017,2434.9,5500.0,48.0
1080,2026-05-02T15:54:32.816,561.479,,19.879,128576.582,118739.035,9837.547,7.651,2047.996,0.000,0.000,7.450,5.710,3.570,214.157,0.000,0.001,0.015,2432.2,5510.3,52.0
1081,2026-05-02T15:54:33.347,562.010,,11.527,128576.582,118721.621,9854.961,7.665,2047.996,0.000,0.000,7.450,5.710,3.570,222.167,0.000,0.000,0.014,2555.6,5519.3,63.0
1082,2026-05-02T15:54:33.853,562.516,,18.002,128576.582,118723.707,9852.875,7.663,2047.996,0.000,0.000,7.450,5.710,3.570,209.055,0.000,0.001,0.016,2765.2,5464.4,71.0
1083,2026-05-02T15:54:34.353,563.016,,10.599,128576.582,118719.250,9857.332,7.667,2047.996,0.000,0.000,7.450,5.710,3.570,195.333,0.000,0.000,0.015,2435.8,5549.5,71.0
1084,2026-05-02T15:54:34.854,563.517,,5.754,128576.582,118741.020,9835.562,7.650,2047.996,0.000,0.000,7.450,5.710,3.570,208.099,0.000,0.001,0.015,1326.0,5504.3,47.0
1085,2026-05-02T15:54:35.354,564.017,,11.342,128576.582,118723.949,9852.633,7.663,2047.996,0.000,0.000,7.450,5.710,3.570,219.428,0.000,0.000,0.015,2896.4,5500.0,54.0
1086,2026-05-02T15:54:35.902,564.566,,14.253,128576.582,118715.582,9861.000,7.669,2047.996,0.000,0.000,7.170,5.680,3.570,222.590,0.121,0.001,0.014,2271.1,5471.8,56.0
1087,2026-05-02T15:54:36.404,565.067,,13.911,128576.582,118720.812,9855.770,7.665,2047.996,0.000,0.000,7.170,5.680,3.570,229.505,0.000,0.000,0.015,3330.3,5500.0,64.0
1088,2026-05-02T15:54:36.907,565.570,,11.768,128576.582,118750.348,9826.234,7.642,2047.996,0.000,0.000,7.170,5.680,3.570,209.250,1.460,0.001,0.015,2969.4,5478.5,64.0
1089,2026-05-02T15:54:37.409,566.072,,16.429,128576.582,118750.723,9825.859,7.642,2047.996,0.000,0.000,7.170,5.680,3.570,218.488,1.745,0.000,0.015,3462.9,5434.2,64.0
1090,2026-05-02T15:54:37.913,566.576,,29.600,128576.582,118774.664,9801.918,7.623,2047.996,0.000,0.000,7.170,5.680,3.570,198.371,0.000,0.001,0.015,2855.6,5500.0,65.0
1091,2026-05-02T15:54:38.416,567.079,,29.426,128576.582,118779.043,9797.539,7.620,2047.996,0.000,0.000,7.170,5.680,3.570,207.135,0.000,0.000,0.015,4649.7,5200.4,66.0
1092,2026-05-02T15:54:38.953,567.617,,41.481,128576.582,118790.578,9786.004,7.611,2047.996,0.000,0.000,7.170,5.680,3.570,220.097,0.000,0.001,0.015,2340.8,5028.4,57.0
1093,2026-05-02T15:54:39.468,568.131,,31.582,128576.582,118779.863,9796.719,7.619,2047.996,0.000,0.000,7.170,5.680,3.570,200.003,0.099,0.000,0.015,4650.0,5200.1,64.0
1094,2026-05-02T15:54:40.000,568.663,,36.870,128576.582,118790.895,9785.688,7.611,2047.996,0.000,0.000,7.170,5.680,3.570,165.479,0.000,0.001,0.029,2380.5,5500.0,79.0
1095,2026-05-02T15:54:40.521,569.184,,42.961,128576.582,118794.656,9781.926,7.608,2047.996,0.000,0.000,7.170,5.680,3.570,172.636,0.000,0.001,0.016,1980.6,5500.0,79.0
1096,2026-05-02T15:54:41.056,569.719,,22.378,128576.582,118794.238,9782.344,7.608,2047.996,0.000,0.000,7.000,5.670,3.580,254.771,0.131,0.001,0.015,2779.8,5514.5,67.0
1097,2026-05-02T15:54:41.568,570.232,,21.710,128576.582,118763.441,9813.141,7.632,2047.996,0.000,0.000,7.000,5.670,3.580,218.738,0.000,0.000,0.015,3178.0,5473.1,73.0
1098,2026-05-02T15:54:42.068,570.732,,27.010,128576.582,118764.352,9812.230,7.631,2047.996,0.000,0.000,7.000,5.670,3.580,241.340,0.000,0.001,0.016,2558.1,5417.5,73.0
1099,2026-05-02T15:54:42.613,571.276,,26.331,128576.582,118739.012,9837.570,7.651,2047.996,0.000,0.000,7.000,5.670,3.580,232.752,0.789,0.000,0.014,1528.1,5500.0,70.0
1100,2026-05-02T15:54:43.114,571.777,,27.875,128576.582,118721.289,9855.293,7.665,2047.996,0.000,0.000,7.000,5.670,3.580,243.973,0.000,0.001,0.015,2798.1,5466.1,69.0
1101,2026-05-02T15:54:43.616,572.279,,17.145,128576.582,118726.258,9850.324,7.661,2047.996,0.000,0.000,7.000,5.670,3.580,238.489,0.000,0.000,0.015,2851.6,5460.4,69.0
1102,2026-05-02T15:54:44.160,572.824,,15.991,128576.582,118724.617,9851.965,7.662,2047.996,0.000,0.000,7.000,5.670,3.580,238.749,0.000,0.001,0.014,3100.2,5524.0,66.0
1103,2026-05-02T15:54:44.661,573.324,,15.940,128576.582,118718.707,9857.875,7.667,2047.996,0.000,0.000,7.000,5.670,3.580,245.262,0.133,0.000,0.015,2874.0,5470.1,69.0
1104,2026-05-02T15:54:45.202,573.865,,14.834,128576.582,118720.453,9856.129,7.666,2047.996,0.000,0.000,7.000,5.670,3.580,250.022,0.000,0.000,0.014,2711.7,5374.8,69.0
1105,2026-05-02T15:54:45.712,574.375,,13.877,128576.582,118711.301,9865.281,7.673,2047.996,0.000,0.000,7.000,5.670,3.580,238.552,0.000,0.001,0.015,2238.3,5530.7,67.0
1106,2026-05-02T15:54:46.213,574.876,,19.735,128576.582,118703.492,9873.090,7.679,2047.996,0.000,0.000,6.520,5.590,3.560,260.545,0.133,0.000,0.015,3109.2,5481.3,64.0
1107,2026-05-02T15:54:46.756,575.420,,19.392,128576.582,118707.176,9869.406,7.676,2047.996,0.000,0.000,6.520,5.590,3.560,250.060,0.000,0.001,0.014,4632.5,5213.8,64.0
1108,2026-05-02T15:54:47.257,575.920,,21.226,128576.582,118700.711,9875.871,7.681,2047.996,0.000,0.000,6.520,5.590,3.560,251.989,0.000,0.001,0.016,2573.7,5500.0,70.0
1109,2026-05-02T15:54:47.760,576.423,,14.555,128576.582,118699.961,9876.621,7.682,2047.996,0.000,0.000,6.520,5.590,3.560,266.251,0.000,0.001,0.017,2117.7,5500.0,70.0
1110,2026-05-02T15:54:48.308,576.971,,13.090,128576.582,118733.062,9843.520,7.656,2047.996,0.000,0.000,6.520,5.590,3.560,260.694,0.000,0.000,0.015,3591.9,5500.0,63.0
1111,2026-05-02T15:54:48.812,577.476,,16.002,128576.582,118764.438,9812.145,7.631,2047.996,0.000,0.000,6.520,5.590,3.560,275.911,1.239,0.001,0.015,2546.3,5500.0,67.0
1112,2026-05-02T15:54:49.314,577.978,,15.428,128576.582,118782.840,9793.742,7.617,2047.996,0.000,0.000,6.520,5.590,3.560,275.106,0.000,0.001,0.015,3047.0,5500.0,55.0
1113,2026-05-02T15:54:49.859,578.523,,16.553,128576.582,118765.793,9810.789,7.630,2047.996,0.000,0.000,6.520,5.590,3.560,276.440,0.229,0.001,0.014,2754.5,5533.3,68.0
1114,2026-05-02T15:54:50.360,579.023,,14.456,128576.582,118732.250,9844.332,7.656,2047.996,0.000,0.000,6.520,5.590,3.560,276.521,0.000,0.001,0.015,2839.3,5500.0,68.0
1115,2026-05-02T15:54:50.909,579.572,,13.295,128576.582,118770.457,9806.125,7.627,2047.996,0.000,0.000,6.240,5.540,3.560,275.105,0.000,0.001,0.014,2418.1,5500.0,64.0
1116,2026-05-02T15:54:51.410,580.073,,13.866,128576.582,118743.059,9833.523,7.648,2047.996,0.000,0.000,6.240,5.540,3.560,251.144,0.156,0.000,0.015,2673.0,5500.0,64.0
1117,2026-05-02T15:54:51.911,580.574,,15.174,128576.582,118712.250,9864.332,7.672,2047.996,0.000,0.000,6.240,5.540,3.560,242.593,0.000,0.001,0.015,2423.7,5500.0,64.0
1118,2026-05-02T15:54:52.414,581.078,,13.882,128576.582,118784.352,9792.230,7.616,2047.996,0.000,0.000,6.240,5.540,3.560,259.871,0.000,0.001,0.015,2776.5,5500.0,67.0
1119,2026-05-02T15:54:52.960,581.624,,13.280,128576.582,118750.801,9825.781,7.642,2047.996,0.000,0.000,6.240,5.540,3.560,248.028,0.043,0.001,0.014,3261.7,5500.0,72.0
1120,2026-05-02T15:54:53.467,582.130,,18.521,128576.582,118762.656,9813.926,7.633,2047.996,0.000,0.000,6.240,5.540,3.560,260.724,0.000,0.000,0.015,3268.9,5500.0,72.0
1121,2026-05-02T15:54:54.008,582.671,,17.778,128576.582,118730.383,9846.199,7.658,2047.996,0.000,0.000,6.240,5.540,3.560,215.142,0.000,0.001,0.028,2309.0,5500.0,72.0
1122,2026-05-02T15:54:54.517,583.181,,19.053,128576.582,118755.395,9821.188,7.638,2047.996,0.000,0.000,6.240,5.540,3.560,239.620,0.000,0.001,0.015,2855.5,5471.2,71.0
1123,2026-05-02T15:54:55.063,583.726,,18.373,128576.582,118733.809,9842.773,7.655,2047.996,0.000,0.000,6.240,5.540,3.560,252.066,1.540,0.001,0.015,2601.1,5500.0,71.0
1124,2026-05-02T15:54:55.611,584.274,,15.469,128576.582,118700.152,9876.430,7.681,2047.996,0.000,0.000,6.240,5.540,3.560,248.418,0.000,0.000,0.014,2411.5,5500.0,59.0
1125,2026-05-02T15:54:56.158,584.822,,12.782,128576.582,118690.062,9886.520,7.689,2047.996,0.000,0.000,5.900,5.490,3.550,219.606,0.000,0.001,0.014,2082.8,5500.0,59.0
1126,2026-05-02T15:54:56.659,585.322,,15.533,128576.582,118693.523,9883.059,7.687,2047.996,0.000,0.000,5.900,5.490,3.550,223.460,0.133,0.000,0.017,3196.4,5439.4,69.0
1127,2026-05-02T15:54:57.207,585.870,,13.413,128576.582,118729.559,9847.023,7.658,2047.996,0.000,0.000,5.900,5.490,3.550,234.284,0.000,0.001,0.014,2858.0,5429.6,69.0
1128,2026-05-02T15:54:57.751,586.414,,11.659,128576.582,118735.547,9841.035,7.654,2047.996,0.000,0.000,5.900,5.490,3.550,230.457,0.000,0.000,0.014,2669.1,5500.0,64.0
1129,2026-05-02T15:54:58.296,586.959,,12.341,128576.582,118730.805,9845.777,7.658,2047.996,0.000,0.000,5.900,5.490,3.550,240.192,0.029,0.001,0.014,4687.0,5300.1,62.0
1130,2026-05-02T15:54:58.802,587.465,,12.538,128576.582,118714.477,9862.105,7.670,2047.996,0.000,0.000,5.900,5.490,3.550,243.776,0.000,0.001,0.015,2101.9,5475.9,65.0
1131,2026-05-02T15:54:59.351,588.014,,9.101,128576.582,118669.820,9906.762,7.705,2047.996,0.000,0.000,5.900,5.490,3.550,244.839,0.000,0.001,0.014,2795.6,5500.0,65.0
1132,2026-05-02T15:54:59.851,588.514,,12.159,128576.582,118687.188,9889.395,7.691,2047.996,0.000,0.000,5.900,5.490,3.550,237.502,0.343,0.001,0.015,2420.0,5500.0,60.0
1133,2026-05-02T15:55:00.356,589.019,,9.629,128576.582,118661.055,9915.527,7.712,2047.996,0.000,0.000,5.900,5.490,3.550,253.330,0.000,0.001,0.030,2524.4,5528.9,64.0
1134,2026-05-02T15:55:00.856,589.519,,8.788,128576.582,118685.129,9891.453,7.693,2047.996,0.000,0.000,5.590,5.430,3.540,255.911,1.265,0.001,0.015,2357.9,5500.0,59.0
1135,2026-05-02T15:55:01.358,590.021,,11.488,128576.582,118699.047,9877.535,7.682,2047.996,0.000,0.000,5.590,5.430,3.540,264.110,0.000,0.001,0.015,3054.8,5524.2,65.0
1136,2026-05-02T15:55:01.860,590.524,,11.997,128576.582,118688.000,9888.582,7.691,2047.996,0.000,0.000,5.590,5.430,3.540,276.015,0.132,0.001,0.015,2798.7,5482.1,67.0
1137,2026-05-02T15:55:02.365,591.028,,12.125,128576.582,118698.344,9878.238,7.683,2047.996,0.000,0.000,5.590,5.430,3.540,276.494,0.000,0.000,0.015,2957.7,5500.0,67.0
1138,2026-05-02T15:55:02.910,591.574,,12.579,128576.582,118696.398,9880.184,7.684,2047.996,0.000,0.000,5.590,5.430,3.540,275.708,0.000,0.001,0.014,2260.6,5500.0,65.0
1139,2026-05-02T15:55:03.419,592.082,,12.623,128576.582,118721.914,9854.668,7.664,2047.996,0.000,0.000,5.590,5.430,3.540,278.601,0.000,0.000,0.016,3323.7,5500.1,65.0
1140,2026-05-02T15:55:03.951,592.614,,14.195,128576.582,118745.422,9831.160,7.646,2047.996,0.000,0.000,5.590,5.430,3.540,275.626,0.000,0.001,0.015,4687.3,5310.9,53.0
1141,2026-05-02T15:55:04.457,593.120,,10.031,128576.582,118787.047,9789.535,7.614,2047.996,0.000,0.000,5.590,5.430,3.540,275.965,0.000,0.001,0.017,2500.9,5500.0,68.0
1142,2026-05-02T15:55:04.964,593.627,,9.733,128576.582,118785.129,9791.453,7.615,2047.996,0.000,0.000,5.590,5.430,3.540,277.795,0.170,0.001,0.015,2126.7,5500.0,47.0
1143,2026-05-02T15:55:05.509,594.172,,8.300,128576.582,118751.520,9825.062,7.641,2047.996,0.000,0.000,5.590,5.430,3.540,275.949,0.000,0.001,0.028,4117.1,5500.0,67.0
1144,2026-05-02T15:55:06.011,594.674,,8.365,128576.582,118716.320,9860.262,7.669,2047.996,0.000,0.000,5.300,5.370,3.540,275.036,0.000,0.001,0.016,2731.7,5500.0,68.0
1145,2026-05-02T15:55:06.557,595.220,,10.040,128576.582,118683.684,9892.898,7.694,2047.996,0.000,0.000,5.300,5.370,3.540,275.174,1.489,0.000,0.014,3729.3,5500.0,68.0
1146,2026-05-02T15:55:07.099,595.762,,7.804,128576.582,118722.336,9854.246,7.664,2047.996,0.000,0.000,5.300,5.370,3.540,280.035,0.000,0.000,0.014,2047.5,5460.1,67.0
1147,2026-05-02T15:55:07.605,596.269,,8.736,128576.582,118679.707,9896.875,7.697,2047.996,0.000,0.000,5.300,5.370,3.540,275.531,0.000,0.000,0.015,3234.9,5500.0,59.0
1148,2026-05-02T15:55:08.107,596.770,,11.000,128576.582,118667.516,9909.066,7.707,2047.996,0.000,0.000,5.300,5.370,3.540,277.841,0.000,0.001,0.015,2937.1,5527.8,68.0
1149,2026-05-02T15:55:08.651,597.315,,8.948,128576.582,118684.004,9892.578,7.694,2047.996,0.000,0.000,5.300,5.370,3.540,275.981,0.000,0.001,0.014,2322.1,5500.0,68.0
1150,2026-05-02T15:55:09.199,597.863,,9.070,128576.582,118738.742,9837.840,7.651,2047.996,0.000,0.000,5.300,5.370,3.540,275.420,0.000,0.001,0.014,4267.6,5500.0,68.0
1151,2026-05-02T15:55:09.703,598.366,,9.744,128576.582,118755.293,9821.289,7.638,2047.996,0.000,0.000,5.300,5.370,3.540,278.425,0.000,0.001,0.015,2618.5,5500.0,61.0
1152,2026-05-02T15:55:10.206,598.869,,10.276,128576.582,118747.914,9828.668,7.644,2047.996,0.000,0.000,5.300,5.370,3.540,275.980,0.249,0.001,0.015,2777.9,5530.9,67.0
1153,2026-05-02T15:55:10.715,599.378,,11.064,128576.582,118751.184,9825.398,7.642,2047.996,0.000,0.000,5.300,5.370,3.540,274.612,0.000,0.000,0.015,3067.1,5516.6,67.0
1154,2026-05-02T15:55:11.256,599.919,,9.540,128576.582,118754.711,9821.871,7.639,2047.996,0.000,0.000,5.030,5.310,3.530,275.724,0.000,0.001,0.015,4236.7,5500.0,63.0
1155,2026-05-02T15:55:11.758,600.422,,14.366,128576.582,118740.898,9835.684,7.650,2047.996,0.000,0.000,5.030,5.310,3.530,280.030,0.000,0.000,0.016,2904.2,5468.2,63.0
1156,2026-05-02T15:55:12.259,600.922,,13.035,128576.582,118716.109,9860.473,7.669,2047.996,0.000,0.000,5.030,5.310,3.530,276.241,0.000,0.001,0.017,3363.1,5500.0,69.0
1157,2026-05-02T15:55:12.801,601.464,,13.033,128576.582,118711.883,9864.699,7.672,2047.996,0.000,0.000,5.030,5.310,3.530,277.344,1.167,0.001,0.014,2189.4,5500.0,69.0
1158,2026-05-02T15:55:13.306,601.969,,9.485,128576.582,118805.996,9770.586,7.599,2047.996,0.000,0.000,5.030,5.310,3.530,275.971,0.000,0.016,0.020,2547.9,5439.2,67.0
1159,2026-05-02T15:55:13.807,602.471,,10.500,128576.582,118787.668,9788.914,7.613,2047.996,0.000,0.000,5.030,5.310,3.530,276.447,0.000,0.001,0.015,3031.4,5542.3,65.0
1160,2026-05-02T15:55:14.308,602.972,,11.665,128576.582,118791.566,9785.016,7.610,2047.996,0.000,0.000,5.030,5.310,3.530,276.781,0.000,0.000,0.015,3489.9,5430.9,67.0
1161,2026-05-02T15:55:14.811,603.474,,13.262,128576.582,118747.031,9829.551,7.645,2047.996,0.000,0.000,5.030,5.310,3.530,274.759,0.093,0.028,0.024,2552.1,5464.1,67.0
1162,2026-05-02T15:55:15.313,603.976,,15.289,128576.582,118724.395,9852.188,7.663,2047.996,0.000,0.000,5.030,5.310,3.530,274.531,0.000,0.005,0.015,2926.0,5500.0,68.0
1163,2026-05-02T15:55:15.861,604.524,,18.586,128576.582,118732.840,9843.742,7.656,2047.996,0.000,0.000,4.790,5.260,3.520,275.151,2.076,0.181,0.039,3034.6,5471.6,64.0
1164,2026-05-02T15:55:16.400,605.064,,15.057,128576.582,118766.082,9810.500,7.630,2047.996,0.000,0.000,4.790,5.260,3.520,279.206,0.203,0.008,0.021,2534.0,5500.0,70.0
1165,2026-05-02T15:55:16.913,605.577,,16.101,128576.582,118785.777,9790.805,7.615,2047.996,0.000,0.000,4.790,5.260,3.520,276.005,0.000,0.021,0.020,1996.2,5506.5,70.0
1166,2026-05-02T15:55:17.414,606.078,,14.133,128576.582,118770.250,9806.332,7.627,2047.996,0.000,0.000,4.790,5.260,3.520,278.306,1.310,0.031,0.028,3251.9,5463.6,67.0
1167,2026-05-02T15:55:17.959,606.622,,12.156,128576.582,118787.980,9788.602,7.613,2047.996,0.000,0.000,4.790,5.260,3.520,276.558,0.000,0.002,0.015,3326.3,5500.0,67.0
1168,2026-05-02T15:55:18.508,607.172,,17.878,128576.582,118780.559,9796.023,7.619,2047.996,0.000,0.000,4.790,5.260,3.520,276.312,0.036,0.001,0.027,3556.6,5522.5,58.0
1169,2026-05-02T15:55:19.053,607.716,,13.689,128576.582,118826.246,9750.336,7.583,2047.996,0.000,0.000,4.790,5.260,3.520,278.330,0.000,0.003,0.019,2410.3,5534.6,60.0
1170,2026-05-02T15:55:19.553,608.216,,13.712,128576.582,118813.293,9763.289,7.593,2047.996,0.000,0.000,4.790,5.260,3.520,273.687,0.242,0.015,0.021,2227.7,5500.0,68.0
1171,2026-05-02T15:55:20.102,608.766,,13.242,128576.582,118705.539,9871.043,7.677,2047.996,0.000,0.000,4.790,5.260,3.520,276.541,0.171,0.001,0.014,4650.0,5200.1,68.0
1172,2026-05-02T15:55:20.603,609.266,,12.070,128576.582,118739.527,9837.055,7.651,2047.996,0.000,0.000,4.790,5.260,3.520,274.042,0.000,0.001,0.017,2194.9,5500.0,73.0
1173,2026-05-02T15:55:21.106,609.769,,13.333,128576.582,118755.547,9821.035,7.638,2047.996,0.000,0.000,4.570,5.200,3.510,277.535,0.000,0.000,0.015,2385.8,5508.3,73.0
1174,2026-05-02T15:55:21.653,610.316,,11.386,128576.582,118748.988,9827.594,7.643,2047.996,0.000,0.000,4.570,5.200,3.510,280.180,0.000,0.000,0.014,2587.5,5536.2,68.0
1175,2026-05-02T15:55:22.202,610.865,,10.368,128576.582,118788.656,9787.926,7.613,2047.996,0.000,0.000,4.570,5.200,3.510,275.269,0.000,0.000,0.014,2444.9,5466.7,68.0
1176,2026-05-02T15:55:22.702,611.366,,13.670,128576.582,118794.605,9781.977,7.608,2047.996,0.000,0.000,4.570,5.200,3.510,276.741,0.000,0.000,0.015,2333.0,5500.0,70.0
1177,2026-05-02T15:55:23.206,611.869,,12.321,128576.582,118813.074,9763.508,7.594,2047.996,0.000,0.000,4.570,5.200,3.510,274.132,0.016,0.000,0.015,2169.9,5500.0,70.0
1178,2026-05-02T15:55:23.749,612.412,,11.675,128576.582,118790.301,9786.281,7.611,2047.996,0.000,0.000,4.570,5.200,3.510,277.862,0.000,0.015,0.018,2585.1,5406.1,67.0
1179,2026-05-02T15:55:24.252,612.915,,8.897,128576.582,118763.309,9813.273,7.632,2047.996,0.000,0.000,4.570,5.200,3.510,274.828,0.000,0.016,0.019,3153.3,5500.0,67.0
1180,2026-05-02T15:55:24.798,613.461,,11.765,128576.582,118778.023,9798.559,7.621,2047.996,0.000,0.000,4.570,5.200,3.510,276.228,1.330,0.001,0.014,2275.3,5341.5,69.0
1181,2026-05-02T15:55:25.298,613.961,,12.508,128576.582,118835.043,9741.539,7.576,2047.996,0.000,0.000,4.570,5.200,3.510,276.307,0.000,0.001,0.015,2107.1,5334.5,69.0
1182,2026-05-02T15:55:25.847,614.510,,11.437,128576.582,118784.914,9791.668,7.615,2047.996,0.000,0.000,4.360,5.150,3.500,276.277,0.000,0.001,0.014,2574.5,5500.0,59.0
1183,2026-05-02T15:55:26.356,615.019,,11.637,128576.582,118784.277,9792.305,7.616,2047.996,0.000,0.000,4.360,5.150,3.500,281.165,0.000,0.001,0.015,2226.2,5500.0,62.0
1184,2026-05-02T15:55:26.856,615.519,,11.430,128576.582,118794.828,9781.754,7.608,2047.996,0.000,0.000,4.360,5.150,3.500,273.143,0.000,0.001,0.015,2605.0,5534.2,70.0
1185,2026-05-02T15:55:27.357,616.020,,12.570,128576.582,118789.391,9787.191,7.612,2047.996,0.000,0.000,4.360,5.150,3.500,275.797,0.000,0.000,0.016,2585.0,5500.0,70.0
1186,2026-05-02T15:55:27.900,616.563,,9.587,128576.582,118769.953,9806.629,7.627,2047.996,0.000,0.000,4.360,5.150,3.500,273.815,0.000,0.001,0.015,2616.7,5500.0,64.0
1187,2026-05-02T15:55:28.407,617.071,,13.742,128576.582,118736.375,9840.207,7.653,2047.996,0.000,0.000,4.360,5.150,3.500,266.825,0.000,0.001,0.017,2406.0,5500.0,69.0
1188,2026-05-02T15:55:28.950,617.614,,19.884,128576.582,118768.082,9808.500,7.629,2047.996,0.000,0.000,4.360,5.150,3.500,256.947,0.043,0.001,0.014,2402.7,5364.7,69.0
1189,2026-05-02T15:55:29.471,618.134,,21.163,128576.582,118729.219,9847.363,7.659,2047.996,0.000,0.000,4.360,5.150,3.500,258.678,0.135,0.000,0.014,2135.8,5500.0,58.0
1190,2026-05-02T15:55:30.006,618.669,,16.667,128576.582,118736.414,9840.168,7.653,2047.996,0.000,0.000,4.360,5.150,3.500,262.673,0.146,0.001,0.028,3234.9,5429.7,54.0
1191,2026-05-02T15:55:30.510,619.173,,17.188,128576.582,118758.879,9817.703,7.636,2047.996,0.000,0.000,4.360,5.150,3.500,279.562,0.000,0.000,0.015,2387.0,5449.2,66.0
1192,2026-05-02T15:55:31.056,619.719,,15.535,128576.582,118741.844,9834.738,7.649,2047.996,0.000,0.000,4.170,5.100,3.490,270.316,1.173,0.001,0.014,2416.8,5500.0,70.0
1193,2026-05-02T15:55:31.560,620.223,,15.361,128576.582,118715.383,9861.199,7.670,2047.996,0.000,0.000,4.170,5.100,3.490,262.027,0.000,0.016,0.022,3762.9,5376.2,70.0
1194,2026-05-02T15:55:32.061,620.724,,14.717,128576.582,118703.086,9873.496,7.679,2047.996,0.000,0.000,4.170,5.100,3.490,277.126,0.000,0.001,0.016,2767.3,5520.3,65.0
1195,2026-05-02T15:55:32.562,621.225,,16.310,128576.582,118708.566,9868.016,7.675,2047.996,0.000,0.000,4.170,5.100,3.490,275.981,0.678,0.001,0.015,2615.1,5500.0,65.0
1196,2026-05-02T15:55:33.067,621.730,,15.274,128576.582,118683.051,9893.531,7.695,2047.996,0.000,0.000,4.170,5.100,3.490,278.415,0.000,0.001,0.015,2545.0,5500.0,65.0
1197,2026-05-02T15:55:33.605,622.268,,16.026,128576.582,118749.207,9827.375,7.643,2047.996,0.000,0.000,4.170,5.100,3.490,275.309,0.000,0.000,0.014,2119.6,5458.0,64.0
1198,2026-05-02T15:55:34.110,622.773,,17.772,128576.582,118771.195,9805.387,7.626,2047.996,0.000,0.000,4.170,5.100,3.490,276.591,0.000,0.001,0.015,1843.6,5323.4,63.0
1199,2026-05-02T15:55:34.617,623.280,,14.392,128576.582,118720.555,9856.027,7.665,2047.996,0.000,0.000,4.170,5.100,3.490,276.491,0.131,0.000,0.015,2653.9,5500.0,71.0
1200,2026-05-02T15:55:35.156,623.819,,16.182,128576.582,118705.957,9870.625,7.677,2047.996,0.000,0.000,4.170,5.100,3.490,280.022,0.015,0.001,0.015,2582.5,5471.5,71.0
1201,2026-05-02T15:55:35.665,624.329,,13.406,128576.582,118681.004,9895.578,7.696,2047.996,0.000,0.000,4.170,5.100,3.490,272.468,0.000,0.000,0.016,1749.4,5500.0,68.0
1202,2026-05-02T15:55:36.165,624.829,,15.678,128576.582,118742.891,9833.691,7.648,2047.996,0.000,0.000,4.000,5.050,3.490,273.281,0.000,0.001,0.016,3079.1,5500.0,63.0
1203,2026-05-02T15:55:36.710,625.373,,11.394,128576.582,118783.715,9792.867,7.616,2047.996,0.000,0.000,4.000,5.050,3.490,280.424,1.183,0.000,0.015,2849.4,5546.6,64.0
1204,2026-05-02T15:55:37.212,625.875,,14.654,128576.582,118707.094,9869.488,7.676,2047.996,0.000,0.000,4.000,5.050,3.490,273.429,0.000,0.001,0.015,2467.7,5418.8,71.0
1205,2026-05-02T15:55:37.760,626.423,,13.189,128576.582,118727.246,9849.336,7.660,2047.996,0.000,0.000,4.000,5.050,3.490,278.627,0.000,0.001,0.014,3134.1,5538.7,71.0
1206,2026-05-02T15:55:38.261,626.925,,12.508,128576.582,118747.121,9829.461,7.645,2047.996,0.000,0.000,4.000,5.050,3.490,259.103,0.000,0.001,0.015,2449.8,5513.7,60.0
1207,2026-05-02T15:55:38.802,627.465,,10.811,128576.582,118773.664,9802.918,7.624,2047.996,0.000,0.000,4.000,5.050,3.490,227.232,0.000,0.001,0.014,2436.2,5373.2,65.0
1208,2026-05-02T15:55:39.305,627.968,,15.451,128576.582,118809.508,9767.074,7.596,2047.996,0.000,0.000,4.000,5.050,3.490,234.429,0.000,0.000,0.015,2869.4,5500.0,66.0
1209,2026-05-02T15:55:39.808,628.471,,12.703,128576.582,118770.801,9805.781,7.626,2047.996,0.000,0.000,4.000,5.050,3.490,262.649,0.350,0.000,0.015,3764.0,5500.0,66.0
1210,2026-05-02T15:55:40.310,628.973,,17.522,128576.582,118753.867,9822.715,7.640,2047.996,0.000,0.000,4.000,5.050,3.490,275.232,0.000,0.000,0.015,2620.7,5542.6,63.0
1211,2026-05-02T15:55:40.810,629.473,,16.308,128576.582,118762.977,9813.605,7.632,2047.996,0.000,0.000,4.000,5.050,3.490,257.689,0.179,0.001,0.015,1975.7,5532.5,68.0
1212,2026-05-02T15:55:41.355,630.018,,14.606,128576.582,118742.672,9833.910,7.648,2047.996,0.000,0.000,3.920,5.010,3.480,242.480,0.000,0.000,0.014,2247.5,5500.0,73.0
1213,2026-05-02T15:55:41.857,630.520,,13.184,128576.582,118798.012,9778.570,7.605,2047.996,0.000,0.000,3.920,5.010,3.480,239.076,0.000,0.001,0.015,2680.0,5500.0,73.0
1214,2026-05-02T15:55:42.404,631.068,,13.803,128576.582,118774.801,9801.781,7.623,2047.996,0.000,0.000,3.920,5.010,3.480,233.316,0.000,0.000,0.014,1864.4,5500.0,63.0
1215,2026-05-02T15:55:42.948,631.611,,11.265,128576.582,118746.941,9829.641,7.645,2047.996,0.000,0.000,3.920,5.010,3.480,222.681,1.150,0.001,0.015,2913.4,5466.1,66.0
1216,2026-05-02T15:55:43.448,632.111,,10.297,128576.582,118737.402,9839.180,7.652,2047.996,0.000,0.000,3.920,5.010,3.480,222.488,0.000,0.000,0.016,2687.6,5570.1,63.0
1217,2026-05-02T15:55:43.949,632.613,,8.726,128576.582,118724.453,9852.129,7.662,2047.996,0.000,0.000,3.920,5.010,3.480,248.918,0.000,0.001,0.015,3357.1,5486.1,63.0
1218,2026-05-02T15:55:44.452,633.115,,15.123,128576.582,118731.168,9845.414,7.657,2047.996,0.000,0.000,3.920,5.010,3.480,234.214,0.000,0.000,0.017,4699.3,5300.1,58.0
1219,2026-05-02T15:55:45.001,633.664,,18.786,128576.582,118754.922,9821.660,7.639,2047.996,0.000,0.000,3.920,5.010,3.480,266.800,0.000,0.001,0.028,2741.5,5500.0,66.0
1220,2026-05-02T15:55:45.510,634.173,,12.671,128576.582,118757.969,9818.613,7.636,2047.996,0.000,0.000,3.920,5.010,3.480,244.703,0.000,0.001,0.015,3087.8,5472.1,63.0
1221,2026-05-02T15:55:46.056,634.719,,14.498,128576.582,118734.504,9842.078,7.655,2047.996,0.000,0.000,3.760,4.960,3.470,247.645,0.236,0.000,0.014,3116.0,5535.7,63.0
1222,2026-05-02T15:55:46.602,635.265,,14.327,128576.582,118724.066,9852.516,7.663,2047.996,0.000,0.000,3.760,4.960,3.470,248.730,0.000,0.001,0.015,2460.2,5500.0,60.0
1223,2026-05-02T15:55:47.102,635.765,,18.454,128576.582,118726.039,9850.543,7.661,2047.996,0.000,0.000,3.760,4.960,3.470,242.761,0.000,0.002,0.016,2839.9,5409.6,69.0
1224,2026-05-02T15:55:47.603,636.266,,12.656,128576.582,118698.012,9878.570,7.683,2047.996,0.000,0.000,3.760,4.960,3.470,234.345,0.000,0.000,0.015,2172.1,5500.0,62.0
1225,2026-05-02T15:55:48.144,636.808,,11.420,128576.582,118707.156,9869.426,7.676,2047.996,0.000,0.000,3.760,4.960,3.470,228.111,0.000,0.001,0.014,2109.1,5500.0,62.0
1226,2026-05-02T15:55:48.660,637.323,,13.603,128576.582,118708.145,9868.438,7.675,2047.996,0.000,0.000,3.760,4.960,3.470,205.106,1.243,0.000,0.015,2320.1,5500.0,43.9
1227,2026-05-02T15:55:49.206,637.869,,15.371,128576.582,118706.207,9870.375,7.677,2047.996,0.000,0.000,3.760,4.960,3.470,233.468,0.000,0.001,0.014,1951.0,5348.2,61.0
1228,2026-05-02T15:55:49.754,638.417,,24.686,128576.582,118722.633,9853.949,7.664,2047.996,0.000,0.000,3.760,4.960,3.470,236.360,0.214,0.000,0.014,2201.9,5500.0,60.0
1229,2026-05-02T15:55:50.261,638.924,,13.948,128576.582,118731.195,9845.387,7.657,2047.996,0.000,0.000,3.760,4.960,3.470,229.283,0.000,0.001,0.015,2640.5,5500.0,64.0
1230,2026-05-02T15:55:50.809,639.472,,10.410,128576.582,118727.066,9849.516,7.660,2047.996,0.000,0.000,3.760,4.960,3.470,222.299,0.000,0.001,0.014,1659.6,5500.0,43.9
1231,2026-05-02T15:55:51.359,640.022,,9.007,128576.582,118776.500,9800.082,7.622,2047.996,0.000,0.000,3.700,4.930,3.470,222.788,0.000,0.000,0.014,2216.2,5500.0,43.9
1232,2026-05-02T15:55:51.902,640.566,,11.894,128576.582,118751.402,9825.180,7.642,2047.996,0.000,0.000,3.700,4.930,3.470,249.554,0.388,0.002,0.017,2676.3,5500.0,64.0
1233,2026-05-02T15:55:52.406,641.070,,10.336,128576.582,118750.797,9825.785,7.642,2047.996,0.000,0.000,3.700,4.930,3.470,207.012,0.000,0.000,0.017,2597.6,5500.0,64.0
1234,2026-05-02T15:55:52.908,641.571,,12.155,128576.582,118751.660,9824.922,7.641,2047.996,0.000,0.000,3.700,4.930,3.470,219.377,0.039,0.001,0.016,2676.2,5536.9,49.0
1235,2026-05-02T15:55:53.408,642.071,,14.843,128576.582,118729.586,9846.996,7.658,2047.996,0.000,0.000,3.700,4.930,3.470,228.486,0.266,0.000,0.015,2530.7,5500.0,57.0
1236,2026-05-02T15:55:53.958,642.621,,18.249,128576.582,118756.391,9820.191,7.638,2047.996,0.000,0.000,3.700,4.930,3.470,209.238,1.342,0.001,0.014,2032.3,5500.0,45.0
1237,2026-05-02T15:55:54.503,643.166,,20.151,128576.582,118767.656,9808.926,7.629,2047.996,0.000,0.000,3.700,4.930,3.470,230.283,0.000,0.000,0.014,2913.1,5500.0,69.0
1238,2026-05-02T15:55:55.006,643.669,,15.730,128576.582,118745.691,9830.891,7.646,2047.996,0.000,0.000,3.700,4.930,3.470,279.506,0.311,0.001,0.016,2845.7,5500.0,63.0
1239,2026-05-02T15:55:55.508,644.171,,18.793,128576.582,118739.730,9836.852,7.651,2047.996,0.000,0.000,3.700,4.930,3.470,237.665,1.734,0.001,0.030,2572.1,5500.0,63.0
1240,2026-05-02T15:55:56.016,644.679,,17.818,128576.582,118720.906,9855.676,7.665,2047.996,0.000,0.000,3.570,4.880,3.460,256.973,0.000,0.001,0.015,3649.6,5500.0,67.0
1241,2026-05-02T15:55:56.546,645.209,,13.298,128576.582,118724.828,9851.754,7.662,2047.996,0.000,0.000,3.570,4.880,3.460,270.054,0.000,0.000,0.014,4698.2,5300.1,67.0
1242,2026-05-02T15:55:57.055,645.718,,15.760,128576.582,118761.496,9815.086,7.634,2047.996,0.000,0.000,3.570,4.880,3.460,264.935,0.000,0.001,0.015,3010.2,5342.7,66.0
1243,2026-05-02T15:55:57.604,646.267,,15.744,128576.582,118719.480,9857.102,7.666,2047.996,0.000,0.000,3.570,4.880,3.460,254.156,0.377,0.000,0.014,2057.4,5470.1,66.0
1244,2026-05-02T15:55:58.106,646.769,,13.463,128576.582,118752.328,9824.254,7.641,2047.996,0.000,0.000,3.570,4.880,3.460,259.920,0.000,0.001,0.015,2531.1,5500.0,68.0
1245,2026-05-02T15:55:58.655,647.318,,15.045,128576.582,118751.758,9824.824,7.641,2047.996,0.000,0.000,3.570,4.880,3.460,257.414,0.028,0.000,0.014,2268.5,5532.0,68.0
1246,2026-05-02T15:55:59.202,647.865,,10.951,128576.582,118779.926,9796.656,7.619,2047.996,0.000,0.000,3.570,4.880,3.460,254.944,0.421,0.001,0.015,2448.2,5500.0,60.0
1247,2026-05-02T15:55:59.708,648.371,,12.523,128576.582,118759.594,9816.988,7.635,2047.996,0.000,0.000,3.570,4.880,3.460,262.049,0.000,0.000,0.016,3052.7,5428.0,63.0
1248,2026-05-02T15:56:00.253,648.917,,13.078,128576.582,118765.234,9811.348,7.631,2047.996,0.000,0.000,3.570,4.880,3.460,221.469,0.000,0.001,0.030,2288.4,5500.0,69.0
1249,2026-05-02T15:56:00.754,649.417,,12.763,128576.582,118774.762,9801.820,7.623,2047.996,0.000,0.000,3.570,4.880,3.460,236.970,0.000,0.000,0.015,2938.4,5500.0,69.0
1250,2026-05-02T15:56:01.255,649.918,,9.418,128576.582,118738.980,9837.602,7.651,2047.996,0.000,0.000,3.440,4.830,3.450,242.939,0.109,0.000,0.015,2139.1,5500.0,70.0
1251,2026-05-02T15:56:01.755,650.418,,13.225,128576.582,118709.176,9867.406,7.674,2047.996,0.000,0.000,3.440,4.830,3.450,248.451,0.000,0.001,0.015,2739.0,5500.0,70.0
1252,2026-05-02T15:56:02.302,650.965,,13.454,128576.582,118708.941,9867.641,7.675,2047.996,0.000,0.000,3.440,4.830,3.450,264.037,0.000,0.001,0.014,2409.3,5500.0,63.0
1253,2026-05-02T15:56:02.803,651.467,,10.834,128576.582,118713.828,9862.754,7.671,2047.996,0.000,0.000,3.440,4.830,3.450,276.104,0.117,0.001,0.016,2406.7,5515.4,68.0
1254,2026-05-02T15:56:03.305,651.968,,21.684,128576.582,118693.773,9882.809,7.686,2047.996,0.000,0.000,3.440,4.830,3.450,264.723,0.654,0.000,0.015,2955.3,5465.2,54.0
1255,2026-05-02T15:56:03.815,652.479,,21.127,128576.582,118656.148,9920.434,7.716,2047.996,0.000,0.000,3.440,4.830,3.450,271.733,0.000,0.001,0.015,3518.7,5500.0,65.0
1256,2026-05-02T15:56:04.359,653.022,,16.638,128576.582,118634.910,9941.672,7.732,2047.996,0.000,0.000,3.440,4.830,3.450,268.953,0.000,0.000,0.014,1886.3,5500.8,44.9
1257,2026-05-02T15:56:04.906,653.569,,11.175,128576.582,118672.934,9903.648,7.703,2047.996,0.000,0.000,3.440,4.830,3.450,271.522,1.122,0.000,0.014,2512.6,5500.0,65.0
1258,2026-05-02T15:56:05.410,654.073,,12.813,128576.582,118664.902,9911.680,7.709,2047.996,0.000,0.000,3.440,4.830,3.450,229.810,0.000,0.000,0.015,2801.4,5500.0,64.0
1259,2026-05-02T15:56:05.952,654.615,,13.857,128576.582,118633.594,9942.988,7.733,2047.996,0.000,0.000,3.320,4.790,3.450,241.137,0.000,0.001,0.015,2526.6,5500.0,60.0
1260,2026-05-02T15:56:06.458,655.121,,9.577,128576.582,118691.523,9885.059,7.688,2047.996,0.000,0.000,3.320,4.790,3.450,242.166,0.000,0.000,0.015,3489.4,5466.7,63.0
1261,2026-05-02T15:56:07.006,655.669,,11.957,128576.582,118682.766,9893.816,7.695,2047.996,0.000,0.000,3.320,4.790,3.450,238.149,0.000,0.001,0.028,3596.3,5480.8,67.0
1262,2026-05-02T15:56:07.512,656.175,,11.237,128576.582,118678.305,9898.277,7.698,2047.996,0.000,0.000,3.320,4.790,3.450,222.769,0.162,0.000,0.016,1446.6,5500.0,44.9
1263,2026-05-02T15:56:08.056,656.720,,14.039,128576.582,118679.457,9897.125,7.697,2047.996,0.000,0.000,3.320,4.790,3.450,224.096,0.129,0.001,0.014,2726.3,5550.5,60.0
1264,2026-05-02T15:56:08.606,657.269,,12.030,128576.582,118698.031,9878.551,7.683,2047.996,0.000,0.000,3.320,4.790,3.450,231.588,0.000,0.001,0.015,1991.4,5500.0,65.0
1265,2026-05-02T15:56:09.108,657.771,,19.410,128576.582,118720.848,9855.734,7.665,2047.996,0.000,0.000,3.320,4.790,3.450,232.337,0.000,0.001,0.015,3000.6,5545.5,65.0
1266,2026-05-02T15:56:09.613,658.276,,24.151,128576.582,118730.480,9846.102,7.658,2047.996,0.000,0.000,3.320,4.790,3.450,235.691,0.000,0.001,0.015,2932.2,5466.7,70.0
1267,2026-05-02T15:56:10.153,658.816,,16.782,128576.582,118741.043,9835.539,7.650,2047.996,0.000,0.000,3.320,4.790,3.450,186.787,0.000,0.001,0.014,2218.6,5469.1,70.0
1268,2026-05-02T15:56:10.699,659.362,,15.977,128576.582,118728.449,9848.133,7.659,2047.996,0.000,0.000,3.320,4.790,3.450,194.475,1.187,0.000,0.014,2217.9,5486.2,68.0
1269,2026-05-02T15:56:11.199,659.862,,10.894,128576.582,118738.707,9837.875,7.651,2047.996,0.000,0.000,3.220,4.740,3.440,199.897,0.000,0.001,0.015,1737.2,4536.2,68.0
1270,2026-05-02T15:56:11.700,660.364,,13.454,128576.582,118719.527,9857.055,7.666,2047.996,0.000,0.000,3.220,4.740,3.440,183.805,0.000,0.000,0.015,2030.5,5500.0,48.0
1271,2026-05-02T15:56:12.249,660.912,,10.517,128576.582,118731.359,9845.223,7.657,2047.996,0.000,0.000,3.220,4.740,3.440,232.745,0.000,0.001,0.014,2113.7,5527.9,48.0
1272,2026-05-02T15:56:12.751,661.414,,16.729,128576.582,118724.855,9851.727,7.662,2047.996,0.000,0.000,3.220,4.740,3.440,257.104,0.132,0.001,0.015,2907.7,5500.0,67.0
1273,2026-05-02T15:56:13.252,661.915,,12.531,128576.582,118704.727,9871.855,7.678,2047.996,0.000,0.000,3.220,4.740,3.440,275.446,0.132,0.001,0.015,2508.4,5534.2,67.0
1274,2026-05-02T15:56:13.755,662.418,,18.028,128576.582,118768.023,9808.559,7.629,2047.996,0.000,0.000,3.220,4.740,3.440,264.874,0.000,0.001,0.015,2280.9,5532.4,70.0
1275,2026-05-02T15:56:14.260,662.924,,20.656,128576.582,118766.531,9810.051,7.630,2047.996,0.000,0.000,3.220,4.740,3.440,275.932,0.000,0.001,0.015,2865.5,5479.8,70.0
1276,2026-05-02T15:56:14.761,663.424,,15.793,128576.582,118746.676,9829.906,7.645,2047.996,0.000,0.000,3.220,4.740,3.440,279.331,0.000,0.000,0.015,2445.8,5500.0,70.0
1277,2026-05-02T15:56:15.305,663.968,,12.696,128576.582,118773.023,9803.559,7.625,2047.996,0.000,0.000,3.220,4.740,3.440,252.941,0.000,0.001,0.015,2402.9,5394.7,65.0
1278,2026-05-02T15:56:15.807,664.470,,11.945,128576.582,118752.379,9824.203,7.641,2047.996,0.000,0.000,3.220,4.740,3.440,254.315,0.000,0.001,0.016,2863.1,5500.0,72.0
1279,2026-05-02T15:56:16.347,665.010,,13.692,128576.582,118724.102,9852.480,7.663,2047.996,0.000,0.000,3.200,4.710,3.440,250.833,0.000,0.000,0.016,4695.9,5300.1,72.0
1280,2026-05-02T15:56:16.854,665.517,,15.096,128576.582,118781.234,9795.348,7.618,2047.996,0.000,0.000,3.200,4.710,3.440,256.253,1.294,0.001,0.015,2197.7,5500.0,62.0
1281,2026-05-02T15:56:17.356,666.020,,14.025,128576.582,118757.633,9818.949,7.637,2047.996,0.000,0.000,3.200,4.710,3.440,214.052,0.000,0.000,0.015,3012.6,5491.3,62.0
1282,2026-05-02T15:56:17.862,666.525,,14.241,128576.582,118745.324,9831.258,7.646,2047.996,0.000,0.000,3.200,4.710,3.440,198.986,0.232,0.001,0.016,1888.1,5500.0,45.9
1283,2026-05-02T15:56:18.407,667.071,,14.088,128576.582,118750.109,9826.473,7.643,2047.996,0.000,0.000,3.200,4.710,3.440,245.131,0.122,0.000,0.014,3108.5,5544.4,69.0
1284,2026-05-02T15:56:18.909,667.572,,22.966,128576.582,118694.750,9881.832,7.686,2047.996,0.000,0.000,3.200,4.710,3.440,262.549,0.000,0.001,0.015,2788.3,5500.0,65.0
1285,2026-05-02T15:56:19.416,668.079,,21.704,128576.582,118692.961,9883.621,7.687,2047.996,0.000,0.000,3.200,4.710,3.440,276.827,0.000,0.001,0.015,2752.2,5500.0,68.0
1286,2026-05-02T15:56:19.961,668.624,,18.161,128576.582,118739.504,9837.078,7.651,2047.996,0.000,0.000,3.200,4.710,3.440,246.194,0.000,0.001,0.014,2559.5,5456.6,67.0
1287,2026-05-02T15:56:20.468,669.131,,16.101,128576.582,118728.742,9847.840,7.659,2047.996,0.000,0.000,3.200,4.710,3.440,221.258,0.000,0.000,0.015,3142.6,5481.9,67.0
1288,2026-05-02T15:56:21.010,669.673,,16.763,128576.582,118722.086,9854.496,7.664,2047.996,0.000,0.000,3.180,4.680,3.430,237.851,0.000,0.001,0.028,3145.9,5500.0,70.0
1289,2026-05-02T15:56:21.545,670.208,,19.509,128576.582,118731.562,9845.020,7.657,2047.996,0.000,0.000,3.180,4.680,3.430,222.024,0.000,0.001,0.014,2736.7,5505.0,70.0
1290,2026-05-02T15:56:22.050,670.713,,16.295,128576.582,118732.633,9843.949,7.656,2047.996,0.000,0.000,3.180,4.680,3.430,217.915,0.000,0.001,0.015,2196.9,5500.0,45.0
1291,2026-05-02T15:56:22.599,671.262,,10.882,128576.582,118697.770,9878.812,7.683,2047.996,0.000,0.000,3.180,4.680,3.430,214.710,0.000,0.000,0.014,2302.0,5341.2,60.0
1292,2026-05-02T15:56:23.102,671.766,,12.068,128576.582,118717.355,9859.227,7.668,2047.996,0.000,0.000,3.180,4.680,3.430,227.637,1.436,0.001,0.016,2414.1,5500.0,58.0
1293,2026-05-02T15:56:23.604,672.267,,13.409,128576.582,118682.359,9894.223,7.695,2047.996,0.000,0.000,3.180,4.680,3.430,225.650,0.156,0.001,0.016,2110.9,5500.0,59.0
1294,2026-05-02T15:56:24.108,672.771,,11.152,128576.582,118713.559,9863.023,7.671,2047.996,0.000,0.000,3.180,4.680,3.430,243.002,0.000,0.001,0.015,2835.8,5435.0,68.0
1295,2026-05-02T15:56:24.652,673.315,,10.643,128576.582,118699.098,9877.484,7.682,2047.996,0.000,0.000,3.180,4.680,3.430,240.785,0.000,0.000,0.015,3297.5,5500.0,68.0
1296,2026-05-02T15:56:25.153,673.816,,14.428,128576.582,118695.848,9880.734,7.685,2047.996,0.000,0.000,3.180,4.680,3.430,228.905,0.000,0.001,0.016,2164.7,5500.0,72.0
1297,2026-05-02T15:56:25.653,674.317,,14.829,128576.582,118679.863,9896.719,7.697,2047.996,0.000,0.000,3.180,4.680,3.430,261.786,0.000,0.001,0.015,2583.5,5500.0,72.0
1298,2026-05-02T15:56:26.156,674.820,,17.519,128576.582,118685.332,9891.250,7.693,2047.996,0.000,0.000,3.170,4.650,3.430,277.305,0.000,0.001,0.015,2961.3,5542.0,71.0
1299,2026-05-02T15:56:26.661,675.324,,13.580,128576.582,118674.430,9902.152,7.701,2047.996,0.000,0.000,3.170,4.650,3.430,252.421,0.217,0.001,0.015,1836.1,5420.4,71.0
1300,2026-05-02T15:56:27.205,675.868,,14.146,128576.582,118673.090,9903.492,7.702,2047.996,0.000,0.000,3.170,4.650,3.430,232.250,0.000,0.001,0.014,3002.5,5500.0,68.0
1301,2026-05-02T15:56:27.711,676.374,,16.174,128576.582,118698.023,9878.559,7.683,2047.996,0.000,0.000,3.170,4.650,3.430,267.411,0.000,0.000,0.015,4650.0,5200.1,68.0
1302,2026-05-02T15:56:28.211,676.874,,33.894,128576.582,118769.516,9807.066,7.627,2047.996,0.000,0.000,3.170,4.650,3.430,266.493,0.125,0.000,0.015,2821.3,5500.0,67.0
1303,2026-05-02T15:56:28.761,677.424,,28.164,128576.582,118755.027,9821.555,7.639,2047.996,0.000,0.000,3.170,4.650,3.430,253.222,1.314,0.000,0.014,4650.0,5200.1,63.0
1304,2026-05-02T15:56:29.306,677.969,,27.236,128576.582,118733.168,9843.414,7.656,2047.996,0.000,0.000,3.170,4.650,3.430,277.184,0.000,0.000,0.014,3608.2,5458.8,58.0
1305,2026-05-02T15:56:29.845,678.508,,19.003,128576.582,118742.680,9833.902,7.648,2047.996,0.000,0.000,3.170,4.650,3.430,275.709,0.196,0.001,0.014,4691.0,5300.1,58.0
1306,2026-05-02T15:56:30.367,679.030,,13.672,128576.582,118728.230,9848.352,7.660,2047.996,0.000,0.000,3.170,4.650,3.430,256.917,0.000,0.000,0.014,3192.2,5481.2,71.0
1307,2026-05-02T15:56:30.904,679.567,,12.875,128576.582,118782.359,9794.223,7.617,2047.996,0.000,0.000,3.240,4.640,3.430,239.403,0.000,0.001,0.014,3502.6,5499.0,71.0
1308,2026-05-02T15:56:31.410,680.073,,14.764,128576.582,118764.184,9812.398,7.632,2047.996,0.000,0.000,3.240,4.640,3.430,198.707,0.000,0.000,0.016,2751.5,5532.0,68.0
1309,2026-05-02T15:56:31.948,680.611,,10.542,128576.582,118754.250,9822.332,7.639,2047.996,0.000,0.000,3.240,4.640,3.430,189.088,0.000,0.001,0.015,4651.6,5321.5,68.0
1310,2026-05-02T15:56:32.492,681.156,,10.976,128576.582,118761.375,9815.207,7.634,2047.996,0.000,0.000,3.240,4.640,3.430,186.580,0.294,0.001,0.015,2402.9,5532.9,65.0
1311,2026-05-02T15:56:32.995,681.658,,6.399,128576.582,118766.793,9809.789,7.630,2047.996,0.000,0.000,3.240,4.640,3.430,188.155,0.000,0.001,0.016,2194.7,5500.0,65.0
1312,2026-05-02T15:56:33.495,682.159,,5.830,128576.582,118751.809,9824.773,7.641,2047.996,0.000,0.000,3.240,4.640,3.430,164.820,0.000,0.000,0.015,3469.4,5524.6,51.0
1313,2026-05-02T15:56:33.995,682.659,,6.074,128576.582,118749.043,9827.539,7.643,2047.996,0.000,0.000,3.240,4.640,3.430,166.996,0.000,0.001,0.015,2668.6,5500.0,56.0
1314,2026-05-02T15:56:34.544,683.207,,6.682,128576.582,118746.844,9829.738,7.645,2047.996,0.000,0.000,3.240,4.640,3.430,151.549,0.100,0.001,0.027,2896.5,5557.9,61.0
1315,2026-05-02T15:56:35.044,683.707,,5.472,128576.582,118705.117,9871.465,7.677,2047.996,0.000,0.000,3.240,4.640,3.430,163.466,1.507,0.001,0.016,2045.7,5526.8,61.0
1316,2026-05-02T15:56:35.591,684.254,,5.673,128576.582,118720.594,9855.988,7.665,2047.996,0.000,0.000,3.240,4.640,3.430,154.677,1.564,0.000,0.014,1960.5,5529.7,59.0
1317,2026-05-02T15:56:36.096,684.759,,7.357,128576.582,118728.055,9848.527,7.660,2047.996,0.000,0.000,3.220,4.610,3.430,158.487,0.000,0.001,0.015,2702.3,5500.0,59.0
1318,2026-05-02T15:56:36.596,685.259,,7.933,128576.582,118749.516,9827.066,7.643,2047.996,0.000,0.000,3.220,4.610,3.430,143.535,0.000,0.001,0.015,2287.6,5500.0,65.0
1319,2026-05-02T15:56:37.098,685.761,,6.851,128576.582,118778.082,9798.500,7.621,2047.996,0.000,0.000,3.220,4.610,3.430,189.652,0.000,0.001,0.015,2601.3,5500.0,65.0
1320,2026-05-02T15:56:37.600,686.263,,7.285,128576.582,118778.117,9798.465,7.621,2047.996,0.000,0.000,3.220,4.610,3.430,206.204,0.093,0.001,0.015,2109.1,5500.0,58.0
1321,2026-05-02T15:56:38.110,686.773,,12.862,128576.582,118758.820,9817.762,7.636,2047.996,0.000,0.000,3.220,4.610,3.430,227.965,0.000,0.001,0.015,2881.2,5500.0,58.0
1322,2026-05-02T15:56:38.649,687.312,,8.791,128576.582,118744.039,9832.543,7.647,2047.996,0.000,0.000,3.220,4.610,3.430,216.403,0.000,0.001,0.014,3155.3,5500.0,68.0
1323,2026-05-02T15:56:39.151,687.814,,10.546,128576.582,118722.938,9853.645,7.664,2047.996,0.000,0.000,3.220,4.610,3.430,198.780,0.000,0.001,0.016,4105.9,5500.0,68.0
1324,2026-05-02T15:56:39.651,688.314,,11.277,128576.582,118716.438,9860.145,7.669,2047.996,0.000,0.000,3.220,4.610,3.430,231.457,0.000,0.000,0.016,2880.0,5498.5,70.0
1325,2026-05-02T15:56:40.151,688.814,,9.545,128576.582,118736.750,9839.832,7.653,2047.996,0.000,0.000,3.220,4.610,3.430,212.558,0.000,0.000,0.015,3138.2,5404.7,70.0
1326,2026-05-02T15:56:40.652,689.315,,9.177,128576.582,118727.859,9848.723,7.660,2047.996,0.000,0.000,3.220,4.610,3.430,229.626,0.000,0.000,0.017,2545.5,5500.0,68.0
1327,2026-05-02T15:56:41.155,689.818,,10.351,128576.582,118733.352,9843.230,7.656,2047.996,0.000,0.000,3.120,4.570,3.420,238.126,0.925,0.000,0.015,2736.5,5500.0,69.0
1328,2026-05-02T15:56:41.702,690.365,,9.429,128576.582,118740.445,9836.137,7.650,2047.996,0.000,0.000,3.120,4.570,3.420,259.334,0.000,0.000,0.014,2252.6,5505.1,67.0
1329,2026-05-02T15:56:42.205,690.868,,10.549,128576.582,118738.586,9837.996,7.651,2047.996,0.000,0.000,3.120,4.570,3.420,215.016,0.000,0.000,0.015,2805.0,5533.5,66.0
1330,2026-05-02T15:56:42.748,691.412,,10.229,128576.582,118750.824,9825.758,7.642,2047.996,0.000,0.000,3.120,4.570,3.420,208.063,0.079,0.001,0.014,2631.1,5500.0,57.0
1331,2026-05-02T15:56:43.250,691.913,,8.060,128576.582,118731.219,9845.363,7.657,2047.996,0.000,0.000,3.120,4.570,3.420,227.037,0.000,0.001,0.015,2787.1,5541.4,65.0
1332,2026-05-02T15:56:43.752,692.415,,7.875,128576.582,118698.641,9877.941,7.683,2047.996,0.000,0.000,3.120,4.570,3.420,247.510,0.000,0.000,0.015,3103.8,5547.4,60.0
1333,2026-05-02T15:56:44.252,692.915,,9.500,128576.582,118729.910,9846.672,7.658,2047.996,0.000,0.000,3.120,4.570,3.420,252.656,0.000,0.001,0.015,2923.9,5500.0,65.0
1334,2026-05-02T15:56:44.799,693.462,,9.972,128576.582,118731.492,9845.090,7.657,2047.996,0.000,0.000,3.120,4.570,3.420,228.564,0.000,0.001,0.014,2374.2,5340.2,69.0
1335,2026-05-02T15:56:45.300,693.964,,8.750,128576.582,118769.531,9807.051,7.627,2047.996,0.000,0.000,3.120,4.570,3.420,203.961,0.000,0.000,0.015,2551.7,5504.4,71.0
1336,2026-05-02T15:56:45.801,694.464,,11.318,128576.582,118785.562,9791.020,7.615,2047.996,0.000,0.000,3.120,4.570,3.420,222.910,0.000,0.001,0.016,2855.6,5500.1,63.0
1337,2026-05-02T15:56:46.302,694.965,,9.969,128576.582,118765.250,9811.332,7.631,2047.996,0.000,0.000,3.190,4.560,3.430,227.962,0.000,0.000,0.015,2206.7,5531.1,63.0
1338,2026-05-02T15:56:46.803,695.466,,10.930,128576.582,118758.371,9818.211,7.636,2047.996,0.000,0.000,3.190,4.560,3.430,218.341,0.000,0.001,0.016,2320.4,5500.0,59.0
1339,2026-05-02T15:56:47.305,695.969,,12.421,128576.582,118730.457,9846.125,7.658,2047.996,0.000,0.000,3.190,4.560,3.430,218.826,1.290,0.001,0.016,2015.5,5500.0,61.0
1340,2026-05-02T15:56:47.806,696.469,,10.652,128576.582,118726.480,9850.102,7.661,2047.996,0.000,0.000,3.190,4.560,3.430,213.433,0.086,0.001,0.017,2905.3,5516.8,62.0
1341,2026-05-02T15:56:48.306,696.969,,15.418,128576.582,118723.547,9853.035,7.663,2047.996,0.000,0.000,3.190,4.560,3.430,230.120,0.055,0.000,0.017,2459.1,5521.4,63.0
1342,2026-05-02T15:56:48.808,697.471,,16.667,128576.582,118731.926,9844.656,7.657,2047.996,0.000,0.000,3.190,4.560,3.430,237.952,0.000,0.001,0.015,2576.7,5500.0,66.0
1343,2026-05-02T15:56:49.358,698.021,,15.437,128576.582,118725.211,9851.371,7.662,2047.996,0.000,0.000,3.190,4.560,3.430,228.875,0.000,0.000,0.014,3359.3,5441.3,66.0
1344,2026-05-02T15:56:49.906,698.569,,13.226,128576.582,118741.215,9835.367,7.649,2047.996,0.000,0.000,3.190,4.560,3.430,246.056,0.000,0.001,0.014,2631.6,5407.6,58.0
1345,2026-05-02T15:56:50.409,699.072,,12.657,128576.582,118745.340,9831.242,7.646,2047.996,0.000,0.000,3.190,4.560,3.430,244.652,0.000,0.000,0.015,3377.9,5553.4,60.0
1346,2026-05-02T15:56:50.909,699.572,,10.660,128576.582,118715.391,9861.191,7.670,2047.996,0.000,0.000,3.090,4.520,3.420,243.785,0.000,0.001,0.015,3279.0,5500.0,58.0
1347,2026-05-02T15:56:51.454,700.117,,10.098,128576.582,118724.887,9851.695,7.662,2047.996,0.000,0.000,3.090,4.520,3.420,242.862,0.000,0.000,0.014,2530.0,5500.0,70.0
1348,2026-05-02T15:56:51.954,700.617,,9.700,128576.582,118701.508,9875.074,7.680,2047.996,0.000,0.000,3.090,4.520,3.420,247.571,0.000,0.001,0.015,1765.3,5500.0,43.9
1349,2026-05-02T15:56:52.454,701.118,,10.882,128576.582,118696.797,9879.785,7.684,2047.996,0.000,0.000,3.090,4.520,3.420,257.138,0.000,0.000,0.015,2325.3,5500.0,60.0
1350,2026-05-02T15:56:52.994,701.658,,7.998,128576.582,118729.332,9847.250,7.659,2047.996,0.000,0.000,3.090,4.520,3.420,245.700,1.302,0.001,0.028,2432.8,5500.0,66.0
1351,2026-05-02T15:56:53.500,702.163,,8.488,128576.582,118716.387,9860.195,7.669,2047.996,0.000,0.000,3.090,4.520,3.420,215.339,0.000,0.000,0.015,3271.6,5549.5,66.0
1352,2026-05-02T15:56:54.044,702.707,,8.506,128576.582,118709.305,9867.277,7.674,2047.996,0.000,0.000,3.090,4.520,3.420,225.722,0.000,0.001,0.014,3685.9,5362.0,58.0
1353,2026-05-02T15:56:54.548,703.212,,7.525,128576.582,118685.699,9890.883,7.693,2047.996,0.000,0.000,3.090,4.520,3.420,224.887,0.000,0.000,0.015,2551.3,5468.8,60.0
1354,2026-05-02T15:56:55.050,703.713,,7.245,128576.582,118721.148,9855.434,7.665,2047.996,0.000,0.000,3.090,4.520,3.420,259.770,0.000,0.000,0.016,4210.0,5500.0,61.0
1355,2026-05-02T15:56:55.551,704.214,,6.384,128576.582,118731.328,9845.254,7.657,2047.996,0.000,0.000,3.090,4.520,3.420,207.626,0.000,0.000,0.016,4090.5,5500.0,64.0
1356,2026-05-02T15:56:56.052,704.715,,5.668,128576.582,118707.191,9869.391,7.676,2047.996,0.000,0.000,3.250,4.530,3.430,231.756,0.000,0.001,0.015,2157.0,5500.0,63.0
1357,2026-05-02T15:56:56.601,705.264,,6.383,128576.582,118690.645,9885.938,7.689,2047.996,0.000,0.000,3.250,4.530,3.430,238.274,0.000,0.000,0.015,2846.3,5500.0,63.0
1358,2026-05-02T15:56:57.138,705.801,,5.226,128576.582,118667.828,9908.754,7.706,2047.996,0.000,0.000,3.250,4.530,3.430,253.981,0.000,0.001,0.015,1990.3,5501.5,60.0
1359,2026-05-02T15:56:57.651,706.314,,6.446,128576.582,118680.949,9895.633,7.696,2047.996,0.000,0.000,3.250,4.530,3.430,260.466,0.297,0.001,0.015,4286.8,5500.0,60.0
1360,2026-05-02T15:56:58.151,706.815,,19.647,128576.582,118690.652,9885.930,7.689,2047.996,0.000,0.000,3.250,4.530,3.430,225.247,0.000,0.001,0.015,3524.9,5396.3,72.0
1361,2026-05-02T15:56:58.652,707.316,,7.107,128576.582,118686.012,9890.570,7.692,2047.996,0.000,0.000,3.250,4.530,3.430,248.629,1.520,0.001,0.015,2556.6,5500.0,72.0
1362,2026-05-02T15:56:59.200,707.863,,6.994,128576.582,118716.539,9860.043,7.669,2047.996,0.000,0.000,3.250,4.530,3.430,222.563,0.614,0.001,0.014,2875.3,5500.0,63.0
1363,2026-05-02T15:56:59.744,708.408,,8.601,128576.582,118733.547,9843.035,7.655,2047.996,0.000,0.000,3.250,4.530,3.430,222.368,0.000,0.000,0.014,4699.0,5300.1,63.0
1364,2026-05-02T15:57:00.293,708.956,,6.610,128576.582,118763.055,9813.527,7.632,2047.996,0.000,0.000,3.250,4.530,3.430,186.546,0.000,0.001,0.028,4690.4,5300.1,51.0
1365,2026-05-02T15:57:00.794,709.458,,5.587,128576.582,118783.840,9792.742,7.616,2047.996,0.000,0.000,3.250,4.530,3.430,188.270,0.000,0.000,0.015,2219.0,5500.0,58.0
1366,2026-05-02T15:57:01.344,710.007,,6.193,128576.582,118746.441,9830.141,7.645,2047.996,0.000,0.000,3.630,4.580,3.450,204.185,0.000,0.000,0.014,2106.7,5541.0,44.0
1367,2026-05-02T15:57:01.846,710.509,,5.545,128576.582,118736.141,9840.441,7.653,2047.996,0.000,0.000,3.630,4.580,3.450,256.794,0.000,0.000,0.015,2527.0,5301.0,44.0
1368,2026-05-02T15:57:02.349,711.012,,5.233,128576.582,118742.094,9834.488,7.649,2047.996,0.000,0.000,3.630,4.580,3.450,240.481,0.000,0.000,0.015,2012.1,5553.4,54.0
1369,2026-05-02T15:57:02.852,711.515,,8.647,128576.582,118708.977,9867.605,7.674,2047.996,0.000,0.000,3.630,4.580,3.450,232.956,0.179,0.001,0.015,2125.9,5536.7,57.0
1370,2026-05-02T15:57:03.352,712.016,,9.562,128576.582,118721.016,9855.566,7.665,2047.996,0.000,0.000,3.630,4.580,3.450,205.591,0.000,0.000,0.016,2929.6,5432.1,66.0
1371,2026-05-02T15:57:03.856,712.520,,13.275,128576.582,118703.848,9872.734,7.678,2047.996,0.000,0.000,3.630,4.580,3.450,222.744,0.000,0.001,0.016,2498.4,5503.7,66.0
1372,2026-05-02T15:57:04.401,713.064,,10.886,128576.582,118697.551,9879.031,7.683,2047.996,0.000,0.000,3.630,4.580,3.450,216.040,0.000,0.001,0.016,1945.2,5500.0,68.0
1373,2026-05-02T15:57:04.902,713.565,,10.779,128576.582,118691.176,9885.406,7.688,2047.996,0.000,0.000,3.630,4.580,3.450,213.399,1.280,0.001,0.015,2575.7,5514.4,68.0
1374,2026-05-02T15:57:05.446,714.109,,10.190,128576.582,118709.902,9866.680,7.674,2047.996,0.000,0.000,3.630,4.580,3.450,204.827,0.000,0.000,0.014,2618.9,5536.9,65.0
1375,2026-05-02T15:57:05.948,714.611,,12.020,128576.582,118725.699,9850.883,7.661,2047.996,0.000,0.000,3.660,4.580,3.460,220.237,0.000,0.000,0.015,2773.3,5533.1,65.0
1376,2026-05-02T15:57:06.453,715.117,,13.721,128576.582,118752.070,9824.512,7.641,2047.996,0.000,0.000,3.660,4.580,3.460,177.665,0.000,0.000,0.015,2372.4,5500.0,71.0
1377,2026-05-02T15:57:06.999,715.662,,13.760,128576.582,118752.766,9823.816,7.640,2047.996,0.000,0.000,3.660,4.580,3.460,204.059,0.000,0.001,0.014,2443.8,5520.7,71.0
1378,2026-05-02T15:57:07.500,716.164,,13.313,128576.582,118716.113,9860.469,7.669,2047.996,0.000,0.000,3.660,4.580,3.460,219.416,0.000,0.001,0.015,4699.8,5300.9,59.0
1379,2026-05-02T15:57:08.048,716.711,,18.527,128576.582,118687.133,9889.449,7.691,2047.996,0.000,0.000,3.660,4.580,3.460,200.847,0.221,0.001,0.028,2673.9,5500.0,55.0
1380,2026-05-02T15:57:08.550,717.213,,10.151,128576.582,118679.738,9896.844,7.697,2047.996,0.000,0.000,3.660,4.580,3.460,208.950,0.000,0.000,0.015,2608.2,5500.0,63.0
1381,2026-05-02T15:57:09.051,717.714,,17.148,128576.582,118692.383,9884.199,7.687,2047.996,0.000,0.000,3.660,4.580,3.460,223.746,0.000,0.001,0.015,2583.2,5531.6,65.0
1382,2026-05-02T15:57:09.551,718.214,,12.446,128576.582,118678.121,9898.461,7.698,2047.996,0.000,0.000,3.660,4.580,3.460,186.126,0.000,0.001,0.015,2616.3,5500.0,58.0
1383,2026-05-02T15:57:10.099,718.762,,16.827,128576.582,118658.410,9918.172,7.714,2047.996,0.000,0.000,3.660,4.580,3.460,216.303,0.000,0.001,0.014,3298.4,5525.7,58.0
1384,2026-05-02T15:57:10.599,719.262,,8.988,128576.582,118668.246,9908.336,7.706,2047.996,0.000,0.000,3.660,4.580,3.460,207.098,1.265,0.000,0.015,3230.5,5500.0,70.0
1385,2026-05-02T15:57:11.107,719.771,,18.853,128576.582,118682.902,9893.680,7.695,2047.996,0.000,0.000,6.170,5.080,3.630,216.178,0.000,0.000,0.016,2412.9,5453.3,70.0
1386,2026-05-02T15:57:11.652,720.315,,16.446,128576.582,118685.660,9890.922,7.693,2047.996,0.000,0.000,6.170,5.080,3.630,222.454,0.000,0.000,0.015,2297.0,5350.9,65.0
1387,2026-05-02T15:57:12.153,720.816,,10.786,128576.582,118709.727,9866.855,7.674,2047.996,0.000,0.000,6.170,5.080,3.630,225.890,0.000,0.001,0.015,2198.8,5516.1,65.0
1388,2026-05-02T15:57:12.659,721.322,,14.567,128576.582,118717.504,9859.078,7.668,2047.996,0.000,0.000,6.170,5.080,3.630,211.319,0.000,0.001,0.017,3097.2,5526.4,62.0
1389,2026-05-02T15:57:13.165,721.828,,23.595,128576.582,118713.387,9863.195,7.671,2047.996,0.000,0.000,6.170,5.080,3.630,217.877,0.085,0.001,0.016,4650.0,5200.1,64.0
1390,2026-05-02T15:57:13.710,722.373,,34.936,128576.582,118727.137,9849.445,7.660,2047.996,0.000,0.000,6.170,5.080,3.630,204.622,1.979,0.001,0.014,3164.5,5503.2,58.0
1391,2026-05-02T15:57:14.225,722.888,,33.720,128576.582,118706.172,9870.410,7.677,2047.996,0.000,0.000,6.170,5.080,3.630,204.974,0.000,0.001,0.015,2254.2,5500.0,69.0
1392,2026-05-02T15:57:14.760,723.424,,41.000,128576.582,118720.820,9855.762,7.665,2047.996,0.000,0.000,6.170,5.080,3.630,210.725,0.329,0.000,0.014,2868.0,5500.0,64.0
1393,2026-05-02T15:57:15.263,723.927,,27.061,128576.582,118724.777,9851.805,7.662,2047.996,0.000,0.000,6.170,5.080,3.630,173.909,0.000,0.001,0.015,4699.4,5300.1,64.0
1394,2026-05-02T15:57:15.763,724.427,,31.569,128576.582,118716.539,9860.043,7.669,2047.996,0.000,0.000,6.170,5.080,3.630,198.249,0.000,0.001,0.015,3008.6,5406.2,71.0
1395,2026-05-02T15:57:16.266,724.929,,34.868,128576.582,118725.621,9850.961,7.662,2047.996,0.000,0.000,5.910,5.050,3.620,199.081,0.000,0.001,0.015,3194.1,5522.9,71.0
1396,2026-05-02T15:57:16.808,725.471,,26.125,128576.582,118738.434,9838.148,7.652,2047.996,0.000,0.000,5.910,5.050,3.620,224.603,0.519,0.001,0.014,2681.6,5500.0,64.0
1397,2026-05-02T15:57:17.314,725.977,,21.464,128576.582,118744.992,9831.590,7.646,2047.996,0.000,0.000,5.910,5.050,3.620,214.051,0.000,0.000,0.015,4650.0,5200.1,64.0
1398,2026-05-02T15:57:17.822,726.486,,30.012,128576.582,118725.609,9850.973,7.662,2047.996,0.000,0.000,5.910,5.050,3.620,210.433,0.000,0.001,0.016,2407.8,5500.0,68.0
1399,2026-05-02T15:57:18.357,727.020,,28.571,128576.582,118726.930,9849.652,7.661,2047.996,0.000,0.000,5.910,5.050,3.620,273.399,0.007,0.000,0.014,2519.3,5278.0,69.0
1400,2026-05-02T15:57:18.863,727.526,,18.750,128576.582,118722.141,9854.441,7.664,2047.996,0.000,0.000,5.910,5.050,3.620,247.278,0.154,0.001,0.015,2579.8,5500.0,67.0
1401,2026-05-02T15:57:19.410,728.073,,19.713,128576.582,118710.469,9866.113,7.673,2047.996,0.000,0.000,5.910,5.050,3.620,239.832,0.000,0.001,0.015,2134.5,5500.0,67.0
1402,2026-05-02T15:57:19.910,728.574,,16.259,128576.582,118689.812,9886.770,7.689,2047.996,0.000,0.000,5.910,5.050,3.620,239.221,0.133,0.001,0.016,2435.7,5534.8,74.0
1403,2026-05-02T15:57:20.417,729.081,,13.267,128576.582,118688.613,9887.969,7.690,2047.996,0.000,0.000,5.910,5.050,3.620,249.107,0.000,0.000,0.017,1683.0,5500.0,74.0
1404,2026-05-02T15:57:20.952,729.615,,16.793,128576.582,118679.449,9897.133,7.697,2047.996,0.000,0.000,5.920,5.060,3.640,248.990,0.000,0.001,0.014,2997.7,5500.0,65.0
1405,2026-05-02T15:57:21.462,730.126,,15.673,128576.582,118665.754,9910.828,7.708,2047.996,0.000,0.000,5.920,5.060,3.640,246.638,0.000,0.000,0.015,3351.9,5500.0,65.0
1406,2026-05-02T15:57:21.963,730.626,,17.272,128576.582,118648.875,9927.707,7.721,2047.996,0.000,0.000,5.920,5.060,3.640,243.781,0.000,0.001,0.015,2620.8,5500.0,66.0
1407,2026-05-02T15:57:22.508,731.172,,15.136,128576.582,118666.449,9910.133,7.708,2047.996,0.000,0.000,5.920,5.060,3.640,257.073,0.000,0.001,0.027,2715.3,5444.9,72.0
1408,2026-05-02T15:57:23.009,731.672,,19.425,128576.582,118703.965,9872.617,7.678,2047.996,0.000,0.000,5.920,5.060,3.640,254.614,1.288,0.000,0.015,3044.4,5527.5,67.0
1409,2026-05-02T15:57:23.557,732.220,,16.403,128576.582,118709.148,9867.434,7.674,2047.996,0.000,0.000,5.920,5.060,3.640,264.546,0.185,0.000,0.014,2718.0,5500.0,68.0
1410,2026-05-02T15:57:24.058,732.721,,12.133,128576.582,118702.562,9874.020,7.679,2047.996,0.000,0.000,5.920,5.060,3.640,266.191,0.179,0.000,0.015,2774.4,5521.7,65.0
1411,2026-05-02T15:57:24.558,733.222,,12.083,128576.582,118681.203,9895.379,7.696,2047.996,0.000,0.000,5.920,5.060,3.640,274.831,0.000,0.001,0.015,1669.1,5500.0,65.0
1412,2026-05-02T15:57:25.058,733.722,,15.250,128576.582,118719.047,9857.535,7.667,2047.996,0.000,0.000,5.920,5.060,3.640,277.374,0.141,0.001,0.015,2474.4,5500.0,69.0
1413,2026-05-02T15:57:25.603,734.267,,15.331,128576.582,118717.508,9859.074,7.668,2047.996,0.000,0.000,5.920,5.060,3.640,274.455,0.000,0.000,0.014,2091.0,5500.0,61.0
1414,2026-05-02T15:57:26.108,734.771,,14.596,128576.582,118747.625,9828.957,7.644,2047.996,0.000,0.000,5.690,5.030,3.630,277.073,0.000,0.001,0.015,2612.7,5500.0,61.0
1415,2026-05-02T15:57:26.609,735.273,,12.070,128576.582,118720.254,9856.328,7.666,2047.996,0.000,0.000,5.690,5.030,3.630,273.960,0.000,0.000,0.015,2813.3,5500.0,69.0
1416,2026-05-02T15:57:27.112,735.775,,11.757,128576.582,118686.598,9889.984,7.692,2047.996,0.000,0.000,5.690,5.030,3.630,244.454,0.000,0.000,0.016,1807.7,5500.0,69.0
1417,2026-05-02T15:57:27.614,736.277,,14.877,128576.582,118667.387,9909.195,7.707,2047.996,0.000,0.000,5.690,5.030,3.630,258.906,0.000,0.001,0.016,2532.4,5500.0,72.0
1418,2026-05-02T15:57:28.154,736.817,,15.300,128576.582,118700.988,9875.594,7.681,2047.996,0.000,0.000,5.690,5.030,3.630,235.457,0.000,0.001,0.014,2760.8,5500.0,72.0
1419,2026-05-02T15:57:28.703,737.366,,13.540,128576.582,118714.535,9862.047,7.670,2047.996,0.000,0.000,5.690,5.030,3.630,265.700,0.228,0.001,0.015,2798.3,5527.1,59.0
1420,2026-05-02T15:57:29.207,737.870,,17.976,128576.582,118695.270,9881.312,7.685,2047.996,0.000,0.000,5.690,5.030,3.630,252.172,1.256,0.001,0.015,2268.3,5500.0,70.0
1421,2026-05-02T15:57:29.754,738.417,,17.048,128576.582,118723.664,9852.918,7.663,2047.996,0.000,0.000,5.690,5.030,3.630,219.093,0.000,0.000,0.014,3230.3,5485.4,63.0
1422,2026-05-02T15:57:30.296,738.959,,14.187,128576.582,118698.926,9877.656,7.682,2047.996,0.000,0.000,5.690,5.030,3.630,234.618,0.123,0.001,0.014,4697.7,5300.1,63.0
1423,2026-05-02T15:57:30.809,739.472,,19.172,128576.582,118739.766,9836.816,7.651,2047.996,0.000,0.000,5.690,5.030,3.630,256.819,0.000,0.001,0.015,2997.5,5500.0,50.0
1424,2026-05-02T15:57:31.342,740.006,,12.026,128576.582,118690.645,9885.938,7.689,2047.996,0.000,0.000,7.070,5.330,3.740,244.302,0.000,0.000,0.014,2032.4,5500.0,57.0
1425,2026-05-02T15:57:31.856,740.519,,12.554,128576.582,118722.242,9854.340,7.664,2047.996,0.000,0.000,7.070,5.330,3.740,216.189,0.000,0.000,0.015,3059.1,5500.0,66.0
1426,2026-05-02T15:57:32.404,741.067,,14.261,128576.582,118726.910,9849.672,7.661,2047.996,0.000,0.000,7.070,5.330,3.740,237.030,0.000,0.000,0.014,2609.3,5500.0,66.0
1427,2026-05-02T15:57:32.953,741.616,,12.920,128576.582,118746.469,9830.113,7.645,2047.996,0.000,0.000,7.070,5.330,3.740,224.425,0.000,0.001,0.014,2379.3,5479.2,56.0
1428,2026-05-02T15:57:33.455,742.118,,14.021,128576.582,118708.871,9867.711,7.675,2047.996,0.000,0.000,7.070,5.330,3.740,233.900,0.000,0.000,0.015,2652.7,5518.8,59.0
1429,2026-05-02T15:57:34.001,742.664,,10.287,128576.582,118686.930,9889.652,7.692,2047.996,0.000,0.000,7.070,5.330,3.740,232.338,0.293,0.001,0.028,2663.9,5500.0,64.0
1430,2026-05-02T15:57:34.503,743.166,,12.065,128576.582,118674.930,9901.652,7.701,2047.996,0.000,0.000,7.070,5.330,3.740,257.505,1.454,0.001,0.015,2464.5,5500.0,64.0
1431,2026-05-02T15:57:35.050,743.713,,9.185,128576.582,118689.387,9887.195,7.690,2047.996,0.000,0.000,7.070,5.330,3.740,238.338,0.121,0.000,0.015,1921.1,5500.0,43.9
1432,2026-05-02T15:57:35.553,744.216,,11.077,128576.582,118687.453,9889.129,7.691,2047.996,0.000,0.000,7.070,5.330,3.740,245.759,0.000,0.000,0.016,2593.0,5500.0,60.0
1433,2026-05-02T15:57:36.095,744.758,,9.773,128576.582,118666.457,9910.125,7.708,2047.996,0.000,0.000,9.310,5.820,3.910,246.569,0.000,0.001,0.014,4681.4,5343.4,52.0
1434,2026-05-02T15:57:36.608,745.272,,10.727,128576.582,118643.398,9933.184,7.725,2047.996,0.000,0.000,9.310,5.820,3.910,257.464,0.000,0.000,0.016,2810.2,5500.0,52.0
1435,2026-05-02T15:57:37.110,745.773,,12.060,128576.582,118619.539,9957.043,7.744,2047.996,0.000,0.000,9.310,5.820,3.910,275.158,0.000,0.001,0.015,2689.5,5500.0,70.0
1436,2026-05-02T15:57:37.611,746.274,,10.723,128576.582,118593.344,9983.238,7.764,2047.996,0.000,0.000,9.310,5.820,3.910,275.557,0.000,0.000,0.015,2244.0,5500.0,70.0
1437,2026-05-02T15:57:38.161,746.824,,11.593,128576.582,118651.773,9924.809,7.719,2047.996,0.000,0.000,9.310,5.820,3.910,278.566,0.000,0.001,0.014,2827.7,5500.0,62.0
1438,2026-05-02T15:57:38.707,747.370,,10.012,128576.582,118658.062,9918.520,7.714,2047.996,0.000,0.000,9.310,5.820,3.910,274.820,0.129,0.000,0.014,3227.3,5500.0,64.0
1439,2026-05-02T15:57:39.215,747.878,,12.015,128576.582,118631.598,9944.984,7.735,2047.996,0.000,0.000,9.310,5.820,3.910,280.446,0.000,0.001,0.015,2377.3,5500.0,62.0
1440,2026-05-02T15:57:39.715,748.378,,14.419,128576.582,118691.797,9884.785,7.688,2047.996,0.000,0.000,9.310,5.820,3.910,274.483,0.000,0.000,0.015,3405.8,5500.0,64.0
1441,2026-05-02T15:57:40.259,748.922,,12.400,128576.582,118663.047,9913.535,7.710,2047.996,0.000,0.000,9.310,5.820,3.910,276.527,0.000,0.001,0.014,2691.6,5500.0,49.0
1442,2026-05-02T15:57:40.800,749.463,,9.309,128576.582,118654.953,9921.629,7.717,2047.996,0.000,0.000,9.310,5.820,3.910,276.224,1.155,0.000,0.014,3333.8,5500.0,67.0
1443,2026-05-02T15:57:41.306,749.969,,10.494,128576.582,118628.152,9948.430,7.737,2047.996,0.000,0.000,8.810,5.770,3.900,274.452,0.000,0.001,0.015,4148.4,5500.1,63.0
1444,2026-05-02T15:57:41.850,750.513,,8.613,128576.582,118613.895,9962.688,7.748,2047.996,0.000,0.000,8.810,5.770,3.900,276.923,0.000,0.001,0.014,2084.3,5418.8,63.0
1445,2026-05-02T15:57:42.352,751.016,,8.568,128576.582,118694.910,9881.672,7.685,2047.996,0.000,0.000,8.810,5.770,3.900,276.561,0.000,0.000,0.015,2574.2,5500.0,70.0
1446,2026-05-02T15:57:42.854,751.518,,7.890,128576.582,118691.191,9885.391,7.688,2047.996,0.000,0.000,8.810,5.770,3.900,278.181,0.000,0.001,0.015,1949.6,5500.0,70.0
1447,2026-05-02T15:57:43.361,752.024,,9.497,128576.582,118696.699,9879.883,7.684,2047.996,0.000,0.000,8.810,5.770,3.900,275.050,0.000,0.001,0.016,3703.5,5497.6,48.0
1448,2026-05-02T15:57:43.899,752.562,,10.938,128576.582,118746.723,9829.859,7.645,2047.996,0.000,0.000,8.810,5.770,3.900,278.501,0.080,0.001,0.015,4700.1,5300.1,51.0
1449,2026-05-02T15:57:44.411,753.074,,11.091,128576.582,118756.902,9819.680,7.637,2047.996,0.000,0.000,8.810,5.770,3.900,274.765,0.107,0.000,0.016,2595.0,5500.0,49.0
1450,2026-05-02T15:57:44.954,753.618,,10.249,128576.582,118740.027,9836.555,7.650,2047.996,0.000,0.000,8.810,5.770,3.900,276.258,0.000,0.000,0.014,2122.1,5500.0,63.0
1451,2026-05-02T15:57:45.497,754.160,,10.475,128576.582,118751.789,9824.793,7.641,2047.996,0.000,0.000,8.810,5.770,3.900,276.292,0.000,0.000,0.014,2602.2,5500.0,62.0
1452,2026-05-02T15:57:46.004,754.667,,10.649,128576.582,118710.117,9866.465,7.674,2047.996,0.000,0.000,8.340,5.730,3.900,274.872,0.000,0.001,0.015,2729.8,5524.2,63.0
1453,2026-05-02T15:57:46.507,755.170,,7.683,128576.582,118821.406,9755.176,7.587,2047.996,0.000,0.000,8.340,5.730,3.900,277.573,0.000,0.000,0.015,2321.6,5500.0,64.0
1454,2026-05-02T15:57:47.016,755.679,,13.831,128576.582,118777.219,9799.363,7.621,2047.996,0.000,0.000,8.340,5.730,3.900,275.505,1.274,0.001,0.030,2616.7,5500.0,64.0
1455,2026-05-02T15:57:47.552,756.215,,13.660,128576.582,118771.652,9804.930,7.626,2047.996,0.000,0.000,8.340,5.730,3.900,277.839,0.000,0.000,0.014,2330.5,5500.0,60.0
1456,2026-05-02T15:57:48.059,756.722,,11.739,128576.582,118781.973,9794.609,7.618,2047.996,0.000,0.000,8.340,5.730,3.900,275.367,0.000,0.001,0.016,2397.9,5500.0,60.0
1457,2026-05-02T15:57:48.606,757.269,,10.654,128576.582,118796.266,9780.316,7.607,2047.996,0.000,0.000,8.340,5.730,3.900,277.502,0.000,0.000,0.014,2934.4,5500.0,55.0
1458,2026-05-02T15:57:49.153,757.816,,10.511,128576.582,118777.680,9798.902,7.621,2047.996,0.000,0.000,8.340,5.730,3.900,276.154,0.086,0.001,0.014,2591.6,5500.0,59.0
1459,2026-05-02T15:57:49.658,758.321,,11.684,128576.582,118751.938,9824.645,7.641,2047.996,0.000,0.000,8.340,5.730,3.900,276.205,0.000,0.000,0.015,2403.7,5500.0,70.0
1460,2026-05-02T15:57:50.158,758.821,,12.366,128576.582,118711.902,9864.680,7.672,2047.996,0.000,0.000,8.340,5.730,3.900,276.919,0.000,0.001,0.016,2735.1,5500.0,70.0
1461,2026-05-02T15:57:50.662,759.325,,17.070,128576.582,118711.590,9864.992,7.672,2047.996,0.000,0.000,8.340,5.730,3.900,276.030,0.000,0.000,0.015,3961.4,5500.0,68.0
1462,2026-05-02T15:57:51.163,759.827,,15.780,128576.582,118725.730,9850.852,7.661,2047.996,0.000,0.000,10.390,6.200,4.060,277.142,0.000,0.001,0.016,2047.0,5500.0,68.0
1463,2026-05-02T15:57:51.713,760.376,,14.637,128576.582,118786.402,9790.180,7.614,2047.996,0.000,0.000,10.390,6.200,4.060,276.157,2.211,0.000,0.014,2544.8,5500.0,64.0
1464,2026-05-02T15:57:52.213,760.876,,12.811,128576.582,118753.477,9823.105,7.640,2047.996,0.000,0.000,10.390,6.200,4.060,277.088,0.000,0.000,0.016,1921.9,5500.0,64.0
1465,2026-05-02T15:57:52.760,761.423,,11.741,128576.582,118763.652,9812.930,7.632,2047.996,0.000,0.000,10.390,6.200,4.060,275.413,0.000,0.001,0.015,3356.6,5500.0,60.0
1466,2026-05-02T15:57:53.309,761.972,,13.314,128576.582,118797.500,9779.082,7.606,2047.996,0.000,0.000,10.390,6.200,4.060,278.048,0.157,0.001,0.014,2399.5,5500.0,62.0
1467,2026-05-02T15:57:53.810,762.474,,13.525,128576.582,118821.430,9755.152,7.587,2047.996,0.000,0.000,10.390,6.200,4.060,277.366,0.000,0.001,0.015,2657.3,5532.5,64.0
1468,2026-05-02T15:57:54.352,763.015,,13.520,128576.582,118836.816,9739.766,7.575,2047.996,0.000,0.000,10.390,6.200,4.060,275.334,0.043,0.000,0.014,2288.7,5500.0,65.0
1469,2026-05-02T15:57:54.858,763.522,,20.147,128576.582,118870.117,9706.465,7.549,2047.996,0.000,0.000,10.390,6.200,4.060,277.218,0.000,0.001,0.015,2821.0,5415.3,68.0
1470,2026-05-02T15:57:55.373,764.036,,13.689,128576.582,118828.027,9748.555,7.582,2047.996,0.000,0.000,10.390,6.200,4.060,274.594,0.000,0.000,0.015,3277.3,5543.0,68.0
1471,2026-05-02T15:57:55.903,764.566,,10.960,128576.582,118857.508,9719.074,7.559,2047.996,0.000,0.000,9.880,6.160,4.060,278.177,0.000,0.001,0.015,4699.7,5300.1,55.0
1472,2026-05-02T15:57:56.409,765.072,,11.988,128576.582,118820.781,9755.801,7.588,2047.996,0.000,0.000,9.880,6.160,4.060,276.165,0.000,0.000,0.015,2681.4,5500.0,67.0
1473,2026-05-02T15:57:56.952,765.615,,8.746,128576.582,118783.418,9793.164,7.617,2047.996,0.000,0.000,9.880,6.160,4.060,274.648,0.000,0.000,0.014,2229.9,5139.1,68.0
1474,2026-05-02T15:57:57.454,766.117,,9.689,128576.582,118834.148,9742.434,7.577,2047.996,0.000,0.000,9.880,6.160,4.060,278.879,0.000,0.000,0.015,2187.9,5514.9,68.0
1475,2026-05-02T15:57:57.960,766.623,,11.333,128576.582,118833.285,9743.297,7.578,2047.996,0.000,0.000,9.880,6.160,4.060,275.975,1.404,0.001,0.015,3059.4,5547.8,59.0
1476,2026-05-02T15:57:58.503,767.167,,11.682,128576.582,118829.254,9747.328,7.581,2047.996,0.000,0.000,9.880,6.160,4.060,274.914,0.129,0.000,0.014,2772.5,5529.4,64.0
1477,2026-05-02T15:57:59.005,767.668,,10.414,128576.582,118816.105,9760.477,7.591,2047.996,0.000,0.000,9.880,6.160,4.060,275.412,0.031,0.001,0.016,3098.8,5469.5,65.0
1478,2026-05-02T15:57:59.553,768.217,,10.654,128576.582,118761.297,9815.285,7.634,2047.996,0.000,0.000,9.880,6.160,4.060,278.700,0.000,0.000,0.028,3085.2,5527.9,65.0
1479,2026-05-02T15:58:00.054,768.717,,9.131,128576.582,118769.293,9807.289,7.628,2047.996,0.000,0.000,9.880,6.160,4.060,275.071,0.000,0.001,0.031,2611.2,5500.0,64.0
1480,2026-05-02T15:58:00.603,769.266,,16.581,128576.582,118811.180,9765.402,7.595,2047.996,0.000,0.000,9.880,6.160,4.060,278.215,0.000,0.000,0.016,2201.0,5474.2,64.0
1481,2026-05-02T15:58:01.105,769.768,,14.938,128576.582,118810.008,9766.574,7.596,2047.996,0.000,0.000,11.810,6.620,4.220,273.112,0.000,0.001,0.015,2652.9,5500.0,65.0
1482,2026-05-02T15:58:01.650,770.313,,12.209,128576.582,118803.391,9773.191,7.601,2047.996,0.000,0.000,11.810,6.620,4.220,278.060,0.000,0.000,0.014,3065.1,5414.2,65.0
1483,2026-05-02T15:58:02.150,770.814,,11.242,128576.582,118817.887,9758.695,7.590,2047.996,0.000,0.000,11.810,6.620,4.220,278.426,0.000,0.001,0.015,2615.6,5519.5,68.0
1484,2026-05-02T15:58:02.657,771.320,,11.562,128576.582,118772.477,9804.105,7.625,2047.996,0.000,0.000,11.810,6.620,4.220,277.024,0.000,0.000,0.015,2288.2,5500.0,68.0
1485,2026-05-02T15:58:03.157,771.821,,12.241,128576.582,118729.125,9847.457,7.659,2047.996,0.000,0.000,11.810,6.620,4.220,271.624,0.000,0.001,0.015,2696.4,5500.0,67.0
1486,2026-05-02T15:58:03.701,772.364,,12.133,128576.582,118738.758,9837.824,7.651,2047.996,0.000,0.000,11.810,6.620,4.220,275.052,0.187,0.001,0.014,2450.9,5500.0,67.0
1487,2026-05-02T15:58:04.210,772.873,,13.035,128576.582,118719.918,9856.664,7.666,2047.996,0.000,0.000,11.810,6.620,4.220,267.679,0.000,0.001,0.015,1709.2,5500.0,63.0
1488,2026-05-02T15:58:04.760,773.423,,16.005,128576.582,118741.629,9834.953,7.649,2047.996,0.000,0.000,11.810,6.620,4.220,251.103,1.172,0.000,0.014,2990.8,5500.0,63.0
1489,2026-05-02T15:58:05.308,773.971,,18.523,128576.582,118722.984,9853.598,7.664,2047.996,0.000,0.000,11.810,6.620,4.220,277.718,0.000,0.000,0.014,2463.1,5500.0,60.0
1490,2026-05-02T15:58:05.810,774.473,,15.256,128576.582,118739.844,9836.738,7.650,2047.996,0.000,0.000,11.810,6.620,4.220,271.198,0.676,0.001,0.015,2769.5,5500.0,73.0
1491,2026-05-02T15:58:06.311,774.974,,13.527,128576.582,118741.375,9835.207,7.649,2047.996,0.000,0.000,13.190,6.990,4.350,249.980,0.000,0.001,0.015,2813.4,5500.0,66.0
1492,2026-05-02T15:58:06.812,775.475,,13.750,128576.582,118739.457,9837.125,7.651,2047.996,0.000,0.000,13.190,6.990,4.350,272.243,0.000,0.001,0.015,2689.4,5500.0,66.0
1493,2026-05-02T15:58:07.361,776.024,,14.416,128576.582,118768.539,9808.043,7.628,2047.996,0.000,0.000,13.190,6.990,4.350,268.435,0.000,0.000,0.014,1540.3,5140.8,44.0
1494,2026-05-02T15:58:07.866,776.530,,13.412,128576.582,118752.250,9824.332,7.641,2047.996,0.000,0.000,13.190,6.990,4.350,272.066,0.000,0.001,0.016,3220.7,5520.1,59.0
1495,2026-05-02T15:58:08.409,777.073,,16.255,128576.582,118748.879,9827.703,7.643,2047.996,0.000,0.000,13.190,6.990,4.350,275.343,0.137,0.000,0.015,2173.9,5500.0,71.0
1496,2026-05-02T15:58:08.909,777.573,,17.899,128576.582,118790.539,9786.043,7.611,2047.996,0.000,0.000,13.190,6.990,4.350,280.058,0.000,0.001,0.016,2624.2,5338.6,71.0
1497,2026-05-02T15:58:09.453,778.116,,12.646,128576.582,118756.750,9819.832,7.637,2047.996,0.000,0.000,13.190,6.990,4.350,275.619,0.000,0.000,0.014,1922.3,5500.1,44.0
1498,2026-05-02T15:58:09.966,778.629,,13.065,128576.582,118741.805,9834.777,7.649,2047.996,0.000,0.000,13.190,6.990,4.350,272.891,0.000,0.001,0.015,2974.8,5529.6,58.0
1499,2026-05-02T15:58:10.512,779.175,,14.105,128576.582,118682.051,9894.531,7.695,2047.996,0.000,0.000,13.190,6.990,4.350,275.813,0.000,0.000,0.027,2295.7,5500.0,63.0
1500,2026-05-02T15:58:11.016,779.679,,15.741,128576.582,118727.891,9848.691,7.660,2047.996,0.000,0.000,12.370,6.930,4.340,277.526,1.226,0.001,0.015,2668.4,5500.0,64.0
1501,2026-05-02T15:58:11.562,780.225,,17.714,128576.582,118692.516,9884.066,7.687,2047.996,0.000,0.000,12.370,6.930,4.340,278.118,0.000,0.001,0.014,2247.5,5500.0,63.0
1502,2026-05-02T15:58:12.066,780.729,,18.875,128576.582,118739.039,9837.543,7.651,2047.996,0.000,0.000,12.370,6.930,4.340,275.333,0.000,0.000,0.015,3089.7,5500.0,66.0
1503,2026-05-02T15:58:12.611,781.274,,14.343,128576.582,118728.336,9848.246,7.659,2047.996,0.000,0.000,12.370,6.930,4.340,276.563,0.000,0.000,0.014,2795.1,5500.0,69.0
1504,2026-05-02T15:58:13.112,781.776,,10.483,128576.582,118741.836,9834.746,7.649,2047.996,0.000,0.000,12.370,6.930,4.340,276.335,0.000,0.001,0.016,2028.8,5500.0,69.0
1505,2026-05-02T15:58:13.654,782.317,,10.750,128576.582,118741.551,9835.031,7.649,2047.996,0.000,0.000,12.370,6.930,4.340,274.788,0.079,0.000,0.014,2013.4,5500.0,65.0
1506,2026-05-02T15:58:14.202,782.865,,12.021,128576.582,118775.238,9801.344,7.623,2047.996,0.000,0.000,12.370,6.930,4.340,214.795,0.107,0.001,0.014,1447.6,5500.0,60.0
1507,2026-05-02T15:58:14.713,783.377,,13.177,128576.582,118766.781,9809.801,7.630,2047.996,0.000,0.000,12.370,6.930,4.340,244.279,0.000,0.000,0.015,2324.7,5359.9,69.0
1508,2026-05-02T15:58:15.255,783.918,,17.709,128576.582,118741.109,9835.473,7.650,2047.996,0.000,0.000,12.370,6.930,4.340,246.194,0.000,0.000,0.015,2589.6,5500.0,69.0
1509,2026-05-02T15:58:15.759,784.422,,17.310,128576.582,118709.098,9867.484,7.674,2047.996,0.000,0.000,12.370,6.930,4.340,272.633,0.000,0.000,0.016,2930.0,5500.0,57.0
1510,2026-05-02T15:58:16.261,784.925,,16.583,128576.582,118704.359,9872.223,7.678,2047.996,0.000,0.000,14.110,7.380,4.500,269.813,0.000,0.001,0.017,2513.4,5500.0,67.0
1511,2026-05-02T15:58:16.807,785.471,,12.959,128576.582,118778.145,9798.438,7.621,2047.996,0.000,0.000,14.110,7.380,4.500,236.459,1.359,0.000,0.014,2770.2,5427.9,65.0
1512,2026-05-02T15:58:17.308,785.971,,11.314,128576.582,118759.605,9816.977,7.635,2047.996,0.000,0.000,14.110,7.380,4.500,258.538,0.000,0.000,0.015,2951.4,5500.0,68.0
1513,2026-05-02T15:58:17.853,786.516,,12.185,128576.582,118793.230,9783.352,7.609,2047.996,0.000,0.000,14.110,7.380,4.500,224.343,0.000,0.001,0.015,2777.6,5500.0,47.0
1514,2026-05-02T15:58:18.353,787.016,,10.182,128576.582,118729.988,9846.594,7.658,2047.996,0.000,0.000,14.110,7.380,4.500,201.561,0.000,0.000,0.015,2353.3,5500.1,62.0
1515,2026-05-02T15:58:18.896,787.559,,10.341,128576.582,118728.047,9848.535,7.660,2047.996,0.000,0.000,14.110,7.380,4.500,234.810,0.086,0.001,0.014,3000.8,5425.4,63.0
1516,2026-05-02T15:58:19.397,788.061,,10.490,128576.582,118705.516,9871.066,7.677,2047.996,0.000,0.000,14.110,7.380,4.500,248.178,0.000,0.001,0.015,2367.3,5506.9,63.0
1517,2026-05-02T15:58:19.902,788.566,,15.074,128576.582,118708.820,9867.762,7.675,2047.996,0.000,0.000,14.110,7.380,4.500,240.818,0.000,0.001,0.015,2355.7,5543.6,71.0
1518,2026-05-02T15:58:20.450,789.113,,10.349,128576.582,118715.816,9860.766,7.669,2047.996,0.000,0.000,14.110,7.380,4.500,259.905,0.000,0.000,0.014,2118.7,5500.0,71.0
1519,2026-05-02T15:58:20.954,789.618,,11.746,128576.582,118722.109,9854.473,7.664,2047.996,0.000,0.000,13.220,7.300,4.500,247.855,0.000,0.001,0.015,2395.5,5500.0,67.0
1520,2026-05-02T15:58:21.456,790.120,,19.704,128576.582,118671.051,9905.531,7.704,2047.996,0.000,0.000,13.220,7.300,4.500,255.082,0.000,0.001,0.015,2718.8,5502.8,67.0
1521,2026-05-02T15:58:21.959,790.622,,13.387,128576.582,118722.070,9854.512,7.664,2047.996,0.000,0.000,13.220,7.300,4.500,250.849,0.000,0.000,0.015,3321.1,5500.0,60.0
1522,2026-05-02T15:58:22.504,791.167,,12.673,128576.582,118730.699,9845.883,7.658,2047.996,0.000,0.000,13.220,7.300,4.500,235.288,0.000,0.000,0.028,2503.2,5500.0,60.0
1523,2026-05-02T15:58:23.050,791.713,,11.219,128576.582,118746.285,9830.297,7.645,2047.996,0.000,0.000,13.220,7.300,4.500,242.460,1.179,0.001,0.015,2594.9,5500.0,61.0
1524,2026-05-02T15:58:23.556,792.219,,12.954,128576.582,118730.531,9846.051,7.658,2047.996,0.000,0.000,13.220,7.300,4.500,212.051,0.015,0.000,0.016,2548.5,5508.3,61.0
1525,2026-05-02T15:58:24.104,792.767,,21.478,128576.582,118752.207,9824.375,7.641,2047.996,0.000,0.000,13.220,7.300,4.500,227.315,0.264,0.001,0.014,2214.0,5500.0,49.0
1526,2026-05-02T15:58:24.611,793.274,,16.295,128576.582,118758.465,9818.117,7.636,2047.996,0.000,0.000,13.220,7.300,4.500,217.754,0.000,0.000,0.017,2401.7,5430.2,49.0
1527,2026-05-02T15:58:25.152,793.815,,17.289,128576.582,118729.094,9847.488,7.659,2047.996,0.000,0.000,13.220,7.300,4.500,241.732,0.000,0.000,0.014,3182.9,5500.0,56.0
1528,2026-05-02T15:58:25.659,794.323,,15.894,128576.582,118734.695,9841.887,7.654,2047.996,0.000,0.000,13.220,7.300,4.500,232.092,0.000,0.000,0.015,3182.9,5440.9,66.0
1529,2026-05-02T15:58:26.205,794.868,,16.505,128576.582,118702.602,9873.980,7.679,2047.996,0.000,0.000,12.400,7.230,4.490,237.042,0.000,0.001,0.014,3236.1,5500.0,73.0
1530,2026-05-02T15:58:26.706,795.370,,13.106,128576.582,118696.754,9879.828,7.684,2047.996,0.000,0.000,12.400,7.230,4.490,226.726,0.000,0.000,0.015,3361.2,5500.0,73.0
1531,2026-05-02T15:58:27.250,795.913,,12.999,128576.582,118713.613,9862.969,7.671,2047.996,0.000,0.000,12.400,7.230,4.490,235.744,0.000,0.000,0.014,2844.0,5500.0,64.0
1532,2026-05-02T15:58:27.752,796.415,,12.992,128576.582,118734.574,9842.008,7.655,2047.996,0.000,0.000,12.400,7.230,4.490,209.352,0.000,0.000,0.015,2479.2,5479.2,64.0
1533,2026-05-02T15:58:28.259,796.922,,11.728,128576.582,118756.199,9820.383,7.638,2047.996,0.000,0.000,12.400,7.230,4.490,210.642,0.000,0.001,0.015,3255.4,5500.0,68.0
1534,2026-05-02T15:58:28.798,797.461,,19.391,128576.582,118731.832,9844.750,7.657,2047.996,0.000,0.000,12.400,7.230,4.490,219.405,1.340,0.001,0.014,2388.8,5500.0,68.0
1535,2026-05-02T15:58:29.300,797.963,,18.824,128576.582,118740.426,9836.156,7.650,2047.996,0.000,0.000,12.400,7.230,4.490,236.924,0.000,0.001,0.016,3144.6,5304.4,62.0
1536,2026-05-02T15:58:29.850,798.513,,18.557,128576.582,118732.492,9844.090,7.656,2047.996,0.000,0.000,12.400,7.230,4.490,253.712,1.471,0.001,0.014,2521.8,5500.0,62.0
1537,2026-05-02T15:58:30.357,799.020,,15.037,128576.582,118695.855,9880.727,7.685,2047.996,0.000,0.000,12.400,7.230,4.490,239.158,0.000,0.000,0.015,2751.5,5460.5,63.0
1538,2026-05-02T15:58:30.906,799.569,,19.394,128576.582,118713.801,9862.781,7.671,2047.996,0.000,0.000,11.650,7.160,4.480,234.843,0.000,0.000,0.014,3045.6,5500.0,69.0
1539,2026-05-02T15:58:31.407,800.070,,18.758,128576.582,118723.805,9852.777,7.663,2047.996,0.000,0.000,11.650,7.160,4.480,205.751,0.094,0.001,0.016,2833.9,5520.8,65.0
1540,2026-05-02T15:58:31.956,800.619,,13.771,128576.582,118740.703,9835.879,7.650,2047.996,0.000,0.000,11.650,7.160,4.480,273.800,0.000,0.001,0.015,2564.7,5500.0,69.0
1541,2026-05-02T15:58:32.502,801.165,,16.054,128576.582,118739.828,9836.754,7.651,2047.996,0.000,0.000,11.650,7.160,4.480,275.148,0.000,0.000,0.029,1951.4,5500.0,57.0
1542,2026-05-02T15:58:33.002,801.665,,13.429,128576.582,118727.488,9849.094,7.660,2047.996,0.000,0.000,11.650,7.160,4.480,280.861,0.000,0.001,0.016,2290.7,5500.0,62.0
1543,2026-05-02T15:58:33.504,802.167,,11.327,128576.582,118752.355,9824.227,7.641,2047.996,0.000,0.000,11.650,7.160,4.480,260.572,0.000,0.001,0.015,1992.0,5500.0,54.0
1544,2026-05-02T15:58:34.004,802.668,,12.070,128576.582,118763.543,9813.039,7.632,2047.996,0.000,0.000,11.650,7.160,4.480,255.315,0.047,0.001,0.015,1980.6,5500.0,60.0
1545,2026-05-02T15:58:34.508,803.171,,10.295,128576.582,118721.859,9854.723,7.664,2047.996,0.000,0.000,11.650,7.160,4.480,266.237,0.000,0.001,0.015,2558.3,5500.0,65.0
1546,2026-05-02T15:58:35.015,803.678,,13.586,128576.582,118722.449,9854.133,7.664,2047.996,0.000,0.000,11.650,7.160,4.480,257.947,1.094,0.001,0.015,2662.7,5416.3,71.0
1547,2026-05-02T15:58:35.558,804.221,,14.478,128576.582,118749.930,9826.652,7.643,2047.996,0.000,0.000,11.650,7.160,4.480,231.717,0.000,0.001,0.014,3391.4,5379.0,66.0
1548,2026-05-02T15:58:36.103,804.766,,11.581,128576.582,118732.879,9843.703,7.656,2047.996,0.000,0.000,10.950,7.090,4.470,221.991,0.000,0.001,0.014,2333.0,5519.2,66.0
1549,2026-05-02T15:58:36.603,805.266,,11.835,128576.582,118745.977,9830.605,7.646,2047.996,0.000,0.000,10.950,7.090,4.470,242.184,0.773,0.000,0.015,2614.8,5500.1,63.0
1550,2026-05-02T15:58:37.105,805.768,,10.388,128576.582,118728.609,9847.973,7.659,2047.996,0.000,0.000,10.950,7.090,4.470,245.279,0.000,0.000,0.015,2392.8,5500.0,63.0
1551,2026-05-02T15:58:37.654,806.318,,10.280,128576.582,118735.496,9841.086,7.654,2047.996,0.000,0.000,10.950,7.090,4.470,265.441,0.000,0.000,0.014,4650.0,5200.1,61.0
1552,2026-05-02T15:58:38.202,806.865,,15.385,128576.582,118728.906,9847.676,7.659,2047.996,0.000,0.000,10.950,7.090,4.470,275.570,0.000,0.001,0.014,4102.4,5409.8,59.0
1553,2026-05-02T15:58:38.705,807.369,,19.640,128576.582,118757.816,9818.766,7.637,2047.996,0.000,0.000,10.950,7.090,4.470,268.510,0.000,0.000,0.015,3779.9,5500.0,68.0
1554,2026-05-02T15:58:39.212,807.875,,33.104,128576.582,118762.156,9814.426,7.633,2047.996,0.000,0.000,10.950,7.090,4.470,271.881,0.000,0.001,0.016,4623.7,5265.7,68.0
1555,2026-05-02T15:58:39.720,808.383,,14.700,128576.582,118761.855,9814.727,7.633,2047.996,0.000,0.000,10.950,7.090,4.470,269.795,0.000,0.001,0.016,2608.8,5551.9,68.0
1556,2026-05-02T15:58:40.267,808.930,,37.108,128576.582,118772.234,9804.348,7.625,2047.996,0.000,0.000,10.950,7.090,4.470,275.564,0.000,0.001,0.016,4649.2,5200.1,68.0
1557,2026-05-02T15:58:40.810,809.473,,29.673,128576.582,118728.422,9848.160,7.659,2047.996,0.000,0.000,10.950,7.090,4.470,233.953,1.159,0.001,0.014,2588.9,5549.1,70.0
1558,2026-05-02T15:58:41.354,810.017,,11.379,128576.582,118737.715,9838.867,7.652,2047.996,0.000,0.000,10.320,7.020,4.460,228.584,0.000,0.000,0.014,2403.7,5449.0,70.0
1559,2026-05-02T15:58:41.869,810.532,,12.850,128576.582,118714.176,9862.406,7.670,2047.996,0.000,0.000,10.320,7.020,4.460,241.316,0.341,0.001,0.015,3084.5,5500.0,60.0
1560,2026-05-02T15:58:42.402,811.065,,12.594,128576.582,118678.477,9898.105,7.698,2047.996,0.000,0.000,10.320,7.020,4.460,236.839,0.000,0.000,0.014,2628.8,5500.0,67.0
1561,2026-05-02T15:58:42.904,811.568,,13.486,128576.582,118687.453,9889.129,7.691,2047.996,0.000,0.000,10.320,7.020,4.460,216.076,0.000,0.001,0.015,2532.9,5552.9,63.0
1562,2026-05-02T15:58:43.407,812.071,,10.602,128576.582,118709.129,9867.453,7.674,2047.996,0.000,0.000,10.320,7.020,4.460,222.665,0.000,0.001,0.015,2728.1,5537.4,63.0
1563,2026-05-02T15:58:43.910,812.574,,16.179,128576.582,118718.285,9858.297,7.667,2047.996,0.000,0.000,10.320,7.020,4.460,228.612,0.000,0.001,0.015,4650.1,5200.1,63.0
1564,2026-05-02T15:58:44.453,813.116,,16.936,128576.582,118690.559,9886.023,7.689,2047.996,0.000,0.000,10.320,7.020,4.460,242.330,0.000,0.000,0.014,2930.6,5500.0,70.0
1565,2026-05-02T15:58:44.957,813.620,,19.824,128576.582,118668.859,9907.723,7.706,2047.996,0.000,0.000,10.320,7.020,4.460,226.835,0.000,0.001,0.018,2241.0,5500.0,60.0
1566,2026-05-02T15:58:45.460,814.124,,15.935,128576.582,118694.121,9882.461,7.686,2047.996,0.000,0.000,10.320,7.020,4.460,202.827,0.000,0.000,0.015,2883.1,5408.9,71.0
1567,2026-05-02T15:58:45.996,814.659,,16.404,128576.582,118719.355,9857.227,7.666,2047.996,0.000,0.000,9.570,6.920,4.440,168.152,0.000,0.000,0.028,4685.4,5300.1,51.0
1568,2026-05-02T15:58:46.503,815.166,,17.316,128576.582,118706.586,9869.996,7.676,2047.996,0.000,0.000,9.570,6.920,4.440,188.108,0.146,0.000,0.015,4650.1,5200.1,60.0
1569,2026-05-02T15:58:47.047,815.710,,12.890,128576.582,118736.977,9839.605,7.653,2047.996,0.000,0.000,9.570,6.920,4.440,205.915,1.278,0.001,0.015,2205.0,5500.0,46.0
1570,2026-05-02T15:58:47.548,816.211,,11.125,128576.582,118718.344,9858.238,7.667,2047.996,0.000,0.000,9.570,6.920,4.440,233.881,0.000,0.001,0.016,4579.0,5346.1,53.0
1571,2026-05-02T15:58:48.053,816.716,,13.860,128576.582,118703.301,9873.281,7.679,2047.996,0.000,0.000,9.570,6.920,4.440,251.831,0.000,0.001,0.016,2706.7,5500.0,70.0
1572,2026-05-02T15:58:48.599,817.262,,15.578,128576.582,118706.594,9869.988,7.676,2047.996,0.000,0.000,9.570,6.920,4.440,276.190,0.000,0.000,0.015,4570.5,5308.8,70.0
1573,2026-05-02T15:58:49.103,817.766,,14.535,128576.582,118668.453,9908.129,7.706,2047.996,0.000,0.000,9.570,6.920,4.440,275.593,0.000,0.001,0.015,2571.7,5537.4,72.0
1574,2026-05-02T15:58:49.615,818.278,,16.121,128576.582,118692.027,9884.555,7.688,2047.996,0.000,0.000,9.570,6.920,4.440,273.619,0.000,0.001,0.015,1669.6,5501.8,72.0
1575,2026-05-02T15:58:50.153,818.816,,16.221,128576.582,118803.992,9772.590,7.601,2047.996,0.000,0.000,9.570,6.920,4.440,259.203,0.000,0.001,0.015,2758.9,5514.0,60.0
1576,2026-05-02T15:58:50.659,819.322,,9.957,128576.582,118750.027,9826.555,7.643,2047.996,0.000,0.000,9.570,6.920,4.440,265.680,0.000,0.001,0.015,1918.6,5500.0,60.0
1577,2026-05-02T15:58:51.200,819.863,,12.025,128576.582,118747.590,9828.992,7.644,2047.996,0.000,0.000,8.960,6.840,4.430,251.004,0.000,0.000,0.014,2683.5,5500.0,69.0
1578,2026-05-02T15:58:51.707,820.370,,12.679,128576.582,118739.922,9836.660,7.650,2047.996,0.000,0.000,8.960,6.840,4.430,262.723,0.147,0.000,0.015,3126.5,5468.9,69.0
1579,2026-05-02T15:58:52.211,820.874,,15.832,128576.582,118723.426,9853.156,7.663,2047.996,0.000,0.000,8.960,6.840,4.430,229.290,0.240,0.001,0.015,3273.9,5500.0,67.0
1580,2026-05-02T15:58:52.757,821.420,,13.720,128576.582,118771.145,9805.438,7.626,2047.996,0.000,0.000,8.960,6.840,4.430,201.324,0.000,0.000,0.014,2734.1,5500.0,67.0
1581,2026-05-02T15:58:53.297,821.960,,10.505,128576.582,118763.109,9813.473,7.632,2047.996,0.000,0.000,8.960,6.840,4.430,218.688,1.208,0.001,0.014,3199.1,5461.5,59.0
1582,2026-05-02T15:58:53.806,822.469,,16.656,128576.582,118764.879,9811.703,7.631,2047.996,0.000,0.000,8.960,6.840,4.430,247.745,0.000,0.001,0.015,3206.4,5484.7,61.0
1583,2026-05-02T15:58:54.309,822.973,,16.367,128576.582,118767.371,9809.211,7.629,2047.996,0.000,0.000,8.960,6.840,4.430,265.058,0.000,0.000,0.015,2329.0,5498.7,61.0
1584,2026-05-02T15:58:54.811,823.474,,18.286,128576.582,118761.160,9815.422,7.634,2047.996,0.000,0.000,8.960,6.840,4.430,268.993,0.000,0.001,0.015,2723.9,5542.6,65.0
1585,2026-05-02T15:58:55.311,823.974,,16.115,128576.582,118759.730,9816.852,7.635,2047.996,0.000,0.000,8.960,6.840,4.430,273.168,0.000,0.000,0.016,2994.5,5467.3,68.0
1586,2026-05-02T15:58:55.813,824.476,,19.181,128576.582,118712.973,9863.609,7.671,2047.996,0.000,0.000,8.960,6.840,4.430,220.988,0.000,0.001,0.016,2426.4,5507.4,67.0
1587,2026-05-02T15:58:56.345,825.008,,11.685,128576.582,118719.965,9856.617,7.666,2047.996,0.000,0.000,8.490,6.780,4.420,206.796,0.000,0.000,0.016,2805.1,5500.0,64.0
1588,2026-05-02T15:58:56.851,825.514,,20.200,128576.582,118748.984,9827.598,7.643,2047.996,0.000,0.000,8.490,6.780,4.420,197.517,0.208,0.001,0.015,2541.3,5500.0,64.0
1589,2026-05-02T15:58:57.351,826.014,,16.801,128576.582,118726.609,9849.973,7.661,2047.996,0.000,0.000,8.490,6.780,4.420,210.683,0.141,0.000,0.015,2841.4,5500.0,66.0
1590,2026-05-02T15:58:57.851,826.514,,11.375,128576.582,118737.020,9839.562,7.653,2047.996,0.000,0.000,8.490,6.780,4.420,224.049,0.000,0.001,0.015,2206.0,5500.0,67.0
1591,2026-05-02T15:58:58.355,827.018,,8.630,128576.582,118763.113,9813.469,7.632,2047.996,0.000,0.000,8.490,6.780,4.420,223.696,0.000,0.000,0.015,2723.3,5500.0,71.0
1592,2026-05-02T15:58:58.857,827.521,,11.001,128576.582,118739.559,9837.023,7.651,2047.996,0.000,0.000,8.490,6.780,4.420,231.394,1.515,0.000,0.015,3482.3,5500.0,71.0
1593,2026-05-02T15:58:59.402,828.066,,11.169,128576.582,118721.020,9855.562,7.665,2047.996,0.000,0.000,8.490,6.780,4.420,236.215,0.000,0.000,0.014,2382.8,5415.2,62.0
1594,2026-05-02T15:58:59.952,828.615,,12.521,128576.582,118733.875,9842.707,7.655,2047.996,0.000,0.000,8.490,6.780,4.420,243.056,0.000,0.001,0.014,3241.6,5500.0,58.0
1595,2026-05-02T15:59:00.457,829.120,,10.276,128576.582,118738.332,9838.250,7.652,2047.996,0.000,0.000,8.490,6.780,4.420,244.243,0.000,0.001,0.030,2194.7,5342.5,65.0
1596,2026-05-02T15:59:00.996,829.659,,12.155,128576.582,118704.340,9872.242,7.678,2047.996,0.000,0.000,7.970,6.700,4.410,259.851,0.000,0.001,0.028,4698.4,5300.1,65.0
1597,2026-05-02T15:59:01.506,830.169,,20.494,128576.582,118751.035,9825.547,7.642,2047.996,0.000,0.000,7.970,6.700,4.410,268.056,0.000,0.000,0.015,2163.7,5500.0,62.0
1598,2026-05-02T15:59:02.008,830.671,,13.178,128576.582,118758.211,9818.371,7.636,2047.996,0.000,0.000,7.970,6.700,4.410,233.905,0.491,0.001,0.016,2648.4,5461.2,64.0
1599,2026-05-02T15:59:02.555,831.219,,11.232,128576.582,118735.609,9840.973,7.654,2047.996,0.000,0.000,7.970,6.700,4.410,246.843,0.000,0.001,0.014,3413.0,5300.6,59.0
1600,2026-05-02T15:59:03.083,831.746,,21.646,128576.582,118706.129,9870.453,7.677,2047.996,0.000,0.000,7.970,6.700,4.410,266.429,0.000,0.001,0.015,3006.5,5547.8,61.0
1601,2026-05-02T15:59:03.617,832.280,,24.722,128576.582,118725.938,9850.645,7.661,2047.996,0.000,0.000,7.970,6.700,4.410,275.239,0.000,0.000,0.015,4112.3,5500.1,69.0
1602,2026-05-02T15:59:04.117,832.780,,30.750,128576.582,118722.234,9854.348,7.664,2047.996,0.000,0.000,7.970,6.700,4.410,261.804,0.000,0.001,0.016,2781.2,5470.7,74.0
1603,2026-05-02T15:59:04.621,833.284,,27.222,128576.582,118725.363,9851.219,7.662,2047.996,0.000,0.000,7.970,6.700,4.410,274.157,1.218,0.000,0.017,1672.8,5181.8,46.0
1604,2026-05-02T15:59:05.163,833.826,,18.516,128576.582,118749.793,9826.789,7.643,2047.996,0.000,0.000,7.970,6.700,4.410,275.583,0.000,0.001,0.014,2388.8,5500.0,68.0
1605,2026-05-02T15:59:05.710,834.374,,13.280,128576.582,118805.398,9771.184,7.600,2047.996,0.000,0.000,7.970,6.700,4.410,248.071,0.000,0.001,0.014,2811.6,5483.0,50.0
1606,2026-05-02T15:59:06.210,834.874,,13.559,128576.582,118778.070,9798.512,7.621,2047.996,0.000,0.000,7.490,6.620,4.400,202.499,0.000,0.001,0.015,3127.0,5469.3,73.0
1607,2026-05-02T15:59:06.747,835.411,,15.513,128576.582,118785.035,9791.547,7.615,2047.996,0.000,0.000,7.490,6.620,4.400,208.570,0.000,0.001,0.015,3036.6,5500.0,65.0
1608,2026-05-02T15:59:07.253,835.916,,10.855,128576.582,118795.816,9780.766,7.607,2047.996,0.000,0.000,7.490,6.620,4.400,185.231,0.270,0.001,0.015,2337.6,5500.0,65.0
1609,2026-05-02T15:59:07.796,836.459,,12.659,128576.582,118801.559,9775.023,7.602,2047.996,0.000,0.000,7.490,6.620,4.400,184.125,1.956,0.000,0.014,2222.6,5500.0,66.0
1610,2026-05-02T15:59:08.297,836.960,,6.758,128576.582,118794.754,9781.828,7.608,2047.996,0.000,0.000,7.490,6.620,4.400,179.786,0.000,0.001,0.015,2428.3,5500.0,66.0
1611,2026-05-02T15:59:08.843,837.507,,5.930,128576.582,118750.281,9826.301,7.642,2047.996,0.000,0.000,7.490,6.620,4.400,152.514,0.000,0.001,0.014,2290.1,5500.0,66.0
1612,2026-05-02T15:59:09.343,838.007,,6.125,128576.582,118752.336,9824.246,7.641,2047.996,0.000,0.000,7.490,6.620,4.400,164.987,0.000,0.000,0.015,2811.7,5500.0,66.0
1613,2026-05-02T15:59:09.891,838.555,,5.109,128576.582,118760.637,9815.945,7.634,2047.996,0.000,0.000,7.490,6.620,4.400,170.938,0.086,0.001,0.014,2923.6,5536.9,61.0
1614,2026-05-02T15:59:10.392,839.055,,4.288,128576.582,118738.961,9837.621,7.651,2047.996,0.000,0.000,7.490,6.620,4.400,160.689,0.000,0.001,0.015,2659.5,5500.0,61.0
1615,2026-05-02T15:59:10.892,839.556,,6.897,128576.582,118747.441,9829.141,7.645,2047.996,0.000,0.000,7.130,6.560,4.390,119.894,0.476,0.001,0.015,1864.4,5500.0,55.0
1616,2026-05-02T15:59:11.395,840.058,,7.045,128576.582,118736.211,9840.371,7.653,2047.996,0.000,0.000,7.130,6.560,4.390,161.364,0.000,0.000,0.016,3632.1,5500.9,58.0
1617,2026-05-02T15:59:11.899,840.562,,7.103,128576.582,118753.562,9823.020,7.640,2047.996,0.000,0.000,7.130,6.560,4.390,163.890,0.000,0.001,0.016,3366.4,5500.0,62.0
1618,2026-05-02T15:59:12.400,841.063,,6.384,128576.582,118756.391,9820.191,7.638,2047.996,0.000,0.000,7.130,6.560,4.390,189.059,0.211,0.000,0.017,1789.7,5502.4,62.0
1619,2026-05-02T15:59:12.900,841.563,,8.385,128576.582,118758.188,9818.395,7.636,2047.996,0.000,0.000,7.130,6.560,4.390,205.494,0.000,0.001,0.016,2655.2,5530.7,68.0
1620,2026-05-02T15:59:13.403,842.066,,9.512,128576.582,118769.215,9807.367,7.628,2047.996,0.000,0.000,7.130,6.560,4.390,234.380,0.000,0.000,0.015,2584.3,5500.0,68.0
1621,2026-05-02T15:59:13.945,842.608,,7.585,128576.582,118759.574,9817.008,7.635,2047.996,0.000,0.000,7.130,6.560,4.390,206.693,0.000,0.001,0.014,1942.5,5260.9,68.0
1622,2026-05-02T15:59:14.452,843.115,,9.864,128576.582,118760.113,9816.469,7.635,2047.996,0.000,0.000,7.130,6.560,4.390,211.693,0.139,0.001,0.015,3836.7,5500.0,68.0
1623,2026-05-02T15:59:14.953,843.616,,9.621,128576.582,118765.812,9810.770,7.630,2047.996,0.000,0.000,7.130,6.560,4.390,230.892,0.000,0.001,0.016,2764.2,5500.0,68.0
1624,2026-05-02T15:59:15.454,844.118,,11.416,128576.582,118751.430,9825.152,7.641,2047.996,0.000,0.000,7.130,6.560,4.390,225.343,0.000,0.002,0.015,2743.2,5500.0,58.0
1625,2026-05-02T15:59:16.000,844.663,,8.726,128576.582,118739.914,9836.668,7.650,2047.996,0.000,0.000,6.640,6.470,4.370,216.204,0.000,0.001,0.028,2804.8,5528.6,58.0
1626,2026-05-02T15:59:16.508,845.171,,11.460,128576.582,118724.102,9852.480,7.663,2047.996,0.000,0.000,6.640,6.470,4.370,247.573,0.000,0.000,0.015,2726.1,5500.0,61.0
1627,2026-05-02T15:59:17.054,845.717,,10.445,128576.582,118711.715,9864.867,7.672,2047.996,0.000,0.000,6.640,6.470,4.370,248.000,1.375,0.001,0.014,2066.8,5134.0,61.0
1628,2026-05-02T15:59:17.556,846.219,,9.148,128576.582,118720.648,9855.934,7.665,2047.996,0.000,0.000,6.640,6.470,4.370,226.850,0.132,0.001,0.015,2161.9,5531.8,63.0
1629,2026-05-02T15:59:18.100,846.764,,9.395,128576.582,118711.176,9865.406,7.673,2047.996,0.000,0.000,6.640,6.470,4.370,202.985,0.000,0.001,0.015,2821.6,5430.9,71.0
1630,2026-05-02T15:59:18.650,847.313,,8.834,128576.582,118717.840,9858.742,7.668,2047.996,0.000,0.000,6.640,6.470,4.370,239.333,0.000,0.000,0.014,3371.4,5500.0,60.0
1631,2026-05-02T15:59:19.153,847.816,,8.865,128576.582,118737.297,9839.285,7.652,2047.996,0.000,0.000,6.640,6.470,4.370,257.630,0.000,0.000,0.016,2139.0,5198.7,60.0
1632,2026-05-02T15:59:19.697,848.360,,8.458,128576.582,118743.609,9832.973,7.648,2047.996,0.000,0.000,6.640,6.470,4.370,217.449,0.136,0.000,0.015,2086.8,5534.8,60.0
1633,2026-05-02T15:59:20.201,848.865,,10.268,128576.582,118695.168,9881.414,7.685,2047.996,0.000,0.000,6.640,6.470,4.370,213.167,0.116,0.001,0.016,2892.3,5500.0,63.0
1634,2026-05-02T15:59:20.702,849.365,,8.454,128576.582,118709.039,9867.543,7.674,2047.996,0.000,0.000,6.640,6.470,4.370,238.996,0.000,0.001,0.016,2991.0,5500.0,59.0
1635,2026-05-02T15:59:21.205,849.868,,8.927,128576.582,118700.289,9876.293,7.681,2047.996,0.000,0.000,6.270,6.390,4.360,224.405,0.000,0.001,0.016,2918.5,5376.7,64.0
1636,2026-05-02T15:59:21.754,850.417,,10.361,128576.582,118731.703,9844.879,7.657,2047.996,0.000,0.000,6.270,6.390,4.360,218.695,0.000,0.000,0.014,2779.9,5530.9,64.0
1637,2026-05-02T15:59:22.302,850.966,,11.741,128576.582,118738.984,9837.598,7.651,2047.996,0.000,0.000,6.270,6.390,4.360,213.446,0.000,0.001,0.014,4518.4,5505.0,64.0
1638,2026-05-02T15:59:22.848,851.511,,10.938,128576.582,118714.008,9862.574,7.671,2047.996,0.000,0.000,6.270,6.390,4.360,223.918,1.267,0.001,0.014,2296.9,5500.0,54.0
1639,2026-05-02T15:59:23.354,852.017,,12.638,128576.582,118721.684,9854.898,7.665,2047.996,0.000,0.000,6.270,6.390,4.360,219.171,0.031,0.000,0.015,3041.1,5533.1,64.0
1640,2026-05-02T15:59:23.858,852.521,,15.903,128576.582,118712.184,9864.398,7.672,2047.996,0.000,0.000,6.270,6.390,4.360,227.907,0.000,0.000,0.015,3054.4,5518.5,64.0
1641,2026-05-02T15:59:24.359,853.023,,15.419,128576.582,118710.293,9866.289,7.673,2047.996,0.000,0.000,6.270,6.390,4.360,229.978,0.000,0.000,0.015,2734.9,5500.0,65.0
1642,2026-05-02T15:59:24.861,853.524,,12.161,128576.582,118710.781,9865.801,7.673,2047.996,0.000,0.000,6.270,6.390,4.360,232.738,0.210,0.001,0.015,2995.6,5486.0,59.0
1643,2026-05-02T15:59:25.404,854.067,,11.570,128576.582,118726.066,9850.516,7.661,2047.996,0.000,0.000,6.270,6.390,4.360,242.144,0.000,0.000,0.014,2593.8,5526.3,65.0
1644,2026-05-02T15:59:25.908,854.571,,12.392,128576.582,118717.094,9859.488,7.668,2047.996,0.000,0.000,5.920,6.320,4.340,233.084,0.000,0.001,0.015,2459.0,5500.0,51.0
1645,2026-05-02T15:59:26.412,855.075,,12.087,128576.582,118713.004,9863.578,7.671,2047.996,0.000,0.000,5.920,6.320,4.340,256.026,0.000,0.000,0.015,1590.8,5500.1,51.0
1646,2026-05-02T15:59:26.912,855.575,,11.768,128576.582,118695.188,9881.395,7.685,2047.996,0.000,0.000,5.920,6.320,4.340,245.937,0.000,0.001,0.015,2195.9,5500.0,58.0
1647,2026-05-02T15:59:27.453,856.117,,10.603,128576.582,118694.973,9881.609,7.685,2047.996,0.000,0.000,5.920,6.320,4.340,246.531,0.000,0.000,0.016,3635.7,5500.0,63.0
1648,2026-05-02T15:59:27.994,856.657,,9.259,128576.582,118700.559,9876.023,7.681,2047.996,0.000,0.000,5.920,6.320,4.340,256.465,0.130,0.001,0.014,3763.4,5395.2,53.0
1649,2026-05-02T15:59:28.503,857.166,,8.679,128576.582,118656.430,9920.152,7.715,2047.996,0.000,0.000,5.920,6.320,4.340,235.461,0.000,0.000,0.031,2408.8,5514.0,67.0
1650,2026-05-02T15:59:29.003,857.666,,8.240,128576.582,118686.094,9890.488,7.692,2047.996,0.000,0.000,5.920,6.320,4.340,222.625,1.320,0.001,0.015,2399.2,5445.5,70.0
1651,2026-05-02T15:59:29.503,858.166,,9.147,128576.582,118665.527,9911.055,7.708,2047.996,0.000,0.000,5.920,6.320,4.340,197.803,0.000,0.000,0.015,2349.2,5524.2,70.0
1652,2026-05-02T15:59:30.047,858.711,,7.577,128576.582,118693.719,9882.863,7.686,2047.996,0.000,0.000,5.920,6.320,4.340,267.453,0.201,0.001,0.014,2225.6,5338.9,61.0
1653,2026-05-02T15:59:30.554,859.217,,7.896,128576.582,118696.109,9880.473,7.685,2047.996,0.000,0.000,5.920,6.320,4.340,224.186,0.000,0.001,0.015,3637.2,5500.0,61.0
1654,2026-05-02T15:59:31.095,859.758,,6.994,128576.582,118690.203,9886.379,7.689,2047.996,0.000,0.000,5.610,6.250,4.330,222.804,0.000,0.001,0.014,2495.0,5500.0,60.0
1655,2026-05-02T15:59:31.597,860.260,,5.653,128576.582,118689.012,9887.570,7.690,2047.996,0.000,0.000,5.610,6.250,4.330,238.854,0.000,0.000,0.015,3121.3,5500.0,62.0
1656,2026-05-02T15:59:32.100,860.763,,7.669,128576.582,118686.031,9890.551,7.692,2047.996,0.000,0.000,5.610,6.250,4.330,241.824,0.000,0.000,0.015,2910.5,5528.2,62.0
1657,2026-05-02T15:59:32.603,861.266,,7.895,128576.582,118703.660,9872.922,7.679,2047.996,0.000,0.000,5.610,6.250,4.330,249.805,0.000,0.000,0.015,3067.2,5521.4,62.0
1658,2026-05-02T15:59:33.105,861.768,,7.606,128576.582,118677.328,9899.254,7.699,2047.996,0.000,0.000,5.610,6.250,4.330,264.701,0.140,0.001,0.016,2614.9,5539.6,63.0
1659,2026-05-02T15:59:33.605,862.268,,8.500,128576.582,118683.832,9892.750,7.694,2047.996,0.000,0.000,5.610,6.250,4.330,239.968,0.000,0.001,0.015,3410.3,5511.2,69.0
1660,2026-05-02T15:59:34.107,862.770,,9.057,128576.582,118665.789,9910.793,7.708,2047.996,0.000,0.000,5.610,6.250,4.330,232.236,0.000,0.001,0.015,2583.2,5537.2,68.0
1661,2026-05-02T15:59:34.649,863.313,,7.688,128576.582,118689.465,9887.117,7.690,2047.996,0.000,0.000,5.610,6.250,4.330,244.247,0.000,0.000,0.014,4198.1,5501.7,68.0
1662,2026-05-02T15:59:35.199,863.863,,8.134,128576.582,118673.781,9902.801,7.702,2047.996,0.000,0.000,5.610,6.250,4.330,211.298,1.648,0.000,0.015,3028.7,5517.7,62.0
1663,2026-05-02T15:59:35.740,864.403,,6.345,128576.582,118695.180,9881.402,7.685,2047.996,0.000,0.000,5.610,6.250,4.330,197.685,0.000,0.001,0.015,4209.8,5417.3,62.0
1664,2026-05-02T15:59:36.245,864.908,,6.051,128576.582,118707.078,9869.504,7.676,2047.996,0.000,0.000,5.320,6.180,4.320,175.798,0.000,0.001,0.017,2297.0,5500.0,60.0
1665,2026-05-02T15:59:36.745,865.408,,4.822,128576.582,118721.781,9854.801,7.665,2047.996,0.000,0.000,5.320,6.180,4.320,198.176,0.000,0.000,0.015,2413.3,5472.4,60.0
1666,2026-05-02T15:59:37.245,865.908,,8.438,128576.582,118749.027,9827.555,7.643,2047.996,0.000,0.000,5.320,6.180,4.320,232.062,0.000,0.000,0.016,2417.6,5500.0,63.0
1667,2026-05-02T15:59:37.746,866.409,,8.188,128576.582,118753.547,9823.035,7.640,2047.996,0.000,0.000,5.320,6.180,4.320,248.985,0.000,0.000,0.015,2615.5,5500.0,64.0
1668,2026-05-02T15:59:38.249,866.912,,9.102,128576.582,118711.418,9865.164,7.673,2047.996,0.000,0.000,5.320,6.180,4.320,247.613,0.140,0.001,0.015,2641.0,5415.6,64.0
1669,2026-05-02T15:59:38.749,867.412,,9.422,128576.582,118722.996,9853.586,7.664,2047.996,0.000,0.000,5.320,6.180,4.320,209.871,0.000,0.001,0.015,2547.2,5500.0,58.0
1670,2026-05-02T15:59:39.250,867.913,,10.979,128576.582,118691.926,9884.656,7.688,2047.996,0.000,0.000,5.320,6.180,4.320,223.738,0.000,0.001,0.015,2793.3,5525.6,69.0
1671,2026-05-02T15:59:39.750,868.413,,9.688,128576.582,118701.375,9875.207,7.680,2047.996,0.000,0.000,5.320,6.180,4.320,196.359,0.000,0.001,0.015,2806.4,5339.0,63.0
1672,2026-05-02T15:59:40.253,868.916,,10.131,128576.582,118706.336,9870.246,7.677,2047.996,0.000,0.000,5.320,6.180,4.320,217.472,0.140,0.001,0.015,2918.4,5400.6,63.0
1673,2026-05-02T15:59:40.796,869.459,,9.254,128576.582,118708.270,9868.312,7.675,2047.996,0.000,0.000,5.320,6.180,4.320,202.655,1.187,0.001,0.014,3163.9,5493.7,68.0
1674,2026-05-02T15:59:41.297,869.961,,10.369,128576.582,118724.160,9852.422,7.663,2047.996,0.000,0.000,4.970,6.090,4.300,216.530,0.000,0.001,0.015,2170.2,5500.0,68.0
1675,2026-05-02T15:59:41.797,870.461,,10.999,128576.582,118746.809,9829.773,7.645,2047.996,0.000,0.000,4.970,6.090,4.300,202.864,0.000,0.001,0.016,2714.3,5508.8,65.0
1676,2026-05-02T15:59:42.302,870.966,,11.993,128576.582,118706.719,9869.863,7.676,2047.996,0.000,0.000,4.970,6.090,4.300,198.037,0.000,0.001,0.015,1947.2,5481.8,69.0
1677,2026-05-02T15:59:42.850,871.513,,11.899,128576.582,118687.855,9888.727,7.691,2047.996,0.000,0.000,4.970,6.090,4.300,211.921,0.000,0.001,0.014,2631.1,5515.2,61.0
1678,2026-05-02T15:59:43.356,872.019,,13.011,128576.582,118721.461,9855.121,7.665,2047.996,0.000,0.000,4.970,6.090,4.300,214.201,0.139,0.000,0.016,2258.5,5500.0,61.0
1679,2026-05-02T15:59:43.905,872.568,,12.834,128576.582,118718.711,9857.871,7.667,2047.996,0.000,0.000,4.970,6.090,4.300,205.948,0.000,0.001,0.015,2365.0,5357.4,53.0
1680,2026-05-02T15:59:44.449,873.113,,14.800,128576.582,118740.863,9835.719,7.650,2047.996,0.000,0.000,4.970,6.090,4.300,206.640,0.000,0.000,0.015,2599.8,5500.0,64.0
1681,2026-05-02T15:59:44.997,873.660,,10.700,128576.582,118726.895,9849.688,7.661,2047.996,0.000,0.000,4.970,6.090,4.300,200.849,0.136,0.001,0.028,2846.0,5500.0,67.0
1682,2026-05-02T15:59:45.504,874.167,,11.294,128576.582,118727.793,9848.789,7.660,2047.996,0.000,0.000,4.970,6.090,4.300,200.319,2.527,0.001,0.015,2444.2,5500.0,67.0
1683,2026-05-02T15:59:46.052,874.715,,13.636,128576.582,118709.965,9866.617,7.674,2047.996,0.000,0.000,4.740,6.020,4.290,213.688,0.000,0.001,0.014,3172.3,5500.0,70.0
1684,2026-05-02T15:59:46.601,875.264,,10.541,128576.582,118730.086,9846.496,7.658,2047.996,0.000,0.000,4.740,6.020,4.290,228.502,0.043,0.001,0.014,2423.3,5531.6,70.0
1685,2026-05-02T15:59:47.147,875.810,,10.912,128576.582,118713.445,9863.137,7.671,2047.996,0.000,0.000,4.740,6.020,4.290,221.873,0.000,0.001,0.014,1960.0,5539.0,57.0
1686,2026-05-02T15:59:47.655,876.318,,13.103,128576.582,118722.852,9853.730,7.664,2047.996,0.000,0.000,4.740,6.020,4.290,227.248,0.092,0.001,0.015,2305.7,5500.0,64.0
1687,2026-05-02T15:59:48.167,876.830,,13.293,128576.582,118691.703,9884.879,7.688,2047.996,0.000,0.000,4.740,6.020,4.290,213.483,0.130,0.001,0.015,3075.3,5503.3,64.0
1688,2026-05-02T15:59:48.711,877.374,,29.819,128576.582,118672.543,9904.039,7.703,2047.996,0.000,0.000,4.740,6.020,4.290,197.142,0.000,0.000,0.014,4691.8,5299.8,63.0
1689,2026-05-02T15:59:49.216,877.879,,30.411,128576.582,118706.473,9870.109,7.676,2047.996,0.000,0.000,4.740,6.020,4.290,205.762,0.000,0.000,0.015,2864.7,5452.9,69.0
1690,2026-05-02T15:59:49.754,878.417,,37.558,128576.582,118706.059,9870.523,7.677,2047.996,0.000,0.000,4.740,6.020,4.290,221.074,0.000,0.000,0.014,2545.2,5500.0,77.0
1691,2026-05-02T15:59:50.292,878.955,,40.370,128576.582,118717.758,9858.824,7.668,2047.996,0.000,0.000,4.740,6.020,4.290,204.331,0.000,0.000,0.014,4691.7,5300.1,57.0
1692,2026-05-02T15:59:50.820,879.483,,30.810,128576.582,118726.176,9850.406,7.661,2047.996,0.000,0.000,4.740,6.020,4.290,170.439,0.007,0.001,0.015,4649.8,5200.1,70.0
1693,2026-05-02T15:59:51.355,880.018,,24.675,128576.582,118721.395,9855.188,7.665,2047.996,0.000,0.000,4.520,5.950,4.270,202.097,0.000,0.001,0.015,2610.4,5500.0,62.0
1694,2026-05-02T15:59:51.866,880.529,,22.848,128576.582,118711.168,9865.414,7.673,2047.996,0.000,0.000,4.520,5.950,4.270,211.724,0.000,0.001,0.016,2902.4,5500.0,66.0
1695,2026-05-02T15:59:52.407,881.070,,21.528,128576.582,118695.660,9880.922,7.685,2047.996,0.000,0.000,4.520,5.950,4.270,195.681,0.000,0.000,0.016,2339.2,5500.0,64.0
1696,2026-05-02T15:59:52.921,881.584,,22.242,128576.582,118699.152,9877.430,7.682,2047.996,0.000,0.000,4.520,5.950,4.270,251.079,1.428,0.001,0.015,3192.9,5500.0,69.0
1697,2026-05-02T15:59:53.461,882.124,,30.012,128576.582,118693.918,9882.664,7.686,2047.996,0.000,0.000,4.520,5.950,4.270,232.375,0.123,0.000,0.014,3511.1,5492.1,69.0
1698,2026-05-02T15:59:53.972,882.635,,34.354,128576.582,118678.008,9898.574,7.699,2047.996,0.000,0.000,4.520,5.950,4.270,243.777,0.000,0.001,0.015,3179.8,5425.3,74.0
1699,2026-05-02T15:59:54.513,883.177,,23.815,128576.582,118707.715,9868.867,7.675,2047.996,0.000,0.000,4.520,5.950,4.270,235.217,0.000,0.000,0.028,3139.5,5459.8,74.0
1700,2026-05-02T15:59:55.015,883.678,,15.714,128576.582,118724.270,9852.312,7.663,2047.996,0.000,0.000,4.520,5.950,4.270,207.390,0.000,0.001,0.015,2894.0,5500.0,74.0
1701,2026-05-02T15:59:55.516,884.179,,14.963,128576.582,118724.637,9851.945,7.662,2047.996,0.000,0.000,4.520,5.950,4.270,275.993,0.000,0.000,0.015,2685.8,5500.0,68.0
1702,2026-05-02T15:59:56.063,884.726,,14.401,128576.582,118762.992,9813.590,7.632,2047.996,0.000,0.000,4.310,5.890,4.260,258.872,0.000,0.001,0.014,3085.3,5439.1,73.0
1703,2026-05-02T15:59:56.564,885.227,,16.281,128576.582,118745.164,9831.418,7.646,2047.996,0.000,0.000,4.310,5.890,4.260,254.362,0.000,0.000,0.015,3034.1,5454.6,67.0
1704,2026-05-02T15:59:57.113,885.776,,19.218,128576.582,118727.930,9848.652,7.660,2047.996,0.000,0.000,4.310,5.890,4.260,252.497,0.000,0.001,0.014,2571.8,5500.0,63.0
1705,2026-05-02T15:59:57.614,886.277,,18.441,128576.582,118739.027,9837.555,7.651,2047.996,0.000,0.000,4.310,5.890,4.260,242.749,0.211,0.001,0.015,2769.6,5518.8,70.0
1706,2026-05-02T15:59:58.160,886.824,,18.772,128576.582,118759.738,9816.844,7.635,2047.996,0.000,0.000,4.310,5.890,4.260,259.483,0.164,0.001,0.014,3015.8,5400.0,70.0
1707,2026-05-02T15:59:58.705,887.368,,15.504,128576.582,118710.277,9866.305,7.673,2047.996,0.000,0.000,4.310,5.890,4.260,267.646,0.129,0.000,0.014,3103.6,5518.2,65.0
1708,2026-05-02T15:59:59.212,887.875,,11.503,128576.582,118707.547,9869.035,7.676,2047.996,0.000,0.000,4.310,5.890,4.260,254.099,1.311,0.001,0.016,2879.9,5505.1,65.0
1709,2026-05-02T15:59:59.760,888.423,,19.200,128576.582,118719.121,9857.461,7.667,2047.996,0.000,0.000,4.310,5.890,4.260,277.560,0.000,0.000,0.015,3265.0,5317.8,70.0
1710,2026-05-02T16:00:00.309,888.972,,16.167,128576.582,118730.324,9846.258,7.658,2047.996,0.000,0.000,4.310,5.890,4.260,277.550,0.000,0.001,0.030,3041.6,5500.0,70.0
1711,2026-05-02T16:00:00.812,889.475,,15.905,128576.582,118734.734,9841.848,7.654,2047.996,0.000,0.000,4.310,5.890,4.260,271.954,0.000,0.001,0.015,3513.2,5500.0,65.0
1712,2026-05-02T16:00:01.361,890.024,,13.990,128576.582,118764.871,9811.711,7.631,2047.996,0.000,0.000,4.130,5.820,4.250,277.919,0.000,0.000,0.014,2874.1,5474.7,66.0
1713,2026-05-02T16:00:01.908,890.572,,11.302,128576.582,118734.199,9842.383,7.655,2047.996,0.000,0.000,4.130,5.820,4.250,277.482,0.000,0.001,0.014,2957.1,5343.6,66.0
1714,2026-05-02T16:00:02.412,891.076,,9.353,128576.582,118719.766,9856.816,7.666,2047.996,0.000,0.000,4.130,5.820,4.250,238.740,0.000,0.000,0.015,1806.2,5500.0,63.0
1715,2026-05-02T16:00:02.962,891.625,,12.701,128576.582,118690.883,9885.699,7.689,2047.996,0.000,0.000,4.130,5.820,4.250,248.810,0.164,0.000,0.014,3270.1,5500.0,65.0
1716,2026-05-02T16:00:03.509,892.172,,14.971,128576.582,118715.645,9860.938,7.669,2047.996,0.000,0.000,4.130,5.820,4.250,253.078,0.114,0.000,0.027,2544.8,5462.6,65.0
1717,2026-05-02T16:00:04.011,892.675,,12.757,128576.582,118704.156,9872.426,7.678,2047.996,0.000,0.000,4.130,5.820,4.250,264.399,0.000,0.001,0.015,2421.2,5529.6,60.0
1718,2026-05-02T16:00:04.513,893.176,,12.267,128576.582,118690.496,9886.086,7.689,2047.996,0.000,0.000,4.130,5.820,4.250,237.897,1.262,0.000,0.015,2779.0,5488.1,69.0
1719,2026-05-02T16:00:05.059,893.723,,19.887,128576.582,118703.102,9873.480,7.679,2047.996,0.000,0.000,4.130,5.820,4.250,223.225,0.000,0.001,0.014,2451.7,5500.1,65.0
1720,2026-05-02T16:00:05.569,894.232,,11.985,128576.582,118745.992,9830.590,7.646,2047.996,0.000,0.000,4.130,5.820,4.250,242.917,0.000,0.000,0.015,2216.6,5500.0,65.0
1721,2026-05-02T16:00:06.105,894.768,,14.109,128576.582,118681.039,9895.543,7.696,2047.996,0.000,0.000,3.960,5.760,4.240,237.874,0.000,0.001,0.014,2456.3,5500.0,59.0
1722,2026-05-02T16:00:06.612,895.275,,12.010,128576.582,118702.688,9873.895,7.679,2047.996,0.000,0.000,3.960,5.760,4.240,264.833,0.000,0.000,0.015,2250.7,5500.0,59.0
1723,2026-05-02T16:00:07.154,895.817,,15.991,128576.582,118743.090,9833.492,7.648,2047.996,0.000,0.000,3.960,5.760,4.240,213.686,0.000,0.000,0.015,2190.7,5533.1,68.0
1724,2026-05-02T16:00:07.702,896.365,,14.221,128576.582,118774.156,9802.426,7.624,2047.996,0.000,0.000,3.960,5.760,4.240,230.697,0.000,0.000,0.015,2916.1,5550.9,68.0
1725,2026-05-02T16:00:08.205,896.868,,11.278,128576.582,118753.879,9822.703,7.640,2047.996,0.000,0.000,3.960,5.760,4.240,232.890,0.287,0.001,0.016,1847.5,5500.0,58.0
1726,2026-05-02T16:00:08.706,897.369,,15.385,128576.582,118750.035,9826.547,7.643,2047.996,0.000,0.000,3.960,5.760,4.240,233.325,0.125,0.001,0.016,3133.7,5500.0,64.0
1727,2026-05-02T16:00:09.208,897.871,,16.553,128576.582,118756.973,9819.609,7.637,2047.996,0.000,0.000,3.960,5.760,4.240,259.126,0.000,0.001,0.015,2677.6,5500.0,72.0
1728,2026-05-02T16:00:09.754,898.417,,13.156,128576.582,118736.645,9839.938,7.653,2047.996,0.000,0.000,3.960,5.760,4.240,242.849,0.000,0.000,0.014,2623.7,5500.0,72.0
1729,2026-05-02T16:00:10.300,898.963,,10.388,128576.582,118729.113,9847.469,7.659,2047.996,0.000,0.000,3.960,5.760,4.240,213.781,0.000,0.000,0.014,2014.5,5500.0,65.0
1730,2026-05-02T16:00:10.805,899.468,,11.677,128576.582,118716.684,9859.898,7.669,2047.996,0.000,0.000,3.960,5.760,4.240,236.672,1.293,0.001,0.015,2404.2,5426.8,58.0
1731,2026-05-02T16:00:11.305,899.968,,10.457,128576.582,118711.945,9864.637,7.672,2047.996,0.000,0.000,3.800,5.700,4.230,258.144,0.000,0.000,0.015,3138.6,5500.0,68.0
1732,2026-05-02T16:00:11.809,900.472,,10.621,128576.582,118701.469,9875.113,7.680,2047.996,0.000,0.000,3.800,5.700,4.230,272.177,0.000,0.001,0.016,3175.7,5500.0,69.0
1733,2026-05-02T16:00:12.357,901.020,,12.294,128576.582,118697.848,9878.734,7.683,2047.996,0.000,0.000,3.800,5.700,4.230,274.557,0.000,0.001,0.014,2603.0,5500.0,72.0
1734,2026-05-02T16:00:12.860,901.524,,9.880,128576.582,118669.473,9907.109,7.705,2047.996,0.000,0.000,3.800,5.700,4.230,275.163,0.147,0.001,0.015,2754.5,5500.0,72.0
1735,2026-05-02T16:00:13.367,902.030,,12.987,128576.582,118657.469,9919.113,7.715,2047.996,0.000,0.000,3.800,5.700,4.230,276.004,0.000,0.001,0.015,2508.6,5500.1,64.0
1736,2026-05-02T16:00:13.911,902.574,,10.161,128576.582,118720.637,9855.945,7.665,2047.996,0.000,0.000,3.800,5.700,4.230,274.500,0.136,0.001,0.014,2139.5,5500.3,64.0
1737,2026-05-02T16:00:14.461,903.124,,11.501,128576.582,118728.293,9848.289,7.659,2047.996,0.000,0.000,3.800,5.700,4.230,275.750,0.000,0.000,0.014,3886.2,5454.2,68.0
1738,2026-05-02T16:00:14.962,903.625,,13.972,128576.582,118722.598,9853.984,7.664,2047.996,0.000,0.000,3.800,5.700,4.230,276.637,0.000,0.000,0.016,2621.2,5500.0,68.0
1739,2026-05-02T16:00:15.507,904.170,,12.051,128576.582,118677.008,9899.574,7.699,2047.996,0.000,0.000,3.800,5.700,4.230,276.504,0.000,0.000,0.028,2709.6,5500.0,62.0
1740,2026-05-02T16:00:16.057,904.720,,9.914,128576.582,118649.156,9927.426,7.721,2047.996,0.000,0.000,3.660,5.640,4.210,275.837,0.000,0.153,0.028,2458.2,5321.5,62.0
1741,2026-05-02T16:00:16.602,905.265,,8.815,128576.582,118674.293,9902.289,7.701,2047.996,0.000,0.000,3.660,5.640,4.210,276.613,0.000,0.000,0.015,2007.4,5441.4,64.0
1742,2026-05-02T16:00:17.112,905.775,,9.141,128576.582,118683.531,9893.051,7.694,2047.996,0.000,0.000,3.660,5.640,4.210,279.873,1.325,0.001,0.015,3001.8,5529.7,66.0
1743,2026-05-02T16:00:17.655,906.318,,7.280,128576.582,118747.883,9828.699,7.644,2047.996,0.000,0.000,3.660,5.640,4.210,274.558,0.000,0.000,0.014,1968.4,5500.0,66.0
1744,2026-05-02T16:00:18.202,906.865,,9.086,128576.582,118747.457,9829.125,7.645,2047.996,0.000,0.000,3.660,5.640,4.210,275.592,0.157,0.001,0.014,2122.8,5544.0,48.0
1745,2026-05-02T16:00:18.703,907.366,,11.201,128576.582,118792.547,9784.035,7.610,2047.996,0.000,0.000,3.660,5.640,4.210,275.050,0.000,0.000,0.015,2878.1,5481.3,65.0
1746,2026-05-02T16:00:19.205,907.868,,7.928,128576.582,118787.309,9789.273,7.614,2047.996,0.000,0.000,3.660,5.640,4.210,274.118,0.000,0.001,0.015,2488.5,5500.0,65.0
1747,2026-05-02T16:00:19.749,908.413,,10.441,128576.582,118789.219,9787.363,7.612,2047.996,0.000,0.000,3.660,5.640,4.210,279.384,0.136,0.000,0.015,4681.3,5300.1,56.0
1748,2026-05-02T16:00:20.257,908.921,,16.985,128576.582,118822.367,9754.215,7.586,2047.996,0.000,0.000,3.660,5.640,4.210,275.993,0.000,0.001,0.015,3219.7,5498.4,64.0
1749,2026-05-02T16:00:20.798,909.461,,10.255,128576.582,118836.488,9740.094,7.575,2047.996,0.000,0.000,3.660,5.640,4.210,274.153,0.000,0.001,0.014,2346.5,5500.0,65.0
1750,2026-05-02T16:00:21.307,909.970,,9.919,128576.582,118785.316,9791.266,7.615,2047.996,0.000,0.000,3.680,5.610,4.210,279.237,0.000,0.001,0.015,3084.4,5500.0,70.0
1751,2026-05-02T16:00:21.807,910.470,,9.863,128576.582,118807.211,9769.371,7.598,2047.996,0.000,0.000,3.680,5.610,4.210,276.787,0.000,0.001,0.016,1823.5,5500.0,70.0
1752,2026-05-02T16:00:22.357,911.020,,14.662,128576.582,118740.695,9835.887,7.650,2047.996,0.000,0.000,3.680,5.610,4.210,275.563,0.000,0.000,0.014,4682.3,5300.0,59.0
1753,2026-05-02T16:00:22.907,911.570,,14.391,128576.582,118711.289,9865.293,7.673,2047.996,0.000,0.000,3.680,5.610,4.210,276.091,1.364,0.001,0.014,2757.6,5500.0,66.0
1754,2026-05-02T16:00:23.407,912.070,,11.947,128576.582,118720.883,9855.699,7.665,2047.996,0.000,0.000,3.680,5.610,4.210,277.579,0.008,0.001,0.016,2465.4,5500.0,67.0
1755,2026-05-02T16:00:23.952,912.615,,10.770,128576.582,118705.184,9871.398,7.677,2047.996,0.000,0.000,3.680,5.610,4.210,275.535,0.000,0.001,0.015,2799.8,5500.0,58.0
1756,2026-05-02T16:00:24.456,913.119,,10.826,128576.582,118705.621,9870.961,7.677,2047.996,0.000,0.000,3.680,5.610,4.210,276.730,0.132,0.000,0.017,2062.1,5538.5,63.0
1757,2026-05-02T16:00:24.957,913.621,,10.868,128576.582,118744.602,9831.980,7.647,2047.996,0.000,0.000,3.680,5.610,4.210,274.472,0.000,0.001,0.015,3167.3,5521.7,58.0
1758,2026-05-02T16:00:25.460,914.123,,9.276,128576.582,118745.402,9831.180,7.646,2047.996,0.000,0.000,3.680,5.610,4.210,275.981,2.106,0.001,0.015,2502.9,5440.4,69.0
1759,2026-05-02T16:00:25.963,914.626,,15.452,128576.582,118849.133,9727.449,7.565,2047.996,0.000,0.000,3.550,5.550,4.200,279.604,0.000,0.001,0.015,2788.9,5500.0,70.0
1760,2026-05-02T16:00:26.465,915.128,,17.050,128576.582,118671.891,9904.691,7.703,2047.996,0.000,0.000,3.550,5.550,4.200,275.657,0.000,0.001,0.015,2979.4,5500.0,70.0
1761,2026-05-02T16:00:27.013,915.676,,13.991,128576.582,118486.566,10090.016,7.847,2047.996,0.000,0.000,3.550,5.550,4.200,274.628,0.000,0.001,0.028,2933.0,5500.0,58.0
1762,2026-05-02T16:00:27.514,916.177,,14.321,128576.582,118803.598,9772.984,7.601,2047.996,0.000,0.000,3.550,5.550,4.200,272.370,0.109,0.001,0.015,2363.1,5500.0,69.0
1763,2026-05-02T16:00:28.014,916.677,,13.455,128576.582,118792.305,9784.277,7.610,2047.996,0.000,0.000,3.550,5.550,4.200,277.796,0.000,0.001,0.015,2708.8,5500.0,65.0
1764,2026-05-02T16:00:28.553,917.216,,13.001,128576.582,118803.617,9772.965,7.601,2047.996,0.000,0.000,3.550,5.550,4.200,275.209,0.630,0.000,0.014,2604.5,5500.0,65.0
1765,2026-05-02T16:00:29.060,917.724,,13.202,128576.582,118791.000,9785.582,7.611,2047.996,0.000,0.000,3.550,5.550,4.200,275.531,0.000,0.001,0.015,2569.1,5500.0,62.0
1766,2026-05-02T16:00:29.561,918.224,,15.750,128576.582,118789.617,9786.965,7.612,2047.996,0.000,0.000,3.550,5.550,4.200,270.522,0.133,0.000,0.015,2263.5,5500.0,64.0
1767,2026-05-02T16:00:30.106,918.770,,13.935,128576.582,118761.773,9814.809,7.633,2047.996,0.000,0.000,3.550,5.550,4.200,278.097,0.000,0.000,0.014,2157.8,5500.0,64.0
1768,2026-05-02T16:00:30.611,919.274,,11.835,128576.582,118815.219,9761.363,7.592,2047.996,0.000,0.000,3.550,5.550,4.200,278.399,0.000,0.001,0.015,3071.8,5500.0,63.0
1769,2026-05-02T16:00:31.160,919.823,,11.647,128576.582,118799.020,9777.562,7.604,2047.996,0.000,0.000,3.500,5.510,4.190,275.882,0.000,0.000,0.015,2707.7,5500.0,64.0
1770,2026-05-02T16:00:31.704,920.367,,13.629,128576.582,118761.148,9815.434,7.634,2047.996,0.000,0.000,3.500,5.510,4.190,274.758,0.000,0.000,0.015,1742.4,5500.0,62.0
1771,2026-05-02T16:00:32.252,920.915,,12.400,128576.582,118807.039,9769.543,7.598,2047.996,0.000,0.000,3.500,5.510,4.190,276.420,0.000,0.001,0.016,4655.2,5219.4,61.0
1772,2026-05-02T16:00:32.756,921.419,,11.321,128576.582,118852.152,9724.430,7.563,2047.996,0.000,0.000,3.500,5.510,4.190,273.952,0.170,0.000,0.015,2772.7,5500.0,64.0
1773,2026-05-02T16:00:33.304,921.967,,11.957,128576.582,118836.207,9740.375,7.576,2047.996,0.000,0.000,3.500,5.510,4.190,276.165,0.000,0.001,0.014,2027.0,5429.9,64.0
1774,2026-05-02T16:00:33.850,922.513,,10.208,128576.582,118801.449,9775.133,7.603,2047.996,0.000,0.000,3.500,5.510,4.190,272.470,0.000,0.001,0.014,2948.4,5445.5,57.0
1775,2026-05-02T16:00:34.354,923.018,,9.222,128576.582,118790.082,9786.500,7.611,2047.996,0.000,0.000,3.500,5.510,4.190,278.148,0.000,0.001,0.015,2568.4,5495.3,48.0
1776,2026-05-02T16:00:34.904,923.567,,10.596,128576.582,118779.766,9796.816,7.619,2047.996,0.000,0.000,3.500,5.510,4.190,276.361,1.301,0.001,0.014,2365.3,5429.3,62.0
1777,2026-05-02T16:00:35.406,924.070,,11.718,128576.582,118785.746,9790.836,7.615,2047.996,0.250,0.012,3.500,5.510,4.190,270.161,0.023,0.001,0.015,3016.4,5500.0,60.0
1778,2026-05-02T16:00:35.952,924.615,,12.667,128576.582,118758.008,9818.574,7.636,2047.996,0.250,0.012,3.460,5.460,4.190,274.373,0.000,0.001,0.015,2545.2,5338.4,64.0
1779,2026-05-02T16:00:36.454,925.117,,11.076,128576.582,118723.066,9853.516,7.664,2047.996,0.250,0.012,3.460,5.460,4.190,275.578,0.000,0.000,0.015,2804.3,5487.0,70.0
1780,2026-05-02T16:00:36.956,925.619,,13.035,128576.582,118776.297,9800.285,7.622,2047.996,0.250,0.012,3.460,5.460,4.190,276.464,0.000,0.001,0.015,2291.6,5539.0,70.0
1781,2026-05-02T16:00:37.457,926.121,,10.213,128576.582,118737.879,9838.703,7.652,2047.996,0.750,0.037,3.460,5.460,4.190,276.854,0.561,0.000,0.015,2623.8,5326.1,67.0
1782,2026-05-02T16:00:38.002,926.666,,12.807,128576.582,118755.875,9820.707,7.638,2047.996,0.750,0.037,3.460,5.460,4.190,276.360,0.401,0.001,0.014,3150.0,5500.0,67.0
1783,2026-05-02T16:00:38.505,927.168,,12.023,128576.582,118725.957,9850.625,7.661,2047.996,0.750,0.037,3.460,5.460,4.190,278.184,0.000,0.000,0.015,2896.7,5500.0,64.0
1784,2026-05-02T16:00:39.009,927.672,,12.298,128576.582,118705.098,9871.484,7.678,2047.996,0.750,0.037,3.460,5.460,4.190,278.480,0.000,0.001,0.031,2259.3,5500.0,64.0
1785,2026-05-02T16:00:39.511,928.174,,13.145,128576.582,118755.785,9820.797,7.638,2047.996,0.750,0.037,3.460,5.460,4.190,274.301,0.000,0.000,0.016,2927.8,5500.0,65.0
1786,2026-05-02T16:00:40.016,928.679,,21.491,128576.582,118766.242,9810.340,7.630,2047.996,0.750,0.037,3.460,5.460,4.190,260.680,0.132,0.001,0.015,3067.4,5500.0,68.0
1787,2026-05-02T16:00:40.545,929.208,,18.609,128576.582,118781.641,9794.941,7.618,2047.996,0.750,0.037,3.460,5.460,4.190,264.111,1.218,0.000,0.016,1960.0,5258.8,63.0
1788,2026-05-02T16:00:41.053,929.716,,15.604,128576.582,118745.020,9831.562,7.646,2047.996,0.750,0.037,3.510,5.440,4.180,270.919,0.261,0.001,0.015,2480.4,5500.0,64.0
1789,2026-05-02T16:00:41.558,930.222,,15.763,128576.582,118731.555,9845.027,7.657,2047.996,0.750,0.037,3.510,5.440,4.180,262.454,0.000,0.000,0.015,3087.6,5525.3,69.0
1790,2026-05-02T16:00:42.064,930.728,,16.483,128576.582,118755.043,9821.539,7.639,2047.996,0.750,0.037,3.510,5.440,4.180,262.128,0.000,0.001,0.015,3060.3,5500.0,69.0
1791,2026-05-02T16:00:42.607,931.271,,15.194,128576.582,118730.641,9845.941,7.658,2047.996,0.750,0.037,3.510,5.440,4.180,264.698,0.000,0.001,0.014,2739.8,5500.0,65.0
1792,2026-05-02T16:00:43.154,931.817,,16.657,128576.582,118737.312,9839.270,7.652,2047.996,0.750,0.037,3.510,5.440,4.180,276.473,0.000,0.001,0.014,1652.3,5537.4,64.0
1793,2026-05-02T16:00:43.664,932.327,,12.923,128576.582,118722.750,9853.832,7.664,2047.996,0.750,0.037,3.510,5.440,4.180,277.273,0.000,0.000,0.015,2984.9,5485.9,67.0
1794,2026-05-02T16:00:44.209,932.872,,14.030,128576.582,118740.914,9835.668,7.650,2047.996,0.750,0.037,3.510,5.440,4.180,274.705,0.000,0.001,0.014,2771.6,5476.7,69.0
1795,2026-05-02T16:00:44.757,933.420,,9.994,128576.582,118786.684,9789.898,7.614,2047.996,0.750,0.037,3.510,5.440,4.180,275.682,0.000,0.000,0.014,1738.7,5386.9,45.0
1796,2026-05-02T16:00:45.258,933.921,,10.308,128576.582,118776.387,9800.195,7.622,2047.996,0.750,0.037,3.510,5.440,4.180,271.340,0.133,0.001,0.015,3449.8,5392.3,60.0
1797,2026-05-02T16:00:45.761,934.424,,16.492,128576.582,118728.816,9847.766,7.659,2047.996,0.750,0.037,3.510,5.440,4.180,273.832,0.000,0.000,0.015,2726.7,5533.1,65.0
1798,2026-05-02T16:00:46.264,934.927,,16.667,128576.582,118808.641,9767.941,7.597,2047.996,0.750,0.037,3.630,5.430,4.190,273.949,0.303,0.000,0.015,3536.0,5500.0,65.0
1799,2026-05-02T16:00:46.764,935.427,,13.599,128576.582,118771.312,9805.270,7.626,2047.996,0.750,0.037,3.630,5.430,4.190,277.474,1.249,0.002,0.016,2747.4,5535.3,69.0
1800,2026-05-02T16:00:47.312,935.975,,14.294,128576.582,118762.332,9814.250,7.633,2047.996,0.750,0.037,3.630,5.430,4.190,274.020,0.000,0.001,0.015,2186.9,5500.0,69.0
1801,2026-05-02T16:00:47.855,936.519,,17.449,128576.582,118785.582,9791.000,7.615,2047.996,0.750,0.037,3.630,5.430,4.190,278.816,0.000,0.001,0.015,4649.9,5200.1,61.0
1802,2026-05-02T16:00:48.356,937.020,,17.965,128576.582,118766.566,9810.016,7.630,2047.996,0.750,0.037,3.630,5.430,4.190,273.011,0.000,0.001,0.017,2182.1,5500.0,64.0
1803,2026-05-02T16:00:48.904,937.567,,11.440,128576.582,118789.387,9787.195,7.612,2047.996,0.750,0.037,3.630,5.430,4.190,273.245,0.000,0.001,0.014,2052.2,5500.0,58.0
1804,2026-05-02T16:00:49.409,938.072,,13.555,128576.582,118794.125,9782.457,7.608,2047.996,0.750,0.037,3.630,5.430,4.190,234.905,0.000,0.000,0.015,2728.6,5500.1,60.0
1805,2026-05-02T16:00:49.914,938.578,,14.057,128576.582,118823.223,9753.359,7.586,2047.996,0.750,0.037,3.630,5.430,4.190,244.798,0.000,0.001,0.015,2265.5,5500.0,67.0
1806,2026-05-02T16:00:50.454,939.118,,12.922,128576.582,118772.004,9804.578,7.625,2047.996,0.750,0.037,3.630,5.430,4.190,257.281,0.000,0.000,0.014,3009.7,5545.1,66.0
1807,2026-05-02T16:00:50.962,939.625,,16.093,128576.582,118751.551,9825.031,7.641,2047.996,0.750,0.037,3.580,5.390,4.180,275.663,0.315,0.001,0.015,2685.6,5500.0,67.0
1808,2026-05-02T16:00:51.510,940.173,,13.284,128576.582,118748.582,9828.000,7.644,2047.996,0.750,0.037,3.580,5.390,4.180,257.116,0.000,0.000,0.028,1876.3,5500.0,67.0
1809,2026-05-02T16:00:52.060,940.723,,18.043,128576.582,118755.195,9821.387,7.639,2047.996,0.750,0.037,3.580,5.390,4.180,236.840,0.000,0.002,0.015,3005.9,5500.0,50.0
1810,2026-05-02T16:00:52.603,941.266,,14.485,128576.582,118797.207,9779.375,7.606,2047.996,0.750,0.037,3.580,5.390,4.180,256.504,1.231,0.000,0.014,2494.7,5524.3,69.0
1811,2026-05-02T16:00:53.149,941.812,,11.991,128576.582,118782.965,9793.617,7.617,2047.996,0.750,0.037,3.580,5.390,4.180,223.866,0.000,0.001,0.014,2487.0,5500.0,69.0
1812,2026-05-02T16:00:53.650,942.313,,8.920,128576.582,118794.555,9782.027,7.608,2047.996,0.750,0.037,3.580,5.390,4.180,205.742,0.000,0.000,0.015,2334.9,5502.7,63.0
1813,2026-05-02T16:00:54.198,942.862,,9.914,128576.582,118774.188,9802.395,7.624,2047.996,0.750,0.037,3.580,5.390,4.180,210.460,0.000,0.001,0.015,1805.9,5500.0,53.0
1814,2026-05-02T16:00:54.699,943.362,,9.142,128576.582,118791.586,9784.996,7.610,2047.996,0.750,0.037,3.580,5.390,4.180,263.249,0.000,0.001,0.015,2474.2,5534.6,60.0
1815,2026-05-02T16:00:55.202,943.865,,12.445,128576.582,118775.930,9800.652,7.622,2047.996,0.750,0.037,3.580,5.390,4.180,250.049,0.000,0.001,0.016,4694.1,5300.1,60.0
1816,2026-05-02T16:00:55.702,944.366,,15.505,128576.582,118764.391,9812.191,7.631,2047.996,0.750,0.037,3.580,5.390,4.180,258.479,0.133,0.001,0.016,2729.8,5500.0,68.0
1817,2026-05-02T16:00:56.203,944.866,,12.235,128576.582,118778.141,9798.441,7.621,2047.996,0.750,0.037,3.450,5.340,4.170,262.053,0.390,0.001,0.016,2417.1,5500.0,68.0
1818,2026-05-02T16:00:56.705,945.368,,14.100,128576.582,118755.188,9821.395,7.639,2047.996,0.750,0.037,3.450,5.340,4.170,243.813,0.000,0.000,0.016,2010.9,4717.3,55.0
1819,2026-05-02T16:00:57.205,945.868,,14.789,128576.582,118748.027,9828.555,7.644,2047.996,0.750,0.037,3.450,5.340,4.170,248.132,0.000,0.000,0.015,3239.0,5500.0,70.0
1820,2026-05-02T16:00:57.705,946.369,,12.320,128576.582,118729.738,9846.844,7.658,2047.996,0.750,0.037,3.450,5.340,4.170,249.696,0.000,0.000,0.015,2489.3,5500.0,57.0
1821,2026-05-02T16:00:58.251,946.915,,18.023,128576.582,118742.961,9833.621,7.648,2047.996,0.750,0.037,3.450,5.340,4.170,233.416,0.000,0.000,0.014,2680.0,5533.7,62.0
1822,2026-05-02T16:00:58.753,947.417,,10.019,128576.582,118777.441,9799.141,7.621,2047.996,0.750,0.037,3.450,5.340,4.170,206.340,1.533,0.000,0.015,1815.3,5108.8,44.9
1823,2026-05-02T16:00:59.258,947.921,,18.035,128576.582,118756.906,9819.676,7.637,2047.996,0.750,0.037,3.450,5.340,4.170,222.905,0.000,0.001,0.015,3281.5,5523.0,60.0
1824,2026-05-02T16:00:59.760,948.423,,14.393,128576.582,118774.059,9802.523,7.624,2047.996,0.750,0.037,3.450,5.340,4.170,242.325,0.000,0.000,0.015,2055.1,5500.0,44.9
1825,2026-05-02T16:01:00.261,948.924,,16.282,128576.582,118768.238,9808.344,7.628,2047.996,0.750,0.037,3.450,5.340,4.170,225.777,0.000,0.002,0.030,1282.9,5500.0,44.9
1826,2026-05-02T16:01:00.805,949.468,,13.809,128576.582,118778.633,9797.949,7.620,2047.996,0.750,0.037,3.450,5.340,4.170,223.674,0.129,0.001,0.014,2356.7,5500.0,55.0
1827,2026-05-02T16:01:01.350,950.013,,16.600,128576.582,118743.340,9833.242,7.648,2047.996,0.750,0.037,3.410,5.300,4.160,239.202,0.186,0.000,0.014,4685.4,5300.1,56.0
1828,2026-05-02T16:01:01.857,950.520,,8.666,128576.582,118749.031,9827.551,7.643,2047.996,0.750,0.037,3.410,5.300,4.160,223.991,0.000,0.001,0.015,1633.1,5500.0,44.9
1829,2026-05-02T16:01:02.401,951.064,,9.305,128576.582,118764.871,9811.711,7.631,2047.996,0.750,0.037,3.410,5.300,4.160,245.281,0.000,0.000,0.014,2826.4,5500.0,67.0
1830,2026-05-02T16:01:02.909,951.573,,13.948,128576.582,118772.000,9804.582,7.625,2047.996,0.750,0.037,3.410,5.300,4.160,210.490,0.000,0.001,0.015,2539.7,5500.0,67.0
1831,2026-05-02T16:01:03.457,952.120,,11.292,128576.582,118754.289,9822.293,7.639,2047.996,0.750,0.037,3.410,5.300,4.160,212.191,2.211,0.000,0.015,3462.6,5553.9,67.0
1832,2026-05-02T16:01:04.003,952.667,,16.780,128576.582,118765.559,9811.023,7.630,2047.996,0.750,0.037,3.410,5.300,4.160,223.312,0.000,0.000,0.014,4697.0,5300.1,58.0
1833,2026-05-02T16:01:04.505,953.168,,17.592,128576.582,118759.906,9816.676,7.635,2047.996,0.750,0.037,3.410,5.300,4.160,235.334,0.047,0.001,0.017,2444.2,5500.0,61.0
1834,2026-05-02T16:01:05.007,953.670,,11.911,128576.582,118782.484,9794.098,7.617,2047.996,0.750,0.037,3.410,5.300,4.160,249.120,0.000,0.001,0.016,2662.4,5496.8,54.0
1835,2026-05-02T16:01:05.553,954.216,,14.759,128576.582,118765.527,9811.055,7.631,2047.996,0.750,0.037,3.410,5.300,4.160,228.915,0.086,0.001,0.027,2254.4,5258.7,54.0
1836,2026-05-02T16:01:06.056,954.719,,15.557,128576.582,118747.414,9829.168,7.645,2047.996,0.750,0.037,3.300,5.240,4.150,242.341,0.264,0.001,0.015,3644.8,5430.2,60.0
1837,2026-05-02T16:01:06.557,955.220,,15.987,128576.582,118772.324,9804.258,7.625,2047.996,0.750,0.037,3.300,5.240,4.150,244.006,0.000,0.000,0.015,3056.6,5528.9,65.0
1838,2026-05-02T16:01:07.058,955.721,,13.062,128576.582,118748.438,9828.145,7.644,2047.996,0.750,0.037,3.300,5.240,4.150,264.620,0.000,0.000,0.015,2985.6,5484.2,56.0
1839,2026-05-02T16:01:07.603,956.266,,13.631,128576.582,118764.734,9811.848,7.631,2047.996,0.750,0.037,3.300,5.240,4.150,267.278,0.000,0.000,0.014,1777.3,5342.7,63.0
1840,2026-05-02T16:01:08.107,956.771,,18.153,128576.582,118768.121,9808.461,7.628,2047.996,0.750,0.037,3.300,5.240,4.150,233.965,0.000,0.001,0.015,2796.1,5500.0,70.0
1841,2026-05-02T16:01:08.608,957.271,,19.975,128576.582,118773.387,9803.195,7.624,2047.996,0.750,0.037,3.300,5.240,4.150,235.615,0.000,0.000,0.015,2879.0,5500.0,70.0
1842,2026-05-02T16:01:09.155,957.818,,18.067,128576.582,118795.484,9781.098,7.607,2047.996,0.750,0.037,3.300,5.240,4.150,274.417,0.000,0.001,0.014,2891.3,5496.5,69.0
1843,2026-05-02T16:01:09.662,958.325,,12.905,128576.582,118810.172,9766.410,7.596,2047.996,0.750,0.037,3.300,5.240,4.150,273.825,0.000,0.000,0.015,2940.4,5491.2,69.0
1844,2026-05-02T16:01:10.203,958.867,,13.623,128576.582,118754.031,9822.551,7.639,2047.996,0.750,0.037,3.300,5.240,4.150,277.629,0.000,0.001,0.014,2637.6,5500.0,64.0
1845,2026-05-02T16:01:10.703,959.367,,10.972,128576.582,118829.965,9746.617,7.580,2047.996,0.750,0.037,3.300,5.240,4.150,224.589,1.414,0.001,0.015,2865.0,5500.0,66.0
1846,2026-05-02T16:01:11.206,959.870,,13.076,128576.582,118833.598,9742.984,7.578,2047.996,0.750,0.037,3.120,5.170,4.130,233.928,0.132,0.001,0.016,2398.2,5500.0,64.0
1847,2026-05-02T16:01:11.752,960.415,,12.007,128576.582,118816.301,9760.281,7.591,2047.996,0.750,0.037,3.120,5.170,4.130,236.679,0.000,0.001,0.015,3037.8,5519.4,64.0
1848,2026-05-02T16:01:12.300,960.964,,11.514,128576.582,118795.137,9781.445,7.607,2047.996,0.750,0.037,3.120,5.170,4.130,241.476,0.000,0.001,0.015,2202.1,5500.0,64.0
1849,2026-05-02T16:01:12.806,961.469,,16.905,128576.582,118803.422,9773.160,7.601,2047.996,0.750,0.037,3.120,5.170,4.130,259.760,0.000,0.001,0.016,2599.2,5502.7,64.0
1850,2026-05-02T16:01:13.354,962.017,,10.430,128576.582,118783.242,9793.340,7.617,2047.996,0.750,0.037,3.120,5.170,4.130,268.007,0.000,0.001,0.015,3048.5,5500.0,56.0
1851,2026-05-02T16:01:13.859,962.522,,14.746,128576.582,118764.215,9812.367,7.632,2047.996,0.750,0.037,3.120,5.170,4.130,275.946,0.000,0.001,0.015,2917.1,5522.6,60.0
1852,2026-05-02T16:01:14.359,963.022,,12.025,128576.582,118762.395,9814.188,7.633,2047.996,0.750,0.037,3.120,5.170,4.130,263.611,0.000,0.000,0.015,3045.6,5318.8,71.0
1853,2026-05-02T16:01:14.899,963.563,,13.569,128576.582,118727.133,9849.449,7.660,2047.996,0.750,0.037,3.120,5.170,4.130,274.166,0.000,0.001,0.014,3709.7,5481.1,71.0
1854,2026-05-02T16:01:15.408,964.071,,11.700,128576.582,118739.742,9836.840,7.651,2047.996,0.750,0.037,3.120,5.170,4.130,272.726,0.000,0.000,0.015,1677.9,5500.0,43.9
1855,2026-05-02T16:01:15.909,964.573,,11.375,128576.582,118732.852,9843.730,7.656,2047.996,0.750,0.037,3.030,5.120,4.120,224.465,0.265,0.001,0.016,2555.7,5500.0,51.0
1856,2026-05-02T16:01:16.451,965.114,,15.385,128576.582,118733.031,9843.551,7.656,2047.996,0.750,0.037,3.030,5.120,4.120,240.438,0.130,0.001,0.014,2304.7,5500.0,70.0
1857,2026-05-02T16:01:16.955,965.618,,13.678,128576.582,118727.336,9849.246,7.660,2047.996,0.750,0.037,3.030,5.120,4.120,247.029,1.466,0.001,0.016,2599.0,5500.0,70.0
1858,2026-05-02T16:01:17.455,966.119,,12.778,128576.582,118799.316,9777.266,7.604,2047.996,0.750,0.037,3.030,5.120,4.120,235.534,0.000,0.001,0.015,2723.4,5501.8,68.0
1859,2026-05-02T16:01:17.960,966.623,,18.346,128576.582,118799.277,9777.305,7.604,2047.996,0.750,0.037,3.030,5.120,4.120,229.685,0.000,0.001,0.016,2734.2,5490.0,68.0
1860,2026-05-02T16:01:18.501,967.164,,16.543,128576.582,118787.328,9789.254,7.614,2047.996,0.750,0.037,3.030,5.120,4.120,222.494,0.000,0.000,0.014,2974.7,5500.0,68.0
1861,2026-05-02T16:01:19.001,967.664,,12.563,128576.582,118774.379,9802.203,7.624,2047.996,0.750,0.037,3.030,5.120,4.120,219.759,0.000,0.001,0.031,2480.1,5500.0,68.0
1862,2026-05-02T16:01:19.502,968.166,,12.673,128576.582,118748.066,9828.516,7.644,2047.996,0.750,0.037,3.030,5.120,4.120,223.961,0.000,0.000,0.016,3140.7,5500.0,54.0
1863,2026-05-02T16:01:20.009,968.672,,17.629,128576.582,118775.477,9801.105,7.623,2047.996,0.750,0.037,3.030,5.120,4.120,239.830,0.000,0.000,0.015,4650.0,5200.4,63.0
1864,2026-05-02T16:01:20.554,969.218,,19.072,128576.582,118808.891,9767.691,7.597,2047.996,0.750,0.037,3.030,5.120,4.120,220.117,0.000,0.000,0.015,2405.7,5437.9,68.0
1865,2026-05-02T16:01:21.056,969.719,,13.962,128576.582,118787.863,9788.719,7.613,2047.996,0.750,0.037,2.860,5.050,4.110,179.371,0.156,0.001,0.016,2511.3,5500.0,68.0
1866,2026-05-02T16:01:21.599,970.263,,10.248,128576.582,118787.930,9788.652,7.613,2047.996,0.750,0.037,2.860,5.050,4.110,180.385,0.137,0.000,0.014,2301.2,5500.0,66.0
1867,2026-05-02T16:01:22.144,970.807,,9.634,128576.582,118795.090,9781.492,7.608,2047.996,0.750,0.037,2.860,5.050,4.110,204.510,0.000,0.000,0.014,3174.9,5443.2,66.0
1868,2026-05-02T16:01:22.648,971.312,,13.625,128576.582,118796.957,9779.625,7.606,2047.996,0.750,0.037,2.860,5.050,4.110,219.318,0.000,0.000,0.015,1782.8,5281.1,49.0
1869,2026-05-02T16:01:23.151,971.814,,12.662,128576.582,118792.539,9784.043,7.610,2047.996,0.750,0.037,2.860,5.050,4.110,247.408,1.290,0.001,0.015,2433.4,5500.0,59.0
1870,2026-05-02T16:01:23.658,972.321,,17.673,128576.582,118779.457,9797.125,7.620,2047.996,0.750,0.037,2.860,5.050,4.110,256.524,0.000,0.000,0.015,2397.9,5500.0,66.0
1871,2026-05-02T16:01:24.161,972.824,,15.485,128576.582,118770.281,9806.301,7.627,2047.996,0.750,0.037,2.860,5.050,4.110,279.768,0.000,0.001,0.015,2789.8,5457.4,68.0
1872,2026-05-02T16:01:24.664,973.327,,13.899,128576.582,118791.348,9785.234,7.610,2047.996,0.750,0.037,2.860,5.050,4.110,275.482,0.000,0.000,0.015,1996.8,5500.0,44.9
1873,2026-05-02T16:01:25.204,973.867,,12.958,128576.582,118792.727,9783.855,7.609,2047.996,0.750,0.037,2.860,5.050,4.110,274.602,0.000,0.001,0.014,1600.6,5500.0,63.0
1874,2026-05-02T16:01:25.711,974.375,,16.512,128576.582,118771.672,9804.910,7.626,2047.996,0.750,0.037,2.860,5.050,4.110,258.504,0.000,0.000,0.015,2408.5,5469.6,65.0
1875,2026-05-02T16:01:26.247,974.910,,9.493,128576.582,118797.922,9778.660,7.605,2047.996,0.750,0.037,3.360,5.110,4.130,259.674,0.358,0.001,0.014,4694.7,5300.0,65.0
1876,2026-05-02T16:01:26.760,975.423,,13.600,128576.582,118787.016,9789.566,7.614,2047.996,1.250,0.061,3.360,5.110,4.130,250.199,0.715,0.000,0.015,1676.1,5500.0,45.9
1877,2026-05-02T16:01:27.261,975.924,,8.941,128576.582,118762.910,9813.672,7.633,2047.996,1.250,0.061,3.360,5.110,4.130,254.802,0.000,0.001,0.016,1674.9,5500.0,45.9
1878,2026-05-02T16:01:27.803,976.466,,18.276,128576.582,118775.152,9801.430,7.623,2047.996,1.250,0.061,3.360,5.110,4.130,221.281,0.000,0.000,0.015,2288.6,5500.0,62.0
1879,2026-05-02T16:01:28.303,976.966,,10.922,128576.582,118819.352,9757.230,7.589,2047.996,1.250,0.061,3.360,5.110,4.130,198.875,0.000,0.000,0.017,3013.2,5471.2,62.0
1880,2026-05-02T16:01:28.805,977.468,,13.974,128576.582,118792.082,9784.500,7.610,2047.996,1.250,0.061,3.360,5.110,4.130,235.903,1.300,0.000,0.015,2541.8,5500.0,64.0
1881,2026-05-02T16:01:29.310,977.974,,17.254,128576.582,118794.414,9782.168,7.608,2047.996,1.250,0.061,3.360,5.110,4.130,253.539,0.000,0.001,0.016,2342.7,5500.0,68.0
1882,2026-05-02T16:01:29.815,978.478,,15.855,128576.582,118789.227,9787.355,7.612,2047.996,1.250,0.061,3.360,5.110,4.130,272.076,0.201,0.000,0.018,1399.9,4848.3,45.9
1883,2026-05-02T16:01:30.364,979.027,,18.083,128576.582,118767.992,9808.590,7.629,2047.996,1.250,0.061,3.360,5.110,4.130,262.108,0.000,0.001,0.016,3383.1,5500.0,59.0
1884,2026-05-02T16:01:30.905,979.568,,15.609,128576.582,118746.852,9829.730,7.645,2047.996,1.250,0.061,5.970,5.630,4.300,237.260,0.000,0.001,0.014,2694.8,5528.2,72.0
1885,2026-05-02T16:01:31.455,980.118,,15.507,128576.582,118781.012,9795.570,7.618,2047.996,1.250,0.061,5.970,5.630,4.300,200.090,0.000,0.000,0.014,2091.6,5550.5,72.0
1886,2026-05-02T16:01:32.005,980.668,,13.401,128576.582,118746.895,9829.688,7.645,2047.996,1.250,0.061,5.970,5.630,4.300,211.402,0.121,0.000,0.014,2887.8,5500.0,68.0
1887,2026-05-02T16:01:32.550,981.213,,11.886,128576.582,118732.883,9843.699,7.656,2047.996,1.250,0.061,5.970,5.630,4.300,224.008,0.150,0.001,0.027,2555.9,5500.0,68.0
1888,2026-05-02T16:01:33.097,981.760,,10.875,128576.582,118754.129,9822.453,7.639,2047.996,1.250,0.061,5.970,5.630,4.300,200.299,0.000,0.001,0.014,2211.8,5500.0,61.0
1889,2026-05-02T16:01:33.601,982.264,,10.697,128576.582,118774.188,9802.395,7.624,2047.996,1.250,0.061,5.970,5.630,4.300,223.182,0.000,0.000,0.015,2525.2,5390.9,61.0
1890,2026-05-02T16:01:34.104,982.767,,10.621,128576.582,118768.105,9808.477,7.629,2047.996,1.250,0.061,5.970,5.630,4.300,244.614,0.000,0.001,0.015,2619.9,5317.8,69.0
1891,2026-05-02T16:01:34.654,983.317,,10.245,128576.582,118769.887,9806.695,7.627,2047.996,1.250,0.061,5.970,5.630,4.300,224.029,1.960,0.000,0.014,2882.2,5547.0,69.0
1892,2026-05-02T16:01:35.154,983.817,,11.083,128576.582,118748.102,9828.480,7.644,2047.996,1.250,0.061,5.970,5.630,4.300,239.378,0.000,0.001,0.016,2502.5,5534.6,71.0
1893,2026-05-02T16:01:35.657,984.320,,13.138,128576.582,118735.098,9841.484,7.654,2047.996,1.250,0.061,5.970,5.630,4.300,253.611,0.000,0.001,0.016,2638.5,5427.1,71.0
1894,2026-05-02T16:01:36.162,984.825,,15.299,128576.582,118752.848,9823.734,7.640,2047.996,1.250,0.061,5.810,5.600,4.300,253.545,0.000,0.001,0.015,3001.3,5500.0,67.0
1895,2026-05-02T16:01:36.703,985.366,,15.155,128576.582,118748.773,9827.809,7.644,2047.996,1.250,0.061,5.810,5.600,4.300,269.846,0.123,0.000,0.016,2000.4,5180.4,67.0
1896,2026-05-02T16:01:37.207,985.870,,15.503,128576.582,118788.176,9788.406,7.613,2047.996,1.250,0.061,5.810,5.600,4.300,251.401,0.000,0.000,0.015,2780.9,5500.0,65.0
1897,2026-05-02T16:01:37.712,986.375,,17.364,128576.582,118758.125,9818.457,7.636,2047.996,1.250,0.061,5.810,5.600,4.300,236.989,0.178,0.001,0.015,3092.2,5548.2,65.0
1898,2026-05-02T16:01:38.213,986.876,,16.323,128576.582,118741.695,9834.887,7.649,2047.996,1.250,0.061,5.810,5.600,4.300,264.088,0.000,0.001,0.016,2555.3,5559.8,60.0
1899,2026-05-02T16:01:38.716,987.380,,36.754,128576.582,118761.512,9815.070,7.634,2047.996,1.250,0.061,5.810,5.600,4.300,261.661,0.000,0.001,0.015,2993.8,5535.7,73.0
1900,2026-05-02T16:01:39.219,987.882,,25.357,128576.582,118764.031,9812.551,7.632,2047.996,1.250,0.061,5.810,5.600,4.300,259.608,0.000,0.001,0.015,3339.4,5447.1,72.0
1901,2026-05-02T16:01:39.720,988.383,,27.785,128576.582,118806.340,9770.242,7.599,2047.996,1.250,0.061,5.810,5.600,4.300,279.218,0.000,0.001,0.015,2707.4,5500.0,72.0
1902,2026-05-02T16:01:40.261,988.924,,18.925,128576.582,118815.848,9760.734,7.591,2047.996,1.250,0.061,5.810,5.600,4.300,278.872,0.000,0.001,0.014,1552.7,5500.0,44.9
1903,2026-05-02T16:01:40.762,989.426,,13.576,128576.582,118805.332,9771.250,7.600,2047.996,1.250,0.061,5.810,5.600,4.300,266.883,1.255,0.000,0.015,2833.3,5549.5,69.0
1904,2026-05-02T16:01:41.302,989.965,,15.380,128576.582,118802.336,9774.246,7.602,2047.996,1.250,0.061,7.990,6.060,4.460,209.131,0.000,0.000,0.014,2119.9,5550.0,64.0
1905,2026-05-02T16:01:41.803,990.466,,13.114,128576.582,118805.504,9771.078,7.599,2047.996,1.250,0.061,7.990,6.060,4.460,190.860,1.786,0.000,0.015,2018.5,5487.3,64.0
1906,2026-05-02T16:01:42.309,990.972,,15.728,128576.582,118810.703,9765.879,7.595,2047.996,1.250,0.061,7.990,6.060,4.460,183.909,0.000,0.001,0.015,3043.4,5500.0,72.0
1907,2026-05-02T16:01:42.843,991.506,,10.310,128576.582,118815.305,9761.277,7.592,2047.996,1.250,0.061,7.990,6.060,4.460,189.560,0.095,0.001,0.014,1836.7,5500.0,72.0
1908,2026-05-02T16:01:43.346,992.009,,9.521,128576.582,118822.426,9754.156,7.586,2047.996,1.250,0.061,7.990,6.060,4.460,174.601,0.000,0.001,0.016,2385.1,5500.0,66.0
1909,2026-05-02T16:01:43.894,992.557,,6.357,128576.582,118830.188,9746.395,7.580,2047.996,1.250,0.061,7.990,6.060,4.460,150.123,0.142,0.001,0.015,1688.9,5500.0,66.0
1910,2026-05-02T16:01:44.439,993.102,,6.157,128576.582,118832.867,9743.715,7.578,2047.996,1.250,0.061,7.990,6.060,4.460,165.315,0.000,0.000,0.015,2235.0,5500.0,59.0
1911,2026-05-02T16:01:44.945,993.608,,5.810,128576.582,118826.551,9750.031,7.583,2047.996,1.250,0.061,7.990,6.060,4.460,158.099,0.000,0.001,0.015,2240.7,5500.0,59.0
1912,2026-05-02T16:01:45.494,994.157,,5.882,128576.582,118804.371,9772.211,7.600,2047.996,1.250,0.061,7.990,6.060,4.460,153.183,0.000,0.000,0.014,2693.6,5539.6,64.0
1913,2026-05-02T16:01:45.994,994.658,,7.435,128576.582,118805.016,9771.566,7.600,2047.996,1.250,0.061,7.510,5.990,4.440,151.546,0.000,0.001,0.016,1792.7,5352.0,64.0
1914,2026-05-02T16:01:46.497,995.160,,6.808,128576.582,118807.539,9769.043,7.598,2047.996,1.250,0.061,7.510,5.990,4.440,175.978,0.000,0.000,0.015,3064.3,5500.0,59.0
1915,2026-05-02T16:01:46.997,995.660,,8.250,128576.582,118808.125,9768.457,7.597,2047.996,1.250,0.061,7.510,5.990,4.440,183.096,1.015,0.001,0.030,2586.8,5500.0,61.0
1916,2026-05-02T16:01:47.499,996.163,,8.704,128576.582,118810.918,9765.664,7.595,2047.996,1.250,0.061,7.510,5.990,4.440,218.970,0.000,0.000,0.015,2526.0,5500.0,66.0
1917,2026-05-02T16:01:48.002,996.666,,10.685,128576.582,118792.102,9784.480,7.610,2047.996,1.250,0.061,7.510,5.990,4.440,218.736,0.000,0.001,0.016,2835.2,5503.6,66.0
1918,2026-05-02T16:01:48.550,997.213,,9.101,128576.582,118795.949,9780.633,7.607,2047.996,1.250,0.061,7.510,5.990,4.440,192.492,0.143,0.000,0.014,2328.3,5500.0,59.0
1919,2026-05-02T16:01:49.058,997.721,,9.594,128576.582,118783.145,9793.438,7.617,2047.996,1.250,0.061,7.510,5.990,4.440,228.203,0.000,0.001,0.015,2075.2,5501.8,59.0
1920,2026-05-02T16:01:49.600,998.264,,8.571,128576.582,118771.980,9804.602,7.625,2047.996,1.250,0.061,7.510,5.990,4.440,229.945,0.000,0.000,0.014,2515.3,5497.4,70.0
1921,2026-05-02T16:01:50.102,998.765,,7.303,128576.582,118785.273,9791.309,7.615,2047.996,1.250,0.061,7.510,5.990,4.440,227.303,0.000,0.000,0.015,2221.7,5500.0,70.0
1922,2026-05-02T16:01:50.602,999.265,,9.568,128576.582,118767.957,9808.625,7.629,2047.996,1.250,0.061,7.510,5.990,4.440,215.177,0.000,0.000,0.015,2728.1,5530.7,67.0
1923,2026-05-02T16:01:51.102,999.765,,9.692,128576.582,118793.941,9782.641,7.608,2047.996,1.250,0.061,7.150,5.940,4.430,238.925,0.000,0.001,0.016,3384.9,5463.2,67.0
1924,2026-05-02T16:01:51.602,1000.266,,8.208,128576.582,118771.473,9805.109,7.626,2047.996,1.250,0.061,7.150,5.940,4.430,248.729,0.000,0.000,0.016,2692.7,5500.0,67.0
1925,2026-05-02T16:01:52.107,1000.770,,11.166,128576.582,118791.836,9784.746,7.610,2047.996,1.250,0.061,7.150,5.940,4.430,234.680,0.147,0.001,0.015,2355.3,5500.0,45.0
1926,2026-05-02T16:01:52.653,1001.316,,9.096,128576.582,118801.551,9775.031,7.602,2047.996,1.250,0.061,7.150,5.940,4.430,201.382,1.181,0.000,0.015,3559.9,5375.5,54.0
1927,2026-05-02T16:01:53.200,1001.863,,7.056,128576.582,118789.957,9786.625,7.612,2047.996,1.250,0.061,7.150,5.940,4.430,243.777,0.000,0.001,0.014,3484.3,5495.0,65.0
1928,2026-05-02T16:01:53.750,1002.413,,8.932,128576.582,118824.555,9752.027,7.585,2047.996,1.250,0.061,7.150,5.940,4.430,220.516,0.363,0.001,0.014,2509.1,5406.8,65.0
1929,2026-05-02T16:01:54.250,1002.913,,9.721,128576.582,118814.645,9761.938,7.592,2047.996,1.250,0.061,7.150,5.940,4.430,239.190,0.000,0.001,0.015,3019.1,5519.3,56.0
1930,2026-05-02T16:01:54.797,1003.460,,8.131,128576.582,118829.344,9747.238,7.581,2047.996,1.250,0.061,7.150,5.940,4.430,232.466,0.000,0.001,0.014,2141.8,5500.0,59.0
1931,2026-05-02T16:01:55.303,1003.966,,9.950,128576.582,118784.891,9791.691,7.615,2047.996,1.250,0.061,7.150,5.940,4.430,234.384,0.000,0.001,0.015,2458.3,5500.0,70.0
1932,2026-05-02T16:01:55.851,1004.514,,9.112,128576.582,118793.465,9783.117,7.609,2047.996,1.250,0.061,7.150,5.940,4.430,212.976,0.000,0.001,0.014,3002.2,5527.9,70.0
1933,2026-05-02T16:01:56.352,1005.015,,9.943,128576.582,118834.008,9742.574,7.577,2047.996,1.250,0.061,6.810,5.890,4.430,223.526,0.000,0.001,0.015,2274.4,5536.4,68.0
1934,2026-05-02T16:01:56.855,1005.519,,11.746,128576.582,118776.543,9800.039,7.622,2047.996,1.250,0.061,6.810,5.890,4.430,203.634,0.000,0.001,0.016,3154.8,5500.0,68.0
1935,2026-05-02T16:01:57.355,1006.019,,12.035,128576.582,118755.211,9821.371,7.639,2047.996,1.250,0.061,6.810,5.890,4.430,222.497,0.133,0.001,0.015,2656.7,5537.2,71.0
1936,2026-05-02T16:01:57.855,1006.519,,10.759,128576.582,118772.355,9804.227,7.625,2047.996,1.250,0.061,6.810,5.890,4.430,228.390,0.000,0.001,0.015,2443.3,5500.0,71.0
1937,2026-05-02T16:01:58.405,1007.068,,14.753,128576.582,118782.980,9793.602,7.617,2047.996,1.250,0.061,6.810,5.890,4.430,229.145,0.000,0.000,0.014,2423.1,5500.0,72.0
1938,2026-05-02T16:01:58.909,1007.572,,10.618,128576.582,118761.316,9815.266,7.634,2047.996,1.250,0.061,6.810,5.890,4.430,218.248,1.644,0.001,0.015,2709.3,5513.5,72.0
1939,2026-05-02T16:01:59.447,1008.110,,14.253,128576.582,118750.254,9826.328,7.642,2047.996,1.250,0.061,6.810,5.890,4.430,246.513,0.000,0.001,0.015,3490.6,5497.1,62.0
1940,2026-05-02T16:01:59.947,1008.611,,12.875,128576.582,118752.434,9824.148,7.641,2047.996,1.250,0.061,6.810,5.890,4.430,233.546,0.000,0.001,0.016,2049.3,5500.0,67.0
1941,2026-05-02T16:02:00.455,1009.118,,12.877,128576.582,118769.766,9806.816,7.627,2047.996,1.250,0.061,6.810,5.890,4.430,243.389,0.000,0.001,0.032,2384.7,5500.0,51.0
1942,2026-05-02T16:02:00.958,1009.621,,14.224,128576.582,118766.605,9809.977,7.630,2047.996,1.250,0.061,9.070,6.370,4.590,234.408,0.000,0.001,0.015,2234.0,5500.0,63.0
1943,2026-05-02T16:02:01.505,1010.168,,11.802,128576.582,118815.336,9761.246,7.592,2047.996,1.250,0.061,9.070,6.370,4.590,250.126,0.000,0.001,0.028,1485.5,5500.0,43.9
1944,2026-05-02T16:02:02.008,1010.671,,10.699,128576.582,118800.195,9776.387,7.604,2047.996,1.250,0.061,9.070,6.370,4.590,263.106,0.000,0.000,0.015,3036.3,5500.1,60.0
1945,2026-05-02T16:02:02.555,1011.218,,9.450,128576.582,118812.438,9764.145,7.594,2047.996,1.250,0.061,9.070,6.370,4.590,265.177,0.128,0.000,0.014,2433.3,5500.0,65.0
1946,2026-05-02T16:02:03.059,1011.723,,9.945,128576.582,118819.152,9757.430,7.589,2047.996,1.250,0.061,9.070,6.370,4.590,222.541,0.000,0.001,0.015,3413.2,5536.9,65.0
1947,2026-05-02T16:02:03.602,1012.265,,8.482,128576.582,118815.117,9761.465,7.592,2047.996,1.250,0.061,9.070,6.370,4.590,221.293,0.000,0.000,0.014,2489.1,5614.6,70.0
1948,2026-05-02T16:02:04.102,1012.765,,7.494,128576.582,118794.551,9782.031,7.608,2047.996,1.250,0.061,9.070,6.370,4.590,221.664,0.320,0.001,0.016,3635.5,5500.0,70.0
1949,2026-05-02T16:02:04.648,1013.311,,7.573,128576.582,118767.113,9809.469,7.629,2047.996,1.250,0.061,9.070,6.370,4.590,243.887,0.000,0.000,0.014,3960.6,5500.0,59.0
1950,2026-05-02T16:02:05.149,1013.812,,6.654,128576.582,118781.871,9794.711,7.618,2047.996,1.250,0.061,9.070,6.370,4.590,245.735,1.264,0.000,0.015,3678.2,5500.0,59.0
1951,2026-05-02T16:02:05.697,1014.361,,6.400,128576.582,118783.617,9792.965,7.616,2047.996,1.250,0.061,9.070,6.370,4.590,205.717,0.000,0.000,0.014,2395.0,5385.2,49.0
1952,2026-05-02T16:02:06.200,1014.863,,5.775,128576.582,118828.414,9748.168,7.582,2047.996,1.250,0.061,8.670,6.330,4.590,234.265,0.000,0.001,0.015,2650.8,5500.0,58.0
1953,2026-05-02T16:02:06.701,1015.365,,6.398,128576.582,118838.875,9737.707,7.573,2047.996,1.250,0.061,8.670,6.330,4.590,246.152,0.000,0.000,0.015,4254.7,5500.0,54.0
1954,2026-05-02T16:02:07.201,1015.865,,6.494,128576.582,118835.418,9741.164,7.576,2047.996,1.250,0.061,8.670,6.330,4.590,245.423,0.000,0.001,0.017,3011.7,5500.0,55.0
1955,2026-05-02T16:02:07.703,1016.366,,7.437,128576.582,118838.605,9737.977,7.574,2047.996,1.250,0.061,8.670,6.330,4.590,270.872,0.140,0.001,0.016,4349.6,5500.5,63.0
1956,2026-05-02T16:02:08.207,1016.870,,6.005,128576.582,118785.883,9790.699,7.615,2047.996,1.250,0.061,8.670,6.330,4.590,229.726,0.000,0.000,0.016,2477.5,5514.8,59.0
1957,2026-05-02T16:02:08.751,1017.414,,9.216,128576.582,118776.148,9800.434,7.622,2047.996,1.250,0.061,8.670,6.330,4.590,239.853,0.136,0.000,0.015,2884.0,5500.0,59.0
1958,2026-05-02T16:02:09.290,1017.953,,10.331,128576.582,118776.828,9799.754,7.622,2047.996,1.250,0.061,8.670,6.330,4.590,248.568,0.000,0.001,0.014,2559.6,5511.3,64.0
1959,2026-05-02T16:02:09.802,1018.465,,8.613,128576.582,118782.910,9793.672,7.617,2047.996,1.250,0.061,8.670,6.330,4.590,175.275,0.000,0.001,0.015,2752.6,5500.0,60.0
1960,2026-05-02T16:02:10.345,1019.008,,5.903,128576.582,118785.395,9791.188,7.615,2047.996,1.250,0.061,8.670,6.330,4.590,203.712,0.000,0.001,0.015,2283.5,5500.0,60.0
1961,2026-05-02T16:02:10.846,1019.509,,7.156,128576.582,118815.797,9760.785,7.591,2047.996,1.250,0.061,8.670,6.330,4.590,179.064,1.241,0.001,0.015,2585.1,5500.0,62.0
1962,2026-05-02T16:02:11.346,1020.009,,6.541,128576.582,118803.969,9772.613,7.601,2047.996,1.250,0.061,8.050,6.240,4.570,204.029,0.000,0.000,0.015,2441.3,5500.0,62.0
1963,2026-05-02T16:02:11.891,1020.554,,7.842,128576.582,118799.938,9776.645,7.604,2047.996,1.250,0.061,8.050,6.240,4.570,238.969,0.000,0.001,0.014,4750.7,5437.8,44.9
1964,2026-05-02T16:02:12.396,1021.059,,7.347,128576.582,118782.648,9793.934,7.617,2047.996,1.250,0.061,8.050,6.240,4.570,255.928,0.000,0.000,0.015,2548.3,5500.0,47.0
1965,2026-05-02T16:02:12.899,1021.562,,7.654,128576.582,118774.453,9802.129,7.624,2047.996,1.250,0.061,8.050,6.240,4.570,230.310,0.140,0.001,0.015,2384.4,5500.0,60.0
1966,2026-05-02T16:02:13.401,1022.064,,9.663,128576.582,118768.332,9808.250,7.628,2047.996,1.250,0.061,8.050,6.240,4.570,199.285,0.000,0.001,0.015,2279.4,5500.0,68.0
1967,2026-05-02T16:02:13.950,1022.613,,9.227,128576.582,118783.516,9793.066,7.617,2047.996,1.250,0.061,8.050,6.240,4.570,223.247,0.128,0.001,0.014,1960.5,5500.0,56.0
1968,2026-05-02T16:02:14.452,1023.115,,8.459,128576.582,118772.254,9804.328,7.625,2047.996,1.250,0.061,8.050,6.240,4.570,213.265,0.117,0.001,0.015,1598.2,5500.0,55.0
1969,2026-05-02T16:02:14.953,1023.616,,8.885,128576.582,118783.070,9793.512,7.617,2047.996,1.250,0.061,8.050,6.240,4.570,205.606,0.000,0.001,0.017,1785.7,5500.0,43.9
1970,2026-05-02T16:02:15.496,1024.159,,7.147,128576.582,118788.824,9787.758,7.612,2047.996,1.250,0.061,8.050,6.240,4.570,215.476,0.000,0.001,0.015,2748.4,5500.0,58.0
1971,2026-05-02T16:02:15.997,1024.661,,11.263,128576.582,118783.520,9793.062,7.617,2047.996,1.250,0.061,7.570,6.170,4.550,211.462,0.000,0.001,0.016,2767.0,5336.2,68.0
1972,2026-05-02T16:02:16.498,1025.161,,10.694,128576.582,118781.941,9794.641,7.618,2047.996,1.250,0.061,7.570,6.170,4.550,193.593,0.000,0.000,0.017,2188.3,5500.0,68.0
1973,2026-05-02T16:02:16.998,1025.661,,11.942,128576.582,118766.141,9810.441,7.630,2047.996,1.250,0.061,7.570,6.170,4.550,225.736,1.445,0.000,0.015,2217.4,5500.0,68.0
1974,2026-05-02T16:02:17.502,1026.165,,10.621,128576.582,118772.438,9804.145,7.625,2047.996,1.250,0.061,7.570,6.170,4.550,199.461,0.000,0.001,0.030,4699.6,5300.1,56.0
1975,2026-05-02T16:02:18.052,1026.715,,12.565,128576.582,118789.477,9787.105,7.612,2047.996,1.250,0.061,7.570,6.170,4.550,191.326,0.128,0.001,0.014,1805.9,5500.0,56.0
1976,2026-05-02T16:02:18.552,1027.216,,13.665,128576.582,118781.812,9794.770,7.618,2047.996,1.250,0.061,7.570,6.170,4.550,214.781,0.000,0.001,0.015,2433.3,5500.0,59.0
1977,2026-05-02T16:02:19.055,1027.718,,11.584,128576.582,118781.496,9795.086,7.618,2047.996,1.250,0.061,7.570,6.170,4.550,212.529,0.156,0.001,0.015,2914.5,5500.0,59.0
1978,2026-05-02T16:02:19.602,1028.265,,14.278,128576.582,118768.383,9808.199,7.628,2047.996,1.250,0.061,7.570,6.170,4.550,222.131,1.850,0.001,0.014,2616.1,5500.0,61.0
1979,2026-05-02T16:02:20.150,1028.813,,9.007,128576.582,118753.320,9823.262,7.640,2047.996,1.250,0.061,7.570,6.170,4.550,185.715,0.000,0.001,0.014,2716.4,5517.6,61.0
1980,2026-05-02T16:02:20.650,1029.314,,11.076,128576.582,118769.262,9807.320,7.628,2047.996,1.250,0.061,7.570,6.170,4.550,219.264,0.000,0.001,0.015,4699.9,5300.1,59.0
1981,2026-05-02T16:02:21.152,1029.816,,14.107,128576.582,118760.348,9816.234,7.635,2047.996,1.250,0.061,7.200,6.120,4.550,221.072,0.000,0.001,0.015,2531.4,5390.9,62.0
1982,2026-05-02T16:02:21.652,1030.316,,14.520,128576.582,118778.477,9798.105,7.620,2047.996,1.250,0.061,7.200,6.120,4.550,225.959,0.094,0.000,0.015,2055.4,5532.4,73.0
1983,2026-05-02T16:02:22.155,1030.818,,10.282,128576.582,118792.820,9783.762,7.609,2047.996,1.250,0.061,7.200,6.120,4.550,223.208,0.000,0.001,0.015,1576.9,5500.0,73.0
1984,2026-05-02T16:02:22.662,1031.326,,25.092,128576.582,118798.445,9778.137,7.605,2047.996,1.250,0.061,7.200,6.120,4.550,212.738,0.000,0.001,0.015,3666.5,5500.0,71.0
1985,2026-05-02T16:02:23.162,1031.826,,21.709,128576.582,118778.652,9797.930,7.620,2047.996,1.250,0.061,7.200,6.120,4.550,199.998,0.641,0.001,0.016,2366.9,5444.4,73.0
1986,2026-05-02T16:02:23.711,1032.374,,27.560,128576.582,118796.457,9780.125,7.606,2047.996,1.250,0.061,7.200,6.120,4.550,204.068,0.000,0.000,0.015,2857.6,5518.6,68.0
1987,2026-05-02T16:02:24.255,1032.918,,35.140,128576.582,118792.824,9783.758,7.609,2047.996,1.250,0.061,7.200,6.120,4.550,200.443,0.014,0.000,0.016,4650.0,5200.1,61.0
1988,2026-05-02T16:02:24.805,1033.468,,32.308,128576.582,118833.473,9743.109,7.578,2047.996,1.250,0.061,7.200,6.120,4.550,223.109,0.000,0.001,0.014,2492.8,5529.6,64.0
1989,2026-05-02T16:02:25.306,1033.969,,24.450,128576.582,118830.543,9746.039,7.580,2047.996,1.250,0.061,7.200,6.120,4.550,172.330,0.000,0.000,0.015,3198.7,5500.0,69.0
1990,2026-05-02T16:02:25.807,1034.470,,19.598,128576.582,118831.383,9745.199,7.579,2047.996,1.250,0.061,7.200,6.120,4.550,199.493,0.000,0.000,0.015,1531.7,5499.4,51.0
1991,2026-05-02T16:02:26.311,1034.974,,13.492,128576.582,118810.758,9765.824,7.595,2047.996,1.250,0.061,6.700,6.040,4.530,218.461,0.000,0.000,0.015,2373.9,5510.5,71.0
1992,2026-05-02T16:02:26.812,1035.475,,16.928,128576.582,118801.617,9774.965,7.602,2047.996,1.250,0.061,6.700,6.040,4.530,213.675,0.203,0.001,0.015,2903.8,5500.0,71.0
1993,2026-05-02T16:02:27.315,1035.978,,33.643,128576.582,118804.531,9772.051,7.600,2047.996,1.250,0.061,6.700,6.040,4.530,229.508,0.000,0.000,0.015,2423.0,5500.0,69.0
1994,2026-05-02T16:02:27.815,1036.478,,39.268,128576.582,118821.977,9754.605,7.587,2047.996,1.250,0.061,6.700,6.040,4.530,244.902,0.000,0.001,0.015,2743.0,5401.7,72.0
1995,2026-05-02T16:02:28.363,1037.027,,26.207,128576.582,118821.066,9755.516,7.587,2047.996,1.250,0.061,6.700,6.040,4.530,239.781,0.114,0.000,0.014,4681.2,5278.0,72.0
1996,2026-05-02T16:02:28.903,1037.566,,25.928,128576.582,118810.312,9766.270,7.596,2047.996,1.250,0.061,6.700,6.040,4.530,243.526,1.246,0.000,0.014,4648.3,5200.3,63.0
1997,2026-05-02T16:02:29.408,1038.071,,19.752,128576.582,118803.625,9772.957,7.601,2047.996,1.250,0.061,6.700,6.040,4.530,242.975,0.000,0.000,0.015,2333.9,5500.0,71.0
1998,2026-05-02T16:02:29.958,1038.621,,18.187,128576.582,118781.254,9795.328,7.618,2047.996,1.250,0.061,6.700,6.040,4.530,240.491,0.000,0.000,0.014,3662.7,5439.9,67.0
1999,2026-05-02T16:02:30.463,1039.126,,17.037,128576.582,118813.141,9763.441,7.593,2047.996,1.250,0.061,6.700,6.040,4.530,247.268,0.000,0.000,0.015,2362.8,5500.0,67.0
2000,2026-05-02T16:02:30.967,1039.630,,17.713,128576.582,118797.789,9778.793,7.605,2047.996,1.250,0.061,9.050,6.530,4.700,253.762,0.000,0.001,0.016,2541.3,5496.5,63.0
2001,2026-05-02T16:02:31.467,1040.130,,16.646,128576.582,118774.352,9802.230,7.624,2047.996,1.250,0.061,9.050,6.530,4.700,253.551,0.000,0.000,0.016,3085.3,5500.0,60.0
2002,2026-05-02T16:02:32.010,1040.673,,17.503,128576.582,118798.098,9778.484,7.605,2047.996,1.250,0.061,9.050,6.530,4.700,223.706,0.331,0.001,0.028,2878.5,5471.0,69.0
2003,2026-05-02T16:02:32.557,1041.221,,15.314,128576.582,118816.418,9760.164,7.591,2047.996,1.250,0.061,9.050,6.530,4.700,274.655,0.000,0.000,0.015,2631.5,5477.4,69.0
2004,2026-05-02T16:02:33.060,1041.723,,11.809,128576.582,118822.195,9754.387,7.586,2047.996,1.250,0.061,9.050,6.530,4.700,278.076,0.148,0.000,0.015,2796.8,5500.0,66.0
2005,2026-05-02T16:02:33.609,1042.272,,12.180,128576.582,118855.625,9720.957,7.560,2047.996,1.250,0.061,9.050,6.530,4.700,276.619,0.000,0.001,0.014,2778.0,5500.0,66.0
2006,2026-05-02T16:02:34.111,1042.775,,17.254,128576.582,118878.730,9697.852,7.542,2047.996,1.250,0.061,9.050,6.530,4.700,275.359,0.000,0.001,0.016,2637.4,5500.0,67.0
2007,2026-05-02T16:02:34.616,1043.279,,14.126,128576.582,118804.629,9771.953,7.600,2047.996,1.250,0.061,9.050,6.530,4.700,275.970,1.286,0.000,0.015,2691.8,5529.9,67.0
2008,2026-05-02T16:02:35.157,1043.821,,15.482,128576.582,118836.422,9740.160,7.575,2047.996,1.250,0.061,9.050,6.530,4.700,276.634,0.000,0.001,0.014,2829.9,5500.0,68.0
2009,2026-05-02T16:02:35.659,1044.323,,14.179,128576.582,118856.105,9720.477,7.560,2047.996,1.250,0.061,9.050,6.530,4.700,272.252,0.000,0.000,0.015,2670.5,5500.0,68.0
2010,2026-05-02T16:02:36.161,1044.824,,14.418,128576.582,118862.883,9713.699,7.555,2047.996,1.250,0.061,8.570,6.470,4.690,255.941,0.000,0.001,0.015,2948.5,5507.8,62.0
2011,2026-05-02T16:02:36.706,1045.370,,12.913,128576.582,118870.766,9705.816,7.549,2047.996,1.250,0.061,8.570,6.470,4.690,261.757,0.136,0.000,0.014,2516.4,5500.0,67.0
2012,2026-05-02T16:02:37.257,1045.920,,17.684,128576.582,118795.562,9781.020,7.607,2047.996,1.250,0.061,8.570,6.470,4.690,270.273,0.000,0.000,0.014,4653.8,5300.6,65.0
2013,2026-05-02T16:02:37.803,1046.466,,13.860,128576.582,118835.715,9740.867,7.576,2047.996,1.250,0.061,8.570,6.470,4.690,230.248,0.000,0.001,0.014,2063.2,5500.0,56.0
2014,2026-05-02T16:02:38.313,1046.976,,18.072,128576.582,118822.594,9753.988,7.586,2047.996,1.250,0.061,8.570,6.470,4.690,203.118,0.138,0.000,0.015,2897.5,4914.6,50.0
2015,2026-05-02T16:02:38.858,1047.521,,18.050,128576.582,118839.273,9737.309,7.573,2047.996,1.250,0.061,8.570,6.470,4.690,248.673,0.000,0.001,0.014,3059.0,5527.5,72.0
2016,2026-05-02T16:02:39.360,1048.023,,17.776,128576.582,118821.363,9755.219,7.587,2047.996,1.250,0.061,8.570,6.470,4.690,233.766,0.000,0.001,0.016,2902.6,5500.0,72.0
2017,2026-05-02T16:02:39.860,1048.523,,16.159,128576.582,118813.648,9762.934,7.593,2047.996,1.250,0.061,8.570,6.470,4.690,267.417,0.000,0.001,0.016,3004.7,5503.4,72.0
2018,2026-05-02T16:02:40.362,1049.025,,12.840,128576.582,118809.184,9767.398,7.597,2047.996,1.250,0.061,8.570,6.470,4.690,218.680,0.000,0.001,0.017,2286.6,5410.4,62.0
2019,2026-05-02T16:02:40.906,1049.570,,15.345,128576.582,118836.305,9740.277,7.575,2047.996,1.250,0.061,8.570,6.470,4.690,231.022,1.169,0.001,0.014,2976.8,5546.2,60.0
2020,2026-05-02T16:02:41.408,1050.071,,11.982,128576.582,118840.934,9735.648,7.572,2047.996,1.250,0.061,8.040,6.400,4.670,232.501,0.000,0.000,0.015,2959.6,5500.0,62.0
2021,2026-05-02T16:02:41.948,1050.611,,14.211,128576.582,118845.984,9730.598,7.568,2047.996,1.250,0.061,8.040,6.400,4.670,224.464,0.253,0.001,0.014,2043.7,5500.0,62.0
2022,2026-05-02T16:02:42.453,1051.116,,11.973,128576.582,118826.301,9750.281,7.583,2047.996,1.250,0.061,8.040,6.400,4.670,251.614,0.000,0.000,0.015,3452.6,5499.7,70.0
2023,2026-05-02T16:02:42.955,1051.618,,14.693,128576.582,118818.617,9757.965,7.589,2047.996,1.250,0.061,8.040,6.400,4.670,256.572,0.000,0.001,0.015,2362.6,5500.0,70.0
2024,2026-05-02T16:02:43.502,1052.165,,11.781,128576.582,118828.066,9748.516,7.582,2047.996,1.250,0.061,8.040,6.400,4.670,230.139,0.129,0.000,0.014,2363.6,5541.4,59.0
2025,2026-05-02T16:02:44.005,1052.668,,11.863,128576.582,118812.902,9763.680,7.594,2047.996,1.250,0.061,8.040,6.400,4.670,233.752,0.000,0.001,0.030,2660.4,5500.0,59.0
2026,2026-05-02T16:02:44.555,1053.218,,10.557,128576.582,118763.801,9812.781,7.632,2047.996,1.250,0.061,8.040,6.400,4.670,257.906,0.000,0.000,0.014,2805.7,5500.0,66.0
2027,2026-05-02T16:02:45.058,1053.721,,11.348,128576.582,118780.789,9795.793,7.619,2047.996,1.250,0.061,8.040,6.400,4.670,254.104,0.000,0.001,0.016,2296.7,5500.0,72.0
2028,2026-05-02T16:02:45.558,1054.222,,11.676,128576.582,118774.930,9801.652,7.623,2047.996,1.250,0.061,8.040,6.400,4.670,277.471,0.000,0.001,0.015,2283.1,5536.7,68.0
2029,2026-05-02T16:02:46.058,1054.722,,11.809,128576.582,118800.668,9775.914,7.603,2047.996,1.250,0.061,7.640,6.340,4.660,275.653,0.000,0.001,0.015,2620.9,5500.0,68.0
2030,2026-05-02T16:02:46.558,1055.222,,13.109,128576.582,118825.785,9750.797,7.584,2047.996,1.250,0.061,7.640,6.340,4.660,276.441,0.000,0.001,0.015,2522.4,5494.9,67.0
2031,2026-05-02T16:02:47.061,1055.724,,9.548,128576.582,118824.664,9751.918,7.585,2047.996,1.250,0.061,7.640,6.340,4.660,275.650,1.422,0.001,0.016,2803.2,5500.0,67.0
2032,2026-05-02T16:02:47.566,1056.229,,12.203,128576.582,118849.656,9726.926,7.565,2047.996,1.250,0.061,7.640,6.340,4.660,278.752,0.000,0.000,0.016,1740.8,5500.0,44.9
2033,2026-05-02T16:02:48.071,1056.734,,14.198,128576.582,118865.184,9711.398,7.553,2047.996,1.250,0.061,7.640,6.340,4.660,275.821,0.000,0.001,0.016,3125.0,5500.0,49.0
2034,2026-05-02T16:02:48.603,1057.266,,13.223,128576.582,118889.426,9687.156,7.534,2047.996,1.250,0.061,7.640,6.340,4.660,280.139,0.125,0.000,0.016,2569.1,5500.0,67.0
2035,2026-05-02T16:02:49.109,1057.772,,9.844,128576.582,118900.160,9676.422,7.526,2047.996,1.250,0.061,7.640,6.340,4.660,276.893,0.000,0.001,0.015,2309.9,5500.0,67.0
2036,2026-05-02T16:02:49.609,1058.272,,5.060,128576.582,118869.273,9707.309,7.550,2047.996,1.250,0.061,7.640,6.340,4.660,272.844,0.000,0.001,0.015,3125.9,5500.0,69.0
2037,2026-05-02T16:02:50.155,1058.819,,10.103,128576.582,118885.984,9690.598,7.537,2047.996,1.250,0.061,7.640,6.340,4.660,282.796,0.000,0.001,0.014,2727.9,5500.0,69.0
2038,2026-05-02T16:02:50.656,1059.319,,8.244,128576.582,118889.855,9686.727,7.534,2047.996,1.250,0.061,7.640,6.340,4.660,273.256,0.000,0.001,0.015,3557.2,5412.6,70.0
2039,2026-05-02T16:02:51.159,1059.822,,9.237,128576.582,118900.168,9676.414,7.526,2047.996,1.250,0.061,7.180,6.270,4.650,273.190,0.000,0.001,0.015,2700.1,5500.0,70.0
2040,2026-05-02T16:02:51.703,1060.366,,9.902,128576.582,118881.180,9695.402,7.541,2047.996,1.250,0.061,7.180,6.270,4.650,277.556,0.000,0.000,0.014,2053.4,5500.0,67.0
2041,2026-05-02T16:02:52.206,1060.869,,7.928,128576.582,118830.277,9746.305,7.580,2047.996,1.250,0.061,7.180,6.270,4.650,275.482,0.272,0.001,0.015,2482.1,5500.0,67.0
2042,2026-05-02T16:02:52.753,1061.417,,9.217,128576.582,118823.391,9753.191,7.586,2047.996,1.250,0.061,7.180,6.270,4.650,275.989,1.134,0.000,0.014,2464.6,5500.0,64.0
2043,2026-05-02T16:02:53.303,1061.966,,12.479,128576.582,118845.891,9730.691,7.568,2047.996,1.250,0.061,7.180,6.270,4.650,275.031,0.028,0.001,0.014,2912.2,5500.0,64.0
2044,2026-05-02T16:02:53.804,1062.468,,9.114,128576.582,118836.086,9740.496,7.576,2047.996,1.250,0.061,7.180,6.270,4.650,277.595,0.133,0.000,0.015,2601.1,5500.0,63.0
2045,2026-05-02T16:02:54.307,1062.970,,11.221,128576.582,118835.961,9740.621,7.576,2047.996,1.250,0.061,7.180,6.270,4.650,277.634,0.000,0.001,0.015,2070.3,5500.0,65.0
2046,2026-05-02T16:02:54.808,1063.471,,9.148,128576.582,118850.723,9725.859,7.564,2047.996,1.250,0.061,7.180,6.270,4.650,274.934,0.000,0.001,0.015,2291.5,5369.8,57.0
2047,2026-05-02T16:02:55.358,1064.021,,10.846,128576.582,118839.082,9737.500,7.573,2047.996,1.250,0.061,7.180,6.270,4.650,275.887,0.000,0.000,0.015,2852.0,5500.0,62.0
2048,2026-05-02T16:02:55.861,1064.524,,12.570,128576.582,118882.727,9693.855,7.539,2047.996,1.250,0.061,7.180,6.270,4.650,278.785,0.000,0.001,0.016,2736.5,5502.0,69.0
2049,2026-05-02T16:02:56.362,1065.025,,13.651,128576.582,118833.238,9743.344,7.578,2047.996,1.250,0.061,6.930,6.230,4.640,275.600,0.000,0.001,0.017,3457.8,5500.0,70.0
2050,2026-05-02T16:02:56.902,1065.565,,11.085,128576.582,118827.258,9749.324,7.583,2047.996,1.250,0.061,6.930,6.230,4.640,278.147,0.196,0.001,0.015,2626.2,5500.0,69.0
2051,2026-05-02T16:02:57.402,1066.065,,10.924,128576.582,118854.320,9722.262,7.561,2047.996,1.250,0.061,6.930,6.230,4.640,277.015,2.669,0.001,0.015,2726.7,5364.7,69.0
2052,2026-05-02T16:02:57.907,1066.570,,10.497,128576.582,118830.418,9746.164,7.580,2047.996,1.250,0.061,6.930,6.230,4.640,277.278,0.008,0.000,0.015,2597.8,5500.0,70.0
2053,2026-05-02T16:02:58.408,1067.071,,13.283,128576.582,118780.109,9796.473,7.619,2047.996,1.250,0.061,6.930,6.230,4.640,277.835,0.000,0.000,0.015,2875.1,5410.6,70.0
2054,2026-05-02T16:02:58.913,1067.576,,13.247,128576.582,118822.684,9753.898,7.586,2047.996,1.250,0.061,6.930,6.230,4.640,276.107,0.186,0.001,0.015,2238.5,5500.0,63.0
2055,2026-05-02T16:02:59.414,1068.077,,16.750,128576.582,118805.027,9771.555,7.600,2047.996,1.250,0.061,6.930,6.230,4.640,271.698,0.187,0.000,0.015,3005.9,5500.0,65.0
2056,2026-05-02T16:02:59.955,1068.618,,13.918,128576.582,118813.129,9763.453,7.593,2047.996,1.250,0.061,6.930,6.230,4.640,276.019,0.000,0.001,0.014,1937.6,5517.0,58.0
2057,2026-05-02T16:03:00.459,1069.122,,15.185,128576.582,118806.250,9770.332,7.599,2047.996,1.250,0.061,6.930,6.230,4.640,277.738,0.000,0.001,0.030,2906.0,5500.0,70.0
2058,2026-05-02T16:03:00.967,1069.631,,16.329,128576.582,118882.102,9694.480,7.540,2047.996,1.250,0.061,6.530,6.160,4.630,278.887,0.000,0.001,0.015,2594.4,5500.0,68.0
2059,2026-05-02T16:03:01.507,1070.170,,14.385,128576.582,118857.844,9718.738,7.559,2047.996,1.250,0.061,6.530,6.160,4.630,272.672,0.000,0.000,0.028,2402.0,5500.6,68.0
2060,2026-05-02T16:03:02.057,1070.720,,11.187,128576.582,118874.586,9701.996,7.546,2047.996,1.250,0.061,6.530,6.160,4.630,280.201,0.000,0.000,0.014,3146.4,5500.0,60.0
2061,2026-05-02T16:03:02.605,1071.268,,16.894,128576.582,118851.613,9724.969,7.564,2047.996,1.250,0.061,6.530,6.160,4.630,274.570,0.128,0.001,0.014,4650.1,5200.1,60.0
2062,2026-05-02T16:03:03.152,1071.815,,19.805,128576.582,118892.316,9684.266,7.532,2047.996,1.250,0.061,6.530,6.160,4.630,275.935,0.000,0.001,0.015,4695.7,5300.1,57.0
2063,2026-05-02T16:03:03.657,1072.320,,16.355,128576.582,118874.738,9701.844,7.546,2047.996,1.250,0.061,6.530,6.160,4.630,280.470,0.000,0.000,0.016,2741.5,5500.0,63.0
2064,2026-05-02T16:03:04.203,1072.866,,10.145,128576.582,118876.188,9700.395,7.544,2047.996,1.250,0.061,6.530,6.160,4.630,280.683,1.295,0.001,0.015,2758.3,5500.0,63.0
2065,2026-05-02T16:03:04.753,1073.416,,11.822,128576.582,118881.754,9694.828,7.540,2047.996,1.250,0.061,6.530,6.160,4.630,274.995,0.128,0.000,0.015,2165.0,5463.8,63.0
2066,2026-05-02T16:03:05.301,1073.965,,12.450,128576.582,118864.586,9711.996,7.553,2047.996,1.250,0.061,6.530,6.160,4.630,273.526,0.000,0.001,0.014,4652.6,5207.1,58.0
2067,2026-05-02T16:03:05.803,1074.466,,9.649,128576.582,118843.484,9733.098,7.570,2047.996,1.250,0.061,6.530,6.160,4.630,275.728,0.000,0.001,0.016,2109.8,5500.0,56.0
2068,2026-05-02T16:03:06.352,1075.015,,11.488,128576.582,118846.965,9729.617,7.567,2047.996,1.250,0.061,6.170,6.090,4.620,280.460,0.000,0.000,0.014,2494.9,5500.0,61.0
2069,2026-05-02T16:03:06.856,1075.519,,11.713,128576.582,118839.492,9737.090,7.573,2047.996,1.250,0.061,6.170,6.090,4.620,275.132,0.000,0.000,0.015,2250.8,5519.8,61.0
2070,2026-05-02T16:03:07.400,1076.063,,11.234,128576.582,118780.262,9796.320,7.619,2047.996,1.250,0.061,6.170,6.090,4.620,277.078,0.000,0.000,0.014,4678.6,5300.1,67.0
2071,2026-05-02T16:03:07.950,1076.613,,7.754,128576.582,118795.352,9781.230,7.607,2047.996,1.250,0.061,6.170,6.090,4.620,274.934,0.000,0.000,0.014,2690.6,5417.6,67.0
2072,2026-05-02T16:03:08.450,1077.113,,9.326,128576.582,118821.070,9755.512,7.587,2047.996,1.250,0.061,6.170,6.090,4.620,275.946,0.000,0.000,0.015,2676.0,5500.0,67.0
2073,2026-05-02T16:03:08.957,1077.620,,9.023,128576.582,118842.695,9733.887,7.570,2047.996,1.250,0.061,6.170,6.090,4.620,274.579,0.146,0.001,0.015,1692.2,5500.0,67.0
2074,2026-05-02T16:03:09.502,1078.166,,13.322,128576.582,118826.160,9750.422,7.583,2047.996,1.250,0.061,6.170,6.090,4.620,278.251,0.000,0.000,0.014,2991.3,5515.9,57.0
2075,2026-05-02T16:03:10.003,1078.667,,11.258,128576.582,118768.020,9808.562,7.629,2047.996,1.250,0.061,6.170,6.090,4.620,275.510,0.265,0.000,0.015,1861.3,5500.0,57.0
2076,2026-05-02T16:03:10.552,1079.216,,10.971,128576.582,118817.469,9759.113,7.590,2047.996,1.250,0.061,6.170,6.090,4.620,278.459,0.000,0.001,0.027,2537.6,5500.0,66.0
2077,2026-05-02T16:03:11.055,1079.718,,10.717,128576.582,118831.988,9744.594,7.579,2047.996,1.250,0.061,5.840,6.020,4.600,255.560,1.245,0.001,0.016,2823.9,5550.0,66.0
2078,2026-05-02T16:03:11.605,1080.268,,9.816,128576.582,118809.113,9767.469,7.597,2047.996,1.250,0.061,5.840,6.020,4.600,273.833,0.000,0.000,0.014,2281.8,5500.0,65.0
2079,2026-05-02T16:03:12.154,1080.817,,10.896,128576.582,118810.938,9765.645,7.595,2047.996,1.250,0.061,5.840,6.020,4.600,275.256,0.000,0.000,0.014,1661.7,5500.0,65.0
2080,2026-05-02T16:03:12.656,1081.319,,14.206,128576.582,118834.422,9742.160,7.577,2047.996,1.250,0.061,5.840,6.020,4.600,262.281,0.000,0.001,0.017,2536.4,5500.0,68.0
2081,2026-05-02T16:03:13.161,1081.824,,16.594,128576.582,118780.617,9795.965,7.619,2047.996,1.250,0.061,5.840,6.020,4.600,259.247,0.000,0.001,0.015,2781.7,5500.0,68.0
2082,2026-05-02T16:03:13.711,1082.374,,15.663,128576.582,118795.930,9780.652,7.607,2047.996,1.250,0.061,5.840,6.020,4.600,266.258,0.000,0.001,0.014,2817.1,5500.0,65.0
2083,2026-05-02T16:03:14.215,1082.878,,15.933,128576.582,118868.375,9708.207,7.551,2047.996,1.250,0.061,5.840,6.020,4.600,273.877,0.132,0.001,0.015,2890.5,5500.0,65.0
2084,2026-05-02T16:03:14.759,1083.423,,14.798,128576.582,118836.539,9740.043,7.575,2047.996,1.250,0.061,5.840,6.020,4.600,256.208,0.129,0.001,0.014,3141.6,5500.0,67.0
2085,2026-05-02T16:03:15.309,1083.973,,15.157,128576.582,118825.719,9750.863,7.584,2047.996,1.250,0.061,5.840,6.020,4.600,263.582,0.000,0.001,0.014,2815.7,5500.0,67.0
2086,2026-05-02T16:03:15.809,1084.473,,12.830,128576.582,118813.348,9763.234,7.593,2047.996,1.250,0.061,5.840,6.020,4.600,279.246,0.000,0.001,0.015,2392.9,5500.0,69.0
2087,2026-05-02T16:03:16.354,1085.018,,15.600,128576.582,118807.273,9769.309,7.598,2047.996,1.250,0.061,5.690,5.990,4.600,277.388,0.000,0.001,0.014,3130.1,5530.9,69.0
2088,2026-05-02T16:03:16.863,1085.526,,15.403,128576.582,118776.691,9799.891,7.622,2047.996,1.250,0.061,5.690,5.990,4.600,276.914,1.468,0.001,0.015,2937.4,5500.0,65.0
2089,2026-05-02T16:03:17.367,1086.030,,16.409,128576.582,118829.871,9746.711,7.580,2047.996,1.250,0.061,5.690,5.990,4.600,277.103,0.000,0.000,0.015,3729.6,5503.8,65.0
2090,2026-05-02T16:03:17.909,1086.572,,12.632,128576.582,118823.523,9753.059,7.585,2047.996,1.250,0.061,5.690,5.990,4.600,279.398,0.000,0.001,0.015,2889.4,5438.9,70.0
2091,2026-05-02T16:03:18.411,1087.074,,17.196,128576.582,118835.418,9741.164,7.576,2047.996,1.250,0.061,5.690,5.990,4.600,276.389,0.000,0.000,0.015,3061.0,5535.5,70.0
2092,2026-05-02T16:03:18.918,1087.581,,14.803,128576.582,118821.488,9755.094,7.587,2047.996,1.250,0.061,5.690,5.990,4.600,275.499,0.000,0.001,0.015,2352.3,5381.0,67.0
2093,2026-05-02T16:03:19.461,1088.124,,14.410,128576.582,118903.898,9672.684,7.523,2047.996,1.250,0.061,5.690,5.990,4.600,276.444,0.122,0.000,0.016,3063.5,5501.9,67.0
2094,2026-05-02T16:03:20.008,1088.671,,16.638,128576.582,118882.297,9694.285,7.540,2047.996,1.250,0.061,5.690,5.990,4.600,276.724,0.136,0.001,0.028,3313.0,5340.0,66.0
2095,2026-05-02T16:03:20.514,1089.177,,17.237,128576.582,118803.508,9773.074,7.601,2047.996,1.250,0.061,5.690,5.990,4.600,276.253,0.116,0.000,0.017,2331.4,5500.0,67.0
2096,2026-05-02T16:03:21.014,1089.677,,13.656,128576.582,118808.254,9768.328,7.597,2047.996,1.250,0.061,5.550,5.960,4.590,274.995,0.000,0.001,0.016,2632.4,5500.0,68.0
2097,2026-05-02T16:03:21.515,1090.178,,18.537,128576.582,118833.746,9742.836,7.577,2047.996,1.250,0.061,5.550,5.960,4.590,274.502,0.000,0.000,0.015,2582.9,5500.1,73.0
2098,2026-05-02T16:03:22.057,1090.720,,11.754,128576.582,118837.551,9739.031,7.574,2047.996,1.250,0.061,5.550,5.960,4.590,275.490,0.194,0.001,0.015,3358.1,5449.7,68.0
2099,2026-05-02T16:03:22.602,1091.265,,13.689,128576.582,118850.715,9725.867,7.564,2047.996,1.250,0.061,5.550,5.960,4.590,213.645,0.000,0.000,0.014,2770.4,5548.0,70.0
2100,2026-05-02T16:03:23.107,1091.770,,14.445,128576.582,118863.449,9713.133,7.554,2047.996,1.250,0.061,5.550,5.960,4.590,244.424,1.237,0.000,0.015,2830.6,5475.4,60.0
2101,2026-05-02T16:03:23.608,1092.271,,12.343,128576.582,118841.652,9734.930,7.571,2047.996,1.250,0.061,5.550,5.960,4.590,256.470,0.016,0.000,0.015,3315.4,5500.0,60.0
2102,2026-05-02T16:03:24.112,1092.775,,13.133,128576.582,118856.590,9719.992,7.560,2047.996,1.250,0.061,5.550,5.960,4.590,272.560,0.000,0.001,0.015,2451.0,5500.1,65.0
2103,2026-05-02T16:03:24.614,1093.277,,17.394,128576.582,118827.910,9748.672,7.582,2047.996,1.250,0.061,5.550,5.960,4.590,270.422,0.140,0.001,0.015,3317.9,5538.5,69.0
2104,2026-05-02T16:03:25.154,1093.818,,9.329,128576.582,118793.387,9783.195,7.609,2047.996,1.250,0.061,5.550,5.960,4.590,240.362,0.000,0.001,0.014,3070.4,5504.0,64.0
2105,2026-05-02T16:03:25.704,1094.367,,20.727,128576.582,118777.168,9799.414,7.621,2047.996,1.250,0.061,5.550,5.960,4.590,262.986,0.000,0.001,0.014,2437.6,5535.0,64.0
2106,2026-05-02T16:03:26.206,1094.869,,12.399,128576.582,118791.965,9784.617,7.610,2047.996,1.250,0.061,5.350,5.910,4.590,218.521,0.000,0.001,0.016,2341.8,5496.2,50.0
2107,2026-05-02T16:03:26.749,1095.412,,8.581,128576.582,118779.867,9796.715,7.619,2047.996,1.250,0.061,5.350,5.910,4.590,202.940,0.000,0.000,0.014,3115.0,5490.3,62.0
2108,2026-05-02T16:03:27.251,1095.914,,8.840,128576.582,118820.844,9755.738,7.587,2047.996,1.250,0.061,5.350,5.910,4.590,234.098,0.802,0.001,0.016,2217.9,5500.0,59.0
2109,2026-05-02T16:03:27.796,1096.460,,9.257,128576.582,118813.918,9762.664,7.593,2047.996,1.250,0.061,5.350,5.910,4.590,237.344,0.000,0.000,0.015,3455.7,5500.0,60.0
2110,2026-05-02T16:03:28.302,1096.965,,13.849,128576.582,118809.992,9766.590,7.596,2047.996,1.250,0.061,5.350,5.910,4.590,249.641,0.000,0.001,0.017,4650.2,5200.1,60.0
2111,2026-05-02T16:03:28.802,1097.465,,14.773,128576.582,118802.125,9774.457,7.602,2047.996,1.250,0.061,5.350,5.910,4.590,251.788,1.297,0.001,0.016,2844.7,5431.9,63.0
2112,2026-05-02T16:03:29.302,1097.965,,11.820,128576.582,118815.672,9760.910,7.592,2047.996,1.250,0.061,5.350,5.910,4.590,251.231,0.125,0.001,0.015,2696.4,5500.0,64.0
2113,2026-05-02T16:03:29.806,1098.469,,13.400,128576.582,118819.207,9757.375,7.589,2047.996,1.250,0.061,5.350,5.910,4.590,258.155,0.000,0.001,0.016,2667.8,5500.0,48.0
2114,2026-05-02T16:03:30.355,1099.018,,14.367,128576.582,118781.805,9794.777,7.618,2047.996,1.250,0.061,5.350,5.910,4.590,242.577,0.000,0.000,0.014,3035.9,5423.2,60.0
2115,2026-05-02T16:03:30.904,1099.567,,15.066,128576.582,118758.395,9818.188,7.636,2047.996,1.250,0.061,5.350,5.910,4.590,253.370,0.000,0.000,0.014,3461.7,5451.9,68.0
2116,2026-05-02T16:03:31.404,1100.067,,11.033,128576.582,118789.777,9786.805,7.612,2047.996,1.250,0.061,5.160,5.860,4.580,235.486,0.000,0.000,0.015,2395.1,5500.0,68.0
2117,2026-05-02T16:03:31.950,1100.614,,11.833,128576.582,118795.727,9780.855,7.607,2047.996,1.250,0.061,5.160,5.860,4.580,205.448,0.000,0.001,0.014,2889.4,5500.0,56.0
2118,2026-05-02T16:03:32.453,1101.116,,11.252,128576.582,118801.133,9775.449,7.603,2047.996,1.250,0.061,5.160,5.860,4.580,222.718,0.171,0.000,0.015,2021.5,5500.0,58.0
2119,2026-05-02T16:03:32.955,1101.618,,14.912,128576.582,118840.734,9735.848,7.572,2047.996,1.250,0.061,5.160,5.860,4.580,237.718,0.000,0.001,0.015,2775.2,5500.0,72.0
2120,2026-05-02T16:03:33.457,1102.120,,14.045,128576.582,118797.816,9778.766,7.605,2047.996,1.250,0.061,5.160,5.860,4.580,218.870,0.000,0.001,0.015,2594.4,5500.0,72.0
2121,2026-05-02T16:03:34.006,1102.669,,15.279,128576.582,118796.383,9780.199,7.607,2047.996,1.250,0.061,5.160,5.860,4.580,235.390,0.000,0.001,0.014,2156.6,5500.0,60.0
2122,2026-05-02T16:03:34.549,1103.212,,11.891,128576.582,118808.840,9767.742,7.597,2047.996,1.250,0.061,5.160,5.860,4.580,235.432,1.324,0.001,0.028,2663.2,5463.1,65.0
2123,2026-05-02T16:03:35.054,1103.717,,11.076,128576.582,118820.844,9755.738,7.587,2047.996,1.250,0.061,5.160,5.860,4.580,228.941,0.000,0.001,0.016,2175.4,5371.3,58.0
2124,2026-05-02T16:03:35.601,1104.265,,12.213,128576.582,118851.012,9725.570,7.564,2047.996,1.250,0.061,5.160,5.860,4.580,238.151,1.564,0.000,0.014,2884.4,5508.6,61.0
2125,2026-05-02T16:03:36.102,1104.765,,11.434,128576.582,118853.039,9723.543,7.562,2047.996,1.250,0.061,4.830,5.780,4.560,209.903,0.000,0.001,0.015,2226.1,5500.0,62.0
2126,2026-05-02T16:03:36.606,1105.269,,12.351,128576.582,118858.672,9717.910,7.558,2047.996,1.250,0.061,4.830,5.780,4.560,220.606,0.000,0.001,0.017,2852.2,5431.0,64.0
2127,2026-05-02T16:03:37.153,1105.816,,13.337,128576.582,118863.957,9712.625,7.554,2047.996,1.250,0.061,4.830,5.780,4.560,219.352,0.000,0.001,0.014,1951.3,5500.9,44.9
2128,2026-05-02T16:03:37.658,1106.321,,14.312,128576.582,118825.781,9750.801,7.584,2047.996,1.250,0.061,4.830,5.780,4.560,235.727,0.216,0.001,0.015,2615.5,5500.0,65.0
2129,2026-05-02T16:03:38.201,1106.864,,17.573,128576.582,118798.621,9777.961,7.605,2047.996,1.250,0.061,4.830,5.780,4.560,240.741,0.000,0.001,0.014,3781.7,5500.0,68.0
2130,2026-05-02T16:03:38.707,1107.370,,17.975,128576.582,118780.738,9795.844,7.619,2047.996,1.250,0.061,4.830,5.780,4.560,240.813,0.000,0.000,0.015,2846.1,5500.0,60.0
2131,2026-05-02T16:03:39.255,1107.918,,15.490,128576.582,118800.586,9775.996,7.603,2047.996,1.250,0.061,4.830,5.780,4.560,227.578,0.000,0.001,0.014,1545.2,5502.1,44.9
2132,2026-05-02T16:03:39.804,1108.467,,14.057,128576.582,118798.406,9778.176,7.605,2047.996,1.250,0.061,4.830,5.780,4.560,260.878,0.128,0.001,0.014,2523.3,5500.0,65.0
2133,2026-05-02T16:03:40.353,1109.016,,14.051,128576.582,118789.918,9786.664,7.612,2047.996,1.250,0.061,4.830,5.780,4.560,268.257,0.000,0.000,0.014,2661.0,5500.0,48.0
2134,2026-05-02T16:03:40.856,1109.519,,12.602,128576.582,118784.648,9791.934,7.616,2047.996,1.250,0.061,4.830,5.780,4.560,274.897,0.871,0.000,0.016,2166.6,5500.0,58.0
2135,2026-05-02T16:03:41.402,1110.065,,14.041,128576.582,118760.312,9816.270,7.635,2047.996,1.250,0.061,4.680,5.730,4.550,239.667,0.000,0.000,0.014,3047.2,5500.0,64.0
2136,2026-05-02T16:03:41.907,1110.571,,12.676,128576.582,118770.570,9806.012,7.627,2047.996,1.250,0.061,4.680,5.730,4.550,243.602,0.000,0.000,0.015,3658.0,5500.0,64.0
2137,2026-05-02T16:03:42.456,1111.119,,12.779,128576.582,118819.238,9757.344,7.589,2047.996,1.250,0.061,4.680,5.730,4.550,266.591,0.128,0.000,0.014,3163.3,5521.5,68.0
2138,2026-05-02T16:03:43.001,1111.664,,10.747,128576.582,118828.871,9747.711,7.581,2047.996,1.250,0.061,4.680,5.730,4.550,263.907,0.000,0.001,0.029,2315.2,5430.2,68.0
2139,2026-05-02T16:03:43.506,1112.169,,14.551,128576.582,118828.703,9747.879,7.581,2047.996,1.250,0.061,4.680,5.730,4.550,246.348,0.000,0.000,0.016,2606.5,5500.0,65.0
2140,2026-05-02T16:03:44.054,1112.717,,13.717,128576.582,118803.719,9772.863,7.601,2047.996,1.250,0.061,4.680,5.730,4.550,229.692,0.000,0.001,0.014,2241.8,5500.2,65.0
2141,2026-05-02T16:03:44.554,1113.217,,12.813,128576.582,118806.750,9769.832,7.598,2047.996,1.250,0.061,4.680,5.730,4.550,223.665,0.000,0.001,0.017,2891.8,5518.6,60.0
2142,2026-05-02T16:03:45.101,1113.764,,10.514,128576.582,118830.648,9745.934,7.580,2047.996,1.250,0.061,4.680,5.730,4.550,240.994,0.121,0.001,0.014,2446.0,5500.0,60.0
2143,2026-05-02T16:03:45.608,1114.272,,9.814,128576.582,118822.141,9754.441,7.586,2047.996,1.250,0.061,4.680,5.730,4.550,202.375,0.000,0.000,0.015,2452.8,5500.0,45.9
2144,2026-05-02T16:03:46.155,1114.818,,10.763,128576.582,118794.801,9781.781,7.608,2047.996,1.250,0.061,4.470,5.670,4.530,275.227,0.000,0.001,0.014,2611.2,5464.8,60.0
2145,2026-05-02T16:03:46.657,1115.320,,10.209,128576.582,118783.516,9793.066,7.617,2047.996,1.250,0.061,4.470,5.670,4.530,278.762,0.000,0.001,0.015,4005.8,5317.7,64.0
2146,2026-05-02T16:03:47.160,1115.823,,13.079,128576.582,118816.680,9759.902,7.591,2047.996,1.250,0.061,4.470,5.670,4.530,275.792,1.258,0.001,0.016,3074.5,5539.0,64.0
2147,2026-05-02T16:03:47.670,1116.333,,23.970,128576.582,118816.840,9759.742,7.591,2047.996,1.250,0.061,4.470,5.670,4.530,282.397,0.146,0.001,0.015,4074.2,5306.7,70.0
2148,2026-05-02T16:03:48.172,1116.835,,17.125,128576.582,118829.453,9747.129,7.581,2047.996,1.250,0.061,4.470,5.670,4.530,274.153,0.117,0.001,0.015,2824.0,5500.0,70.0
2149,2026-05-02T16:03:48.705,1117.368,,18.406,128576.582,118812.297,9764.285,7.594,2047.996,1.250,0.061,4.470,5.670,4.530,274.866,0.000,0.000,0.014,2414.2,5500.0,69.0
2150,2026-05-02T16:03:49.207,1117.870,,14.206,128576.582,118803.637,9772.945,7.601,2047.996,1.250,0.061,4.470,5.670,4.530,229.439,0.000,0.001,0.015,3170.3,5497.3,69.0
2151,2026-05-02T16:03:49.707,1118.370,,21.245,128576.582,118826.172,9750.410,7.583,2047.996,1.250,0.061,4.470,5.670,4.530,244.381,0.000,0.000,0.015,2839.1,5468.6,68.0
2152,2026-05-02T16:03:50.252,1118.915,,11.105,128576.582,118821.660,9754.922,7.587,2047.996,1.250,0.061,4.470,5.670,4.530,239.488,0.129,0.001,0.014,2844.3,5514.6,68.0
2153,2026-05-02T16:03:50.755,1119.418,,11.987,128576.582,118808.820,9767.762,7.597,2047.996,1.250,0.061,4.470,5.670,4.530,245.257,0.000,0.000,0.015,2385.5,5500.0,70.0
2154,2026-05-02T16:03:51.256,1119.919,,15.848,128576.582,118797.930,9778.652,7.605,2047.996,1.250,0.061,4.270,5.610,4.520,233.097,0.000,0.001,0.016,2233.6,5500.0,70.0
2155,2026-05-02T16:03:51.804,1120.468,,12.457,128576.582,118794.906,9781.676,7.608,2047.996,1.250,0.061,4.270,5.610,4.520,213.509,0.000,0.001,0.015,2355.1,5509.8,64.0
2156,2026-05-02T16:03:52.305,1120.968,,14.178,128576.582,118798.434,9778.148,7.605,2047.996,1.250,0.061,4.270,5.610,4.520,224.429,0.000,0.001,0.017,2201.4,5500.0,69.0
2157,2026-05-02T16:03:52.805,1121.468,,13.864,128576.582,118790.969,9785.613,7.611,2047.996,1.250,0.061,4.270,5.610,4.520,241.239,0.164,0.001,0.016,2461.0,5541.7,65.0
2158,2026-05-02T16:03:53.315,1121.978,,21.286,128576.582,118793.402,9783.180,7.609,2047.996,1.250,0.061,4.270,5.610,4.520,233.434,1.294,0.000,0.015,3637.9,5457.6,72.0
2159,2026-05-02T16:03:53.856,1122.519,,17.265,128576.582,118798.016,9778.566,7.605,2047.996,1.250,0.061,4.270,5.610,4.520,202.800,0.000,0.001,0.014,2439.5,5500.0,72.0
2160,2026-05-02T16:03:54.404,1123.067,,14.997,128576.582,118790.352,9786.230,7.611,2047.996,1.250,0.061,4.270,5.610,4.520,167.299,0.000,0.000,0.014,2623.1,5480.9,49.0
2161,2026-05-02T16:03:54.946,1123.609,,7.916,128576.582,118791.777,9784.805,7.610,2047.996,1.250,0.061,4.270,5.610,4.520,194.304,0.123,0.001,0.014,2498.6,5500.0,60.0
2162,2026-05-02T16:03:55.447,1124.110,,13.128,128576.582,118820.609,9755.973,7.588,2047.996,1.250,0.061,4.270,5.610,4.520,205.297,0.000,0.001,0.015,2910.9,5311.7,62.0
2163,2026-05-02T16:03:55.947,1124.610,,11.831,128576.582,118807.062,9769.520,7.598,2047.996,1.250,0.061,4.090,5.550,4.510,227.181,0.000,0.000,0.016,2156.9,5500.0,62.0
2164,2026-05-02T16:03:56.449,1125.113,,13.583,128576.582,118840.207,9736.375,7.572,2047.996,1.250,0.061,4.090,5.550,4.510,249.207,0.000,0.000,0.015,2862.5,5500.0,70.0
2165,2026-05-02T16:03:56.954,1125.617,,13.057,128576.582,118818.445,9758.137,7.589,2047.996,1.250,0.061,4.090,5.550,4.510,259.829,0.000,0.001,0.015,2767.8,5500.3,70.0
2166,2026-05-02T16:03:57.457,1126.120,,16.228,128576.582,118816.633,9759.949,7.591,2047.996,1.250,0.061,4.090,5.550,4.510,280.772,0.000,0.000,0.015,2238.4,5442.5,67.0
2167,2026-05-02T16:03:58.003,1126.666,,14.983,128576.582,118816.031,9760.551,7.591,2047.996,1.250,0.061,4.090,5.550,4.510,275.858,0.372,0.001,0.028,2468.2,5553.4,69.0
2168,2026-05-02T16:03:58.503,1127.166,,13.987,128576.582,118819.879,9756.703,7.588,2047.996,1.250,0.061,4.090,5.550,4.510,272.219,1.476,0.000,0.015,2899.1,5500.0,66.0
2169,2026-05-02T16:03:59.043,1127.706,,7.795,128576.582,118861.480,9715.102,7.556,2047.996,1.250,0.061,4.090,5.550,4.510,262.681,0.000,0.001,0.015,3319.4,5352.5,66.0
2170,2026-05-02T16:03:59.556,1128.220,,13.280,128576.582,118855.238,9721.344,7.561,2047.996,1.250,0.061,4.090,5.550,4.510,254.064,0.000,0.000,0.015,2123.6,5500.0,65.0
2171,2026-05-02T16:04:00.060,1128.723,,12.484,128576.582,118851.395,9725.188,7.564,2047.996,1.250,0.061,4.090,5.550,4.510,249.354,0.140,0.001,0.030,1786.2,5500.0,65.0
2172,2026-05-02T16:04:00.560,1129.224,,15.034,128576.582,118841.961,9734.621,7.571,2047.996,1.250,0.061,4.090,5.550,4.510,241.909,0.000,0.001,0.017,2640.2,5522.1,54.0
2173,2026-05-02T16:04:01.106,1129.769,,15.459,128576.582,118842.754,9733.828,7.570,2047.996,1.250,0.061,3.920,5.490,4.490,220.370,0.000,0.001,0.014,2388.6,5527.6,64.0
2174,2026-05-02T16:04:01.651,1130.315,,15.769,128576.582,118860.039,9716.543,7.557,2047.996,1.250,0.061,3.920,5.490,4.490,206.776,0.000,0.001,0.014,2268.7,5589.4,66.0
2175,2026-05-02T16:04:02.156,1130.819,,12.390,128576.582,118888.254,9688.328,7.535,2047.996,1.250,0.061,3.920,5.490,4.490,245.669,0.000,0.001,0.015,2286.6,5500.0,66.0
2176,2026-05-02T16:04:02.662,1131.325,,16.470,128576.582,118836.734,9739.848,7.575,2047.996,1.250,0.061,3.920,5.490,4.490,262.371,0.201,0.000,0.015,2809.6,5500.1,68.0
2177,2026-05-02T16:04:03.165,1131.828,,18.113,128576.582,118797.879,9778.703,7.605,2047.996,1.250,0.061,3.920,5.490,4.490,275.996,0.000,0.001,0.015,3058.0,5500.0,65.0
2178,2026-05-02T16:04:03.709,1132.372,,15.447,128576.582,118797.492,9779.090,7.606,2047.996,1.250,0.061,3.920,5.490,4.490,246.671,0.000,0.000,0.014,2778.3,5494.2,69.0
2179,2026-05-02T16:04:04.254,1132.917,,15.814,128576.582,118825.645,9750.938,7.584,2047.996,1.250,0.061,3.920,5.490,4.490,220.592,0.000,0.001,0.014,1797.1,5258.8,69.0
2180,2026-05-02T16:04:04.757,1133.420,,14.124,128576.582,118847.902,9728.680,7.566,2047.996,1.250,0.061,3.920,5.490,4.490,219.068,1.267,0.000,0.015,2314.7,5500.0,63.0
2181,2026-05-02T16:04:05.304,1133.968,,13.245,128576.582,118844.344,9732.238,7.569,2047.996,1.250,0.061,3.920,5.490,4.490,212.931,0.136,0.001,0.014,4685.7,5300.1,63.0
2182,2026-05-02T16:04:05.804,1134.468,,12.406,128576.582,118852.758,9723.824,7.563,2047.996,1.250,0.061,3.920,5.490,4.490,209.591,0.000,0.001,0.015,2742.5,5500.0,65.0
2183,2026-05-02T16:04:06.348,1135.012,,11.047,128576.582,118809.867,9766.715,7.596,2047.996,1.250,0.061,3.770,5.430,4.480,213.906,0.000,0.000,0.014,2426.0,5500.0,65.0
2184,2026-05-02T16:04:06.853,1135.516,,11.692,128576.582,118790.812,9785.770,7.611,2047.996,1.250,0.061,3.770,5.430,4.480,229.414,0.000,0.001,0.015,2058.6,5500.0,68.0
2185,2026-05-02T16:04:07.353,1136.016,,12.782,128576.582,118775.320,9801.262,7.623,2047.996,1.250,0.061,3.770,5.430,4.480,235.686,0.000,0.000,0.016,3509.9,5469.6,68.0
2186,2026-05-02T16:04:07.853,1136.516,,9.332,128576.582,118750.750,9825.832,7.642,2047.996,1.250,0.061,3.770,5.430,4.480,227.841,0.203,0.001,0.016,2655.0,5500.0,68.0
2187,2026-05-02T16:04:08.355,1137.018,,11.846,128576.582,118756.355,9820.227,7.638,2047.996,1.250,0.061,3.770,5.430,4.480,245.072,0.000,0.001,0.017,2486.8,5500.0,73.0
2188,2026-05-02T16:04:08.862,1137.525,,13.555,128576.582,118766.629,9809.953,7.630,2047.996,1.250,0.061,3.770,5.430,4.480,241.194,0.000,0.001,0.016,2479.1,5105.6,73.0
2189,2026-05-02T16:04:09.403,1138.066,,13.886,128576.582,118753.527,9823.055,7.640,2047.996,1.250,0.061,3.770,5.430,4.480,264.000,0.000,0.001,0.014,3955.0,5362.0,50.0
2190,2026-05-02T16:04:09.906,1138.569,,19.045,128576.582,118780.523,9796.059,7.619,2047.996,1.250,0.061,3.770,5.430,4.480,264.809,0.000,0.001,0.015,2386.8,5500.0,69.0
2191,2026-05-02T16:04:10.411,1139.075,,16.075,128576.582,118808.746,9767.836,7.597,2047.996,1.250,0.061,3.770,5.430,4.480,246.790,0.131,0.001,0.015,2357.5,5532.7,69.0
2192,2026-05-02T16:04:10.941,1139.604,,14.473,128576.582,118783.695,9792.887,7.616,2047.996,1.250,0.061,3.620,5.370,4.470,239.962,1.224,0.001,0.015,2082.0,5500.0,69.0
2193,2026-05-02T16:04:11.442,1140.105,,25.282,128576.582,118787.676,9788.906,7.613,2047.996,1.250,0.061,3.620,5.370,4.470,260.346,0.000,0.000,0.015,2283.8,5500.0,69.0
2194,2026-05-02T16:04:11.968,1140.631,,25.295,128576.582,118766.766,9809.816,7.630,2047.996,1.250,0.061,3.620,5.370,4.470,265.902,0.000,0.001,0.015,2141.0,5500.0,62.0
2195,2026-05-02T16:04:12.517,1141.180,,29.402,128576.582,118808.094,9768.488,7.597,2047.996,1.250,0.061,3.620,5.370,4.470,265.027,0.000,0.000,0.027,4064.2,5313.3,64.0
2196,2026-05-02T16:04:13.058,1141.721,,24.666,128576.582,118864.059,9712.523,7.554,2047.996,1.250,0.061,3.620,5.370,4.470,271.228,0.130,0.001,0.014,2659.9,5500.0,64.0
2197,2026-05-02T16:04:13.601,1142.265,,18.287,128576.582,118826.219,9750.363,7.583,2047.996,1.250,0.061,3.620,5.370,4.470,276.156,1.853,0.001,0.014,4699.9,5300.1,61.0
2198,2026-05-02T16:04:14.120,1142.783,,11.372,128576.582,118849.520,9727.062,7.565,2047.996,1.250,0.061,3.620,5.370,4.470,235.990,0.000,0.001,0.015,1648.9,5500.0,61.0
2199,2026-05-02T16:04:14.660,1143.323,,16.191,128576.582,118847.059,9729.523,7.567,2047.996,1.250,0.061,3.620,5.370,4.470,216.088,0.000,0.001,0.014,2779.6,5500.0,64.0
2200,2026-05-02T16:04:15.205,1143.868,,13.732,128576.582,118810.512,9766.070,7.596,2047.996,1.250,0.061,3.620,5.370,4.470,204.210,0.086,0.002,0.016,2987.6,5500.0,64.0
2201,2026-05-02T16:04:15.748,1144.411,,13.592,128576.582,118808.516,9768.066,7.597,2047.996,1.250,0.061,3.620,5.370,4.470,175.611,0.129,0.001,0.015,2432.2,5541.7,61.0
2202,2026-05-02T16:04:16.291,1144.955,,7.781,128576.582,118802.680,9773.902,7.602,2047.996,1.250,0.061,3.410,5.300,4.450,185.393,0.000,0.001,0.016,4624.6,5400.0,61.0
2203,2026-05-02T16:04:16.794,1145.457,,7.347,128576.582,118822.523,9754.059,7.586,2047.996,1.250,0.061,3.410,5.300,4.450,164.779,0.723,0.001,0.015,2327.4,5459.9,61.0
2204,2026-05-02T16:04:17.341,1146.004,,5.795,128576.582,118839.770,9736.812,7.573,2047.996,1.250,0.061,3.410,5.300,4.450,152.969,0.000,0.001,0.014,2832.6,5500.0,61.0
2205,2026-05-02T16:04:17.844,1146.507,,5.718,128576.582,118832.375,9744.207,7.579,2047.996,1.250,0.061,3.410,5.300,4.450,170.699,0.000,0.001,0.016,1852.6,5500.0,45.0
2206,2026-05-02T16:04:18.392,1147.055,,4.974,128576.582,118832.355,9744.227,7.579,2047.996,1.250,0.061,3.410,5.300,4.450,148.801,0.007,0.000,0.014,2743.6,5500.0,62.0
2207,2026-05-02T16:04:18.939,1147.602,,5.936,128576.582,118820.691,9755.891,7.588,2047.996,1.250,0.061,3.410,5.300,4.450,154.609,0.000,0.001,0.015,4642.3,5400.2,49.0
2208,2026-05-02T16:04:19.445,1148.109,,6.886,128576.582,118839.344,9737.238,7.573,2047.996,1.250,0.061,3.410,5.300,4.450,164.496,0.000,0.000,0.015,2586.7,5509.1,59.0
2209,2026-05-02T16:04:19.947,1148.610,,6.942,128576.582,118847.445,9729.137,7.567,2047.996,1.250,0.061,3.410,5.300,4.450,163.774,0.000,0.001,0.015,3143.5,5518.7,60.0
2210,2026-05-02T16:04:20.447,1149.111,,9.592,128576.582,118825.621,9750.961,7.584,2047.996,1.250,0.061,3.410,5.300,4.450,201.278,0.156,0.000,0.015,3753.6,5392.5,61.0
2211,2026-05-02T16:04:20.948,1149.611,,9.125,128576.582,118827.051,9749.531,7.583,2047.996,1.250,0.061,3.300,5.250,4.430,222.582,0.133,0.000,0.015,3003.7,5519.9,64.0
2212,2026-05-02T16:04:21.451,1150.114,,8.570,128576.582,118810.613,9765.969,7.595,2047.996,1.250,0.061,3.300,5.250,4.430,197.031,0.000,0.000,0.015,3128.4,5491.4,65.0
2213,2026-05-02T16:04:21.954,1150.617,,9.323,128576.582,118830.359,9746.223,7.580,2047.996,1.250,0.061,3.300,5.250,4.430,230.225,0.000,0.001,0.015,2795.7,5474.5,64.0
2214,2026-05-02T16:04:22.501,1151.165,,9.966,128576.582,118824.566,9752.016,7.585,2047.996,1.250,0.061,3.300,5.250,4.430,224.523,0.000,0.001,0.028,2347.7,5500.0,64.0
2215,2026-05-02T16:04:23.046,1151.710,,8.113,128576.582,118838.977,9737.605,7.573,2047.996,1.250,0.061,3.300,5.250,4.430,213.304,1.183,0.001,0.015,2754.5,5500.1,55.0
2216,2026-05-02T16:04:23.556,1152.219,,9.029,128576.582,118823.766,9752.816,7.585,2047.996,1.250,0.061,3.300,5.250,4.430,240.317,0.000,0.001,0.016,3313.4,5500.0,62.0
2217,2026-05-02T16:04:24.102,1152.766,,8.668,128576.582,118821.043,9755.539,7.587,2047.996,1.250,0.061,3.300,5.250,4.430,227.725,0.000,0.001,0.014,2662.9,5549.1,63.0
2218,2026-05-02T16:04:24.604,1153.267,,10.207,128576.582,118815.570,9761.012,7.592,2047.996,1.250,0.061,3.300,5.250,4.430,239.445,0.000,0.001,0.017,2402.3,5500.1,63.0
2219,2026-05-02T16:04:25.154,1153.817,,10.057,128576.582,118801.648,9774.934,7.602,2047.996,1.250,0.061,3.300,5.250,4.430,252.693,0.192,0.001,0.014,2129.9,5289.3,58.0
2220,2026-05-02T16:04:25.702,1154.366,,7.919,128576.582,118816.273,9760.309,7.591,2047.996,1.250,0.061,3.300,5.250,4.430,214.147,0.128,0.001,0.014,2405.4,5464.3,64.0
2221,2026-05-02T16:04:26.250,1154.914,,8.537,128576.582,118782.902,9793.680,7.617,2047.996,1.250,0.061,3.120,5.180,4.410,212.755,0.000,0.001,0.014,4147.7,5500.0,64.0
2222,2026-05-02T16:04:26.797,1155.460,,7.776,128576.582,118811.727,9764.855,7.595,2047.996,1.250,0.061,3.120,5.180,4.410,247.791,0.000,0.000,0.014,3363.2,5523.5,58.0
2223,2026-05-02T16:04:27.300,1155.963,,7.812,128576.582,118816.375,9760.207,7.591,2047.996,1.250,0.061,3.120,5.180,4.410,227.433,0.000,0.001,0.015,2325.9,5500.0,69.0
2224,2026-05-02T16:04:27.801,1156.464,,8.606,128576.582,118813.816,9762.766,7.593,2047.996,1.250,0.061,3.120,5.180,4.410,227.247,0.000,0.001,0.015,2952.6,5500.0,69.0
2225,2026-05-02T16:04:28.351,1157.015,,10.119,128576.582,118806.766,9769.816,7.598,2047.996,1.250,0.061,3.120,5.180,4.410,218.359,0.000,0.001,0.014,3394.9,5500.0,58.0
2226,2026-05-02T16:04:28.853,1157.516,,10.397,128576.582,118793.074,9783.508,7.609,2047.996,1.250,0.061,3.120,5.180,4.410,223.374,1.301,0.001,0.016,2387.9,5500.0,63.0
2227,2026-05-02T16:04:29.353,1158.017,,11.049,128576.582,118825.051,9751.531,7.584,2047.996,1.250,0.061,3.120,5.180,4.410,224.963,0.000,0.000,0.018,2764.4,5500.0,67.0
2228,2026-05-02T16:04:29.855,1158.519,,14.376,128576.582,118833.762,9742.820,7.577,2047.996,1.250,0.061,3.120,5.180,4.410,201.473,0.000,0.001,0.015,2951.7,5500.0,67.0
2229,2026-05-02T16:04:30.403,1159.066,,12.335,128576.582,118819.250,9757.332,7.589,2047.996,1.250,0.061,3.120,5.180,4.410,227.848,0.200,0.001,0.014,2945.2,5514.4,66.0
2230,2026-05-02T16:04:30.903,1159.567,,12.500,128576.582,118824.539,9752.043,7.585,2047.996,1.250,0.061,3.120,5.180,4.410,223.748,0.140,0.001,0.015,2880.0,5445.7,66.0
2231,2026-05-02T16:04:31.404,1160.068,,13.866,128576.582,118833.047,9743.535,7.578,2047.996,1.250,0.061,3.030,5.120,4.400,225.084,0.000,0.000,0.016,2679.9,5520.8,67.0
2232,2026-05-02T16:04:31.906,1160.569,,14.838,128576.582,118837.930,9738.652,7.574,2047.996,1.250,0.061,3.030,5.120,4.400,225.638,0.000,0.001,0.017,3006.6,5495.8,67.0
2233,2026-05-02T16:04:32.455,1161.118,,14.409,128576.582,118806.816,9769.766,7.598,2047.996,1.250,0.061,3.030,5.120,4.400,244.784,0.000,0.000,0.016,4650.0,5200.1,63.0
2234,2026-05-02T16:04:32.958,1161.621,,20.223,128576.582,118827.246,9749.336,7.583,2047.996,1.250,0.061,3.030,5.120,4.400,243.716,0.000,0.001,0.015,2580.3,5500.0,65.0
2235,2026-05-02T16:04:33.497,1162.160,,12.608,128576.582,118807.660,9768.922,7.598,2047.996,1.250,0.061,3.030,5.120,4.400,239.337,0.000,0.001,0.028,2178.4,5500.0,65.0
2236,2026-05-02T16:04:34.013,1162.676,,12.319,128576.582,118812.219,9764.363,7.594,2047.996,1.250,0.061,3.030,5.120,4.400,247.430,0.000,0.002,0.015,1899.4,5500.0,59.0
2237,2026-05-02T16:04:34.556,1163.219,,11.316,128576.582,118782.520,9794.062,7.617,2047.996,1.250,0.061,3.030,5.120,4.400,239.100,0.000,0.001,0.014,2375.4,5500.0,60.0
2238,2026-05-02T16:04:35.059,1163.722,,10.973,128576.582,118791.211,9785.371,7.611,2047.996,1.250,0.061,3.030,5.120,4.400,255.116,1.211,0.001,0.016,3556.0,5500.0,60.0
2239,2026-05-02T16:04:35.603,1164.267,,9.943,128576.582,118789.559,9787.023,7.612,2047.996,1.250,0.061,3.030,5.120,4.400,269.071,0.280,0.000,0.014,2646.8,5500.0,70.0
2240,2026-05-02T16:04:36.152,1164.816,,8.491,128576.582,118805.164,9771.418,7.600,2047.996,1.250,0.061,2.940,5.070,4.390,220.460,0.128,0.001,0.014,3007.7,5525.6,70.0
2241,2026-05-02T16:04:36.654,1165.317,,7.910,128576.582,118806.938,9769.645,7.598,2047.996,1.250,0.061,2.940,5.070,4.390,220.457,0.000,0.000,0.015,2726.6,5500.0,60.0
2242,2026-05-02T16:04:37.192,1165.855,,8.633,128576.582,118795.992,9780.590,7.607,2047.996,1.250,0.061,2.940,5.070,4.390,229.467,0.000,0.001,0.014,1764.1,5535.5,60.0
2243,2026-05-02T16:04:37.699,1166.362,,8.461,128576.582,118793.625,9782.957,7.609,2047.996,1.250,0.061,2.940,5.070,4.390,240.456,0.000,0.000,0.015,2249.6,5464.7,67.0
2244,2026-05-02T16:04:38.199,1166.862,,6.892,128576.582,118757.488,9819.094,7.637,2047.996,1.250,0.061,2.940,5.070,4.390,244.093,0.000,0.001,0.015,3086.5,5500.0,67.0
2245,2026-05-02T16:04:38.699,1167.363,,7.357,128576.582,118795.395,9781.188,7.607,2047.996,1.250,0.061,2.940,5.070,4.390,210.099,0.000,0.001,0.015,3423.0,5500.0,64.0
2246,2026-05-02T16:04:39.199,1167.863,,6.266,128576.582,118797.637,9778.945,7.606,2047.996,1.250,0.061,2.940,5.070,4.390,219.238,0.000,0.001,0.016,3711.4,5389.5,70.0
2247,2026-05-02T16:04:39.701,1168.364,,7.210,128576.582,118756.109,9820.473,7.638,2047.996,1.250,0.061,2.940,5.070,4.390,262.609,0.000,0.001,0.016,2594.3,5526.2,60.0
2248,2026-05-02T16:04:40.201,1168.864,,7.793,128576.582,118758.348,9818.234,7.636,2047.996,1.250,0.061,2.940,5.070,4.390,250.472,0.000,0.000,0.016,3130.6,5500.0,60.0
2249,2026-05-02T16:04:40.703,1169.367,,5.864,128576.582,118775.180,9801.402,7.623,2047.996,1.250,0.061,2.940,5.070,4.390,273.709,1.492,0.000,0.016,2756.2,5500.0,48.0
2250,2026-05-02T16:04:41.251,1169.914,,7.815,128576.582,118792.762,9783.820,7.609,2047.996,1.250,0.061,2.950,5.040,4.380,216.106,0.128,0.001,0.014,2507.5,5500.0,48.0
2251,2026-05-02T16:04:41.751,1170.414,,6.591,128576.582,118829.941,9746.641,7.580,2047.996,1.250,0.061,2.950,5.040,4.380,247.993,0.000,0.001,0.015,2952.5,5500.0,70.0
2252,2026-05-02T16:04:42.251,1170.914,,7.765,128576.582,118801.215,9775.367,7.603,2047.996,1.250,0.061,2.950,5.040,4.380,242.416,0.000,0.001,0.015,2694.2,5500.1,62.0
2253,2026-05-02T16:04:42.753,1171.416,,6.637,128576.582,118808.176,9768.406,7.597,2047.996,1.250,0.061,2.950,5.040,4.380,214.812,0.000,0.001,0.015,2000.0,5500.0,44.9
2254,2026-05-02T16:04:43.295,1171.958,,7.450,128576.582,118790.801,9785.781,7.611,2047.996,1.250,0.061,2.950,5.040,4.380,191.092,0.000,0.000,0.014,3518.3,5471.9,45.9
2255,2026-05-02T16:04:43.844,1172.507,,6.598,128576.582,118784.922,9791.660,7.615,2047.996,1.250,0.061,2.950,5.040,4.380,180.092,0.000,0.001,0.014,4749.7,5400.1,54.0
2256,2026-05-02T16:04:44.391,1173.054,,5.185,128576.582,118801.320,9775.262,7.603,2047.996,1.250,0.061,2.950,5.040,4.380,201.198,0.000,0.001,0.014,2987.5,5469.4,56.0
2257,2026-05-02T16:04:44.894,1173.557,,6.258,128576.582,118806.996,9769.586,7.598,2047.996,1.250,0.061,2.950,5.040,4.380,241.648,0.000,0.000,0.016,2525.0,5500.1,55.0
2258,2026-05-02T16:04:45.395,1174.058,,6.498,128576.582,118820.527,9756.055,7.588,2047.996,1.250,0.061,2.950,5.040,4.380,259.640,0.000,0.000,0.015,2943.1,5532.7,55.0
2259,2026-05-02T16:04:45.895,1174.558,,9.046,128576.582,118823.852,9752.730,7.585,2047.996,1.250,0.061,2.950,5.040,4.380,218.695,0.266,0.001,0.015,3219.9,5500.0,64.0
2260,2026-05-02T16:04:46.404,1175.067,,9.276,128576.582,118804.926,9771.656,7.600,2047.996,1.250,0.061,3.110,5.040,4.380,221.325,0.130,0.000,0.015,2897.4,5500.0,64.0
2261,2026-05-02T16:04:46.905,1175.569,,9.842,128576.582,118809.039,9767.543,7.597,2047.996,1.250,0.061,3.110,5.040,4.380,214.104,1.246,0.000,0.015,3082.0,5533.3,67.0
2262,2026-05-02T16:04:47.451,1176.114,,10.921,128576.582,118795.773,9780.809,7.607,2047.996,1.250,0.061,3.110,5.040,4.380,220.103,0.000,0.001,0.015,2300.5,5500.0,67.0
2263,2026-05-02T16:04:48.000,1176.664,,9.117,128576.582,118808.676,9767.906,7.597,2047.996,1.250,0.061,3.110,5.040,4.380,200.137,0.000,0.001,0.029,2323.0,5529.7,58.0
2264,2026-05-02T16:04:48.501,1177.165,,9.165,128576.582,118834.578,9742.004,7.577,2047.996,1.250,0.061,3.110,5.040,4.380,205.309,0.000,0.001,0.017,2648.2,5500.0,58.0
2265,2026-05-02T16:04:49.003,1177.667,,14.741,128576.582,118786.820,9789.762,7.614,2047.996,1.250,0.061,3.110,5.040,4.380,220.404,0.000,0.001,0.016,1790.3,5500.1,44.9
2266,2026-05-02T16:04:49.547,1178.210,,12.039,128576.582,118810.125,9766.457,7.596,2047.996,1.250,0.061,3.110,5.040,4.380,201.847,0.000,0.001,0.014,2869.7,5500.8,63.0
2267,2026-05-02T16:04:50.047,1178.710,,13.722,128576.582,118810.742,9765.840,7.595,2047.996,1.250,0.061,3.110,5.040,4.380,221.420,0.000,0.001,0.016,2983.5,5529.9,65.0
2268,2026-05-02T16:04:50.547,1179.211,,10.586,128576.582,118787.586,9788.996,7.613,2047.996,1.250,0.061,3.110,5.040,4.380,203.937,0.148,0.001,0.015,3082.4,5517.7,65.0
2269,2026-05-02T16:04:51.051,1179.714,,14.109,128576.582,118786.656,9789.926,7.614,2047.996,1.250,0.061,3.100,5.000,4.380,182.218,0.000,0.001,0.015,2528.4,5553.9,63.0
2270,2026-05-02T16:04:51.596,1180.259,,13.222,128576.582,118808.383,9768.199,7.597,2047.996,1.250,0.061,3.100,5.000,4.380,213.460,2.429,0.000,0.014,4650.0,5200.1,63.0
2271,2026-05-02T16:04:52.098,1180.761,,13.596,128576.582,118812.125,9764.457,7.594,2047.996,1.250,0.061,3.100,5.000,4.380,218.663,0.000,0.001,0.016,1857.2,5500.3,45.9
2272,2026-05-02T16:04:52.643,1181.306,,12.158,128576.582,118807.711,9768.871,7.598,2047.996,1.250,0.061,3.100,5.000,4.380,206.594,0.000,0.000,0.014,4649.1,5424.5,44.9
2273,2026-05-02T16:04:53.145,1181.808,,9.524,128576.582,118782.578,9794.004,7.617,2047.996,1.250,0.061,3.100,5.000,4.380,189.014,0.085,0.001,0.016,2201.7,5368.7,48.0
2274,2026-05-02T16:04:53.654,1182.317,,12.911,128576.582,118790.629,9785.953,7.611,2047.996,1.250,0.061,3.100,5.000,4.380,215.128,0.123,0.001,0.015,2997.9,5500.0,60.0
2275,2026-05-02T16:04:54.202,1182.865,,14.164,128576.582,118796.359,9780.223,7.607,2047.996,1.250,0.061,3.100,5.000,4.380,226.516,0.000,0.001,0.014,2669.8,5539.0,62.0
2276,2026-05-02T16:04:54.707,1183.370,,12.976,128576.582,118796.711,9779.871,7.606,2047.996,1.250,0.061,3.100,5.000,4.380,224.741,0.000,0.000,0.015,3042.7,5530.1,67.0
2277,2026-05-02T16:04:55.245,1183.908,,14.951,128576.582,118791.020,9785.562,7.611,2047.996,1.250,0.061,3.100,5.000,4.380,227.068,0.000,0.001,0.015,4696.8,5300.3,55.0
2278,2026-05-02T16:04:55.758,1184.421,,23.351,128576.582,118804.336,9772.246,7.600,2047.996,1.250,0.061,3.100,5.000,4.380,210.991,0.000,0.001,0.016,3201.1,5370.3,69.0
2279,2026-05-02T16:04:56.278,1184.941,,22.801,128576.582,118810.699,9765.883,7.595,2047.996,1.250,0.061,3.100,4.970,4.370,194.443,0.083,0.001,0.017,2800.5,5429.2,73.0
2280,2026-05-02T16:04:56.805,1185.468,,35.586,128576.582,118826.402,9750.180,7.583,2047.996,1.250,0.061,3.100,4.970,4.370,211.783,0.126,0.001,0.015,4649.9,5200.1,73.0
2281,2026-05-02T16:04:57.310,1185.973,,33.396,128576.582,118825.746,9750.836,7.584,2047.996,1.250,0.061,3.100,4.970,4.370,204.496,0.000,0.000,0.015,4650.1,5200.2,61.0
2282,2026-05-02T16:04:57.816,1186.479,,28.119,128576.582,118809.711,9766.871,7.596,2047.996,1.250,0.061,3.100,4.970,4.370,207.981,0.000,0.001,0.015,2678.6,5500.0,61.0
2283,2026-05-02T16:04:58.355,1187.019,,13.740,128576.582,118796.719,9779.863,7.606,2047.996,1.250,0.061,3.100,4.970,4.370,194.755,0.000,0.000,0.014,2388.4,5500.0,65.0
2284,2026-05-02T16:04:58.857,1187.520,,19.552,128576.582,118795.070,9781.512,7.608,2047.996,1.250,0.061,3.100,4.970,4.370,192.679,0.187,0.001,0.016,2558.5,5500.0,69.0
2285,2026-05-02T16:04:59.360,1188.023,,20.923,128576.582,118797.152,9779.430,7.606,2047.996,1.250,0.061,3.100,4.970,4.370,198.646,1.344,0.001,0.015,2611.0,5467.3,71.0
2286,2026-05-02T16:04:59.861,1188.525,,17.654,128576.582,118816.852,9759.730,7.591,2047.996,1.250,0.061,3.100,4.970,4.370,224.957,0.000,0.001,0.015,3487.3,5500.0,71.0
2287,2026-05-02T16:05:00.376,1189.039,,27.644,128576.582,118795.449,9781.133,7.607,2047.996,1.250,0.061,3.100,4.970,4.370,247.216,0.000,0.001,0.029,2230.7,5500.0,77.0
2288,2026-05-02T16:05:00.913,1189.577,,40.713,128576.582,118783.676,9792.906,7.616,2047.996,1.250,0.061,3.100,4.970,4.370,230.343,0.000,0.000,0.014,2861.4,5473.5,71.0
2289,2026-05-02T16:05:01.463,1190.126,,20.928,128576.582,118820.965,9755.617,7.587,2047.996,1.250,0.061,3.170,4.950,4.370,245.042,0.114,0.000,0.014,3630.1,5506.7,52.0
2290,2026-05-02T16:05:01.964,1190.628,,26.646,128576.582,118808.035,9768.547,7.597,2047.996,1.250,0.061,3.170,4.950,4.370,242.168,0.000,0.001,0.015,2075.4,5500.0,73.0
2291,2026-05-02T16:05:02.508,1191.171,,14.907,128576.582,118796.527,9780.055,7.606,2047.996,1.250,0.061,3.170,4.950,4.370,246.883,0.000,0.001,0.028,3123.1,5543.3,69.0
2292,2026-05-02T16:05:03.013,1191.676,,17.779,128576.582,118822.453,9754.129,7.586,2047.996,1.250,0.061,3.170,4.950,4.370,250.662,0.000,0.000,0.016,3120.5,5414.8,69.0
2293,2026-05-02T16:05:03.513,1192.176,,18.393,128576.582,118855.090,9721.492,7.561,2047.996,1.250,0.061,3.170,4.950,4.370,235.999,0.453,0.000,0.016,2602.9,5540.7,69.0
2294,2026-05-02T16:05:04.058,1192.721,,15.402,128576.582,118801.742,9774.840,7.602,2047.996,1.250,0.061,3.170,4.950,4.370,261.562,0.000,0.001,0.014,3121.1,5500.0,70.0
2295,2026-05-02T16:05:04.562,1193.226,,18.626,128576.582,118789.938,9786.645,7.612,2047.996,1.250,0.061,3.170,4.950,4.370,247.817,1.317,0.000,0.017,2602.4,5541.7,69.0
2296,2026-05-02T16:05:05.107,1193.770,,17.108,128576.582,118761.285,9815.297,7.634,2047.996,1.250,0.061,3.170,4.950,4.370,260.848,0.000,0.001,0.014,2860.2,5550.5,71.0
2297,2026-05-02T16:05:05.612,1194.275,,21.545,128576.582,118804.613,9771.969,7.600,2047.996,1.250,0.061,3.170,4.950,4.370,265.256,0.000,0.000,0.015,2727.6,5503.0,52.0
2298,2026-05-02T16:05:06.157,1194.820,,11.331,128576.582,118772.070,9804.512,7.625,2047.996,1.250,0.061,3.470,4.990,4.380,275.716,0.000,0.001,0.014,3568.8,5500.3,57.0
2299,2026-05-02T16:05:06.657,1195.320,,13.539,128576.582,118759.504,9817.078,7.635,2047.996,1.250,0.061,3.470,4.990,4.380,280.236,0.469,0.000,0.015,2789.2,5534.4,65.0
2300,2026-05-02T16:05:07.160,1195.823,,17.512,128576.582,118778.152,9798.430,7.621,2047.996,1.250,0.061,3.470,4.990,4.380,276.120,0.000,0.000,0.015,2434.6,5491.0,63.0
2301,2026-05-02T16:05:07.662,1196.325,,14.903,128576.582,118817.922,9758.660,7.590,2047.996,1.250,0.061,3.470,4.990,4.380,279.111,0.000,0.000,0.015,2858.9,5525.3,72.0
2302,2026-05-02T16:05:08.208,1196.871,,13.615,128576.582,118816.352,9760.230,7.591,2047.996,1.250,0.061,3.470,4.990,4.380,240.073,0.000,0.001,0.014,2362.5,5500.0,72.0
2303,2026-05-02T16:05:08.712,1197.375,,13.458,128576.582,118781.883,9794.699,7.618,2047.996,1.250,0.061,3.470,4.990,4.380,231.624,0.147,0.000,0.015,2457.7,5500.0,68.0
2304,2026-05-02T16:05:09.256,1197.919,,13.429,128576.582,118781.016,9795.566,7.618,2047.996,1.250,0.061,3.470,4.990,4.380,275.291,0.000,0.001,0.015,3115.6,5509.3,68.0
2305,2026-05-02T16:05:09.757,1198.421,,16.749,128576.582,118810.789,9765.793,7.595,2047.996,1.250,0.061,3.470,4.990,4.380,279.196,0.000,0.000,0.016,2935.1,5537.2,73.0
2306,2026-05-02T16:05:10.261,1198.924,,14.223,128576.582,118815.895,9760.688,7.591,2047.996,1.250,0.061,3.470,4.990,4.380,271.715,0.000,0.001,0.015,2741.2,5538.2,73.0
2307,2026-05-02T16:05:10.766,1199.429,,16.131,128576.582,118790.477,9786.105,7.611,2047.996,1.250,0.061,3.470,4.990,4.380,225.128,1.222,0.000,0.015,3138.4,5500.0,68.0
2308,2026-05-02T16:05:11.267,1199.930,,17.769,128576.582,118778.684,9797.898,7.620,2047.996,1.250,0.061,3.360,4.940,4.370,225.204,0.000,0.001,0.016,2964.0,5500.0,68.0
2309,2026-05-02T16:05:11.813,1200.476,,21.457,128576.582,118746.266,9830.316,7.645,2047.996,1.250,0.061,3.360,4.940,4.370,248.097,0.136,0.000,0.015,2876.3,5500.0,61.0
2310,2026-05-02T16:05:12.356,1201.019,,13.731,128576.582,118755.406,9821.176,7.638,2047.996,1.250,0.061,3.360,4.940,4.370,240.268,0.000,0.000,0.015,2791.6,5500.0,65.0
2311,2026-05-02T16:05:12.860,1201.523,,17.919,128576.582,118753.191,9823.391,7.640,2047.996,1.250,0.061,3.360,4.940,4.370,262.425,0.000,0.001,0.015,2505.9,5500.0,66.0
2312,2026-05-02T16:05:13.405,1202.068,,13.867,128576.582,118770.004,9806.578,7.627,2047.996,1.250,0.061,3.360,4.940,4.370,223.940,0.000,0.000,0.014,2340.1,5380.1,71.0
2313,2026-05-02T16:05:13.908,1202.571,,14.268,128576.582,118763.000,9813.582,7.632,2047.996,1.250,0.061,3.360,4.940,4.370,217.287,0.279,0.001,0.016,2940.9,5500.0,65.0
2314,2026-05-02T16:05:14.451,1203.114,,10.873,128576.582,118765.172,9811.410,7.631,2047.996,1.250,0.061,3.360,4.940,4.370,237.895,0.000,0.000,0.014,2047.9,5526.7,67.0
2315,2026-05-02T16:05:14.960,1203.623,,11.677,128576.582,118763.055,9813.527,7.632,2047.996,1.250,0.061,3.360,4.940,4.370,237.054,0.000,0.001,0.015,1584.7,5500.0,44.9
2316,2026-05-02T16:05:15.463,1204.126,,14.997,128576.582,118763.344,9813.238,7.632,2047.996,1.250,0.061,3.360,4.940,4.370,250.836,0.000,0.000,0.015,2627.0,5422.6,67.0
2317,2026-05-02T16:05:16.003,1204.666,,11.744,128576.582,118730.098,9846.484,7.658,2047.996,1.250,0.061,3.250,4.890,4.350,244.510,0.000,0.155,0.044,2457.2,5500.0,63.0
2318,2026-05-02T16:05:16.550,1205.213,,10.212,128576.582,118726.980,9849.602,7.660,2047.996,1.250,0.061,3.250,4.890,4.350,227.422,0.000,0.001,0.014,2955.6,5473.6,63.0
2319,2026-05-02T16:05:17.053,1205.716,,9.714,128576.582,118708.477,9868.105,7.675,2047.996,1.250,0.061,3.250,4.890,4.350,229.925,1.476,0.000,0.016,3188.6,5500.0,55.0
2320,2026-05-02T16:05:17.558,1206.221,,8.886,128576.582,118738.582,9838.000,7.651,2047.996,1.250,0.061,3.250,4.890,4.350,260.047,0.000,0.000,0.015,2561.4,5500.0,55.0
2321,2026-05-02T16:05:18.058,1206.722,,12.047,128576.582,118724.344,9852.238,7.663,2047.996,1.250,0.061,3.250,4.890,4.350,256.968,0.000,0.001,0.016,2610.2,5500.0,58.0
2322,2026-05-02T16:05:18.560,1207.223,,11.613,128576.582,118739.020,9837.562,7.651,2047.996,1.250,0.061,3.250,4.890,4.350,274.165,0.000,0.001,0.015,2319.0,5500.0,69.0
2323,2026-05-02T16:05:19.062,1207.725,,12.157,128576.582,118716.004,9860.578,7.669,2047.996,1.250,0.061,3.250,4.890,4.350,276.825,0.163,0.001,0.016,3034.2,5500.0,65.0
2324,2026-05-02T16:05:19.609,1208.272,,12.090,128576.582,118719.586,9856.996,7.666,2047.996,1.250,0.061,3.250,4.890,4.350,276.043,0.000,0.001,0.015,2540.7,5340.8,65.0
2325,2026-05-02T16:05:20.110,1208.773,,11.375,128576.582,118739.609,9836.973,7.651,2047.996,1.250,0.061,3.250,4.890,4.350,277.376,0.000,0.001,0.016,2917.7,5416.2,60.0
2326,2026-05-02T16:05:20.616,1209.279,,13.738,128576.582,118861.414,9715.168,7.556,2047.996,1.250,0.061,3.250,4.890,4.350,273.854,0.000,0.000,0.017,2457.4,5500.0,52.0
2327,2026-05-02T16:05:21.158,1209.821,,11.349,128576.582,118938.449,9638.133,7.496,2047.996,1.250,0.061,3.150,4.840,4.340,275.542,0.000,0.001,0.014,3029.4,5397.7,73.0
2328,2026-05-02T16:05:21.670,1210.334,,13.177,128576.582,118893.695,9682.887,7.531,2047.996,1.250,0.061,3.150,4.840,4.340,276.686,0.000,0.000,0.015,2438.4,5467.6,73.0
2329,2026-05-02T16:05:22.208,1210.871,,11.014,128576.582,118819.527,9757.055,7.589,2047.996,1.250,0.061,3.150,4.840,4.340,275.708,0.123,0.001,0.014,3259.8,5478.6,68.0
2330,2026-05-02T16:05:22.752,1211.415,,8.590,128576.582,118847.836,9728.746,7.566,2047.996,1.250,0.061,3.150,4.840,4.340,277.292,1.193,0.000,0.014,3194.8,5417.1,68.0
2331,2026-05-02T16:05:23.261,1211.924,,7.134,128576.582,118875.441,9701.141,7.545,2047.996,1.250,0.061,3.150,4.840,4.340,275.575,0.023,0.001,0.015,2152.3,5500.0,64.0
2332,2026-05-02T16:05:23.804,1212.468,,9.133,128576.582,118908.180,9668.402,7.520,2047.996,1.250,0.061,3.150,4.840,4.340,280.120,0.187,0.000,0.014,2891.8,5500.0,64.0
2333,2026-05-02T16:05:24.307,1212.970,,8.083,128576.582,118851.598,9724.984,7.564,2047.996,1.250,0.061,3.150,4.840,4.340,275.533,0.187,0.000,0.015,2851.2,5500.0,48.0
2334,2026-05-02T16:05:24.854,1213.517,,8.991,128576.582,118857.762,9718.820,7.559,2047.996,1.250,0.061,3.150,4.840,4.340,281.327,0.000,0.000,0.014,2693.9,5500.0,63.0
2335,2026-05-02T16:05:25.358,1214.021,,8.660,128576.582,118865.492,9711.090,7.553,2047.996,1.250,0.061,3.150,4.840,4.340,272.197,0.000,0.001,0.015,2268.6,5339.6,46.0
2336,2026-05-02T16:05:25.905,1214.568,,10.122,128576.582,118846.551,9730.031,7.567,2047.996,1.250,0.061,3.150,4.840,4.340,277.862,0.093,0.001,0.014,2503.9,5358.1,65.0
2337,2026-05-02T16:05:26.406,1215.069,,10.757,128576.582,118824.230,9752.352,7.585,2047.996,1.250,0.061,3.460,4.870,4.360,275.580,0.000,0.000,0.015,2962.2,5500.0,63.0
2338,2026-05-02T16:05:26.907,1215.570,,11.430,128576.582,118807.828,9768.754,7.598,2047.996,1.250,0.061,3.460,4.870,4.360,276.554,0.000,0.001,0.015,2813.9,5528.4,64.0
2339,2026-05-02T16:05:27.446,1216.109,,9.977,128576.582,118767.277,9809.305,7.629,2047.996,1.250,0.061,3.460,4.870,4.360,274.597,0.138,0.000,0.015,3479.1,5500.0,58.0
2340,2026-05-02T16:05:27.951,1216.615,,11.386,128576.582,118767.211,9809.371,7.629,2047.996,1.250,0.061,3.460,4.870,4.360,278.025,0.000,0.001,0.016,2515.9,5524.7,64.0
2341,2026-05-02T16:05:28.455,1217.119,,12.476,128576.582,118794.156,9782.426,7.608,2047.996,1.250,0.061,3.460,4.870,4.360,280.547,0.000,0.001,0.017,2794.1,5500.0,72.0
2342,2026-05-02T16:05:28.964,1217.627,,10.679,128576.582,118837.500,9739.082,7.575,2047.996,1.250,0.061,3.460,4.870,4.360,275.431,1.474,0.001,0.015,2023.0,5500.0,72.0
2343,2026-05-02T16:05:29.503,1218.166,,9.426,128576.582,118824.273,9752.309,7.585,2047.996,1.250,0.061,3.460,4.870,4.360,276.770,1.502,0.001,0.028,2617.1,5500.0,67.0
2344,2026-05-02T16:05:30.004,1218.667,,10.290,128576.582,118813.781,9762.801,7.593,2047.996,1.250,0.061,3.460,4.870,4.360,274.859,0.000,0.001,0.015,2663.2,5478.9,67.0
2345,2026-05-02T16:05:30.506,1219.169,,11.090,128576.582,118792.438,9784.145,7.610,2047.996,1.250,0.061,3.460,4.870,4.360,278.051,0.000,0.001,0.015,2681.1,5500.0,53.0
2346,2026-05-02T16:05:31.009,1219.672,,11.742,128576.582,118767.293,9809.289,7.629,2047.996,1.250,0.061,3.420,4.840,4.350,282.404,0.000,0.001,0.015,3267.3,5500.0,67.0
2347,2026-05-02T16:05:31.511,1220.175,,13.076,128576.582,118771.375,9805.207,7.626,2047.996,1.250,0.061,3.420,4.840,4.350,276.639,0.093,0.000,0.015,2722.3,5461.7,71.0
2348,2026-05-02T16:05:32.059,1220.722,,11.422,128576.582,118800.309,9776.273,7.603,2047.996,1.250,0.061,3.420,4.840,4.350,273.307,0.000,0.001,0.014,2868.2,5500.0,71.0
2349,2026-05-02T16:05:32.562,1221.225,,14.509,128576.582,118842.781,9733.801,7.570,2047.996,1.250,0.061,3.420,4.840,4.350,276.110,0.132,0.001,0.015,2842.6,5465.0,73.0
2350,2026-05-02T16:05:33.110,1221.773,,15.582,128576.582,118845.309,9731.273,7.568,2047.996,1.250,0.061,3.420,4.840,4.350,276.396,0.000,0.001,0.014,2720.7,5537.9,73.0
2351,2026-05-02T16:05:33.611,1222.275,,12.871,128576.582,118797.453,9779.129,7.606,2047.996,1.250,0.061,3.420,4.840,4.350,276.190,0.000,0.001,0.015,2367.4,5544.0,72.0
2352,2026-05-02T16:05:34.112,1222.776,,16.387,128576.582,118800.719,9775.863,7.603,2047.996,1.250,0.061,3.420,4.840,4.350,276.892,0.000,0.001,0.015,2322.3,5472.2,66.0
2353,2026-05-02T16:05:34.662,1223.325,,14.895,128576.582,118806.770,9769.812,7.598,2047.996,1.250,0.061,3.420,4.840,4.350,275.982,0.050,0.000,0.014,2684.6,5477.3,64.0
2354,2026-05-02T16:05:35.203,1223.866,,13.137,128576.582,118799.617,9776.965,7.604,2047.996,1.250,0.061,3.420,4.840,4.350,276.337,0.852,0.001,0.015,2641.8,5494.4,68.0
2355,2026-05-02T16:05:35.703,1224.366,,18.592,128576.582,118826.156,9750.426,7.583,2047.996,1.250,0.061,3.420,4.840,4.350,278.487,0.000,0.001,0.016,1947.2,5500.0,67.0
2356,2026-05-02T16:05:36.226,1224.890,,12.696,128576.582,118831.078,9745.504,7.580,2047.996,1.250,0.061,3.710,4.880,4.360,278.286,0.000,0.001,0.016,3027.6,5500.0,65.0
2357,2026-05-02T16:05:36.752,1225.416,,12.737,128576.582,118855.605,9720.977,7.560,2047.996,1.250,0.061,3.710,4.880,4.360,276.338,0.193,0.000,0.014,2859.8,5500.0,58.0
2358,2026-05-02T16:05:37.255,1225.918,,11.315,128576.582,118814.047,9762.535,7.593,2047.996,1.250,0.061,3.710,4.880,4.360,278.164,0.000,0.000,0.015,2476.2,5500.0,58.0
2359,2026-05-02T16:05:37.804,1226.467,,10.977,128576.582,118814.105,9762.477,7.593,2047.996,1.250,0.061,3.710,4.880,4.360,274.940,0.121,0.000,0.014,2881.2,5500.0,59.0
2360,2026-05-02T16:05:38.352,1227.016,,13.840,128576.582,118797.480,9779.102,7.606,2047.996,1.250,0.061,3.710,4.880,4.360,275.676,0.000,0.001,0.015,2744.9,5378.9,65.0
2361,2026-05-02T16:05:38.857,1227.520,,12.720,128576.582,118798.316,9778.266,7.605,2047.996,1.250,0.061,3.710,4.880,4.360,277.059,0.000,0.000,0.015,3316.1,5446.6,71.0
2362,2026-05-02T16:05:39.357,1228.020,,12.570,128576.582,118810.254,9766.328,7.596,2047.996,1.250,0.061,3.710,4.880,4.360,275.680,0.000,0.001,0.015,2666.7,5500.0,71.0
2363,2026-05-02T16:05:39.902,1228.565,,10.643,128576.582,118786.258,9790.324,7.614,2047.996,1.250,0.061,3.710,4.880,4.360,277.491,0.000,0.001,0.014,2772.8,5520.7,64.0
2364,2026-05-02T16:05:40.447,1229.110,,9.185,128576.582,118754.359,9822.223,7.639,2047.996,1.250,0.061,3.710,4.880,4.360,277.080,1.176,0.000,0.014,4466.0,5314.6,64.0
2365,2026-05-02T16:05:40.947,1229.610,,21.875,128576.582,118780.852,9795.730,7.619,2047.996,1.250,0.061,3.710,4.880,4.360,276.567,0.258,0.001,0.015,2210.9,5500.0,71.0
2366,2026-05-02T16:05:41.455,1230.118,,13.998,128576.582,118806.465,9770.117,7.599,2047.996,1.250,0.061,3.650,4.850,4.360,276.554,0.000,0.001,0.015,3388.2,5302.2,71.0
2367,2026-05-02T16:05:42.003,1230.666,,12.687,128576.582,118826.875,9749.707,7.583,2047.996,1.250,0.061,3.650,4.850,4.360,277.287,0.135,0.001,0.028,2526.8,5500.0,68.0
2368,2026-05-02T16:05:42.504,1231.167,,12.562,128576.582,118822.430,9754.152,7.586,2047.996,1.250,0.061,3.650,4.850,4.360,276.467,0.148,0.000,0.015,2885.0,5500.0,68.0
2369,2026-05-02T16:05:43.008,1231.671,,10.193,128576.582,118828.469,9748.113,7.582,2047.996,1.250,0.061,3.650,4.850,4.360,279.510,0.000,0.000,0.016,2641.7,5451.8,64.0
2370,2026-05-02T16:05:43.554,1232.217,,13.895,128576.582,118812.371,9764.211,7.594,2047.996,1.250,0.061,3.650,4.850,4.360,273.887,0.000,0.001,0.015,2055.8,5387.5,64.0
2371,2026-05-02T16:05:44.054,1232.717,,12.830,128576.582,118778.359,9798.223,7.621,2047.996,1.250,0.061,3.650,4.850,4.360,269.095,0.000,0.001,0.015,2618.3,5500.0,67.0
2372,2026-05-02T16:05:44.557,1233.220,,11.340,128576.582,118772.895,9803.688,7.625,2047.996,1.250,0.061,3.650,4.850,4.360,265.925,0.000,0.001,0.017,2464.7,5409.6,67.0
2373,2026-05-02T16:05:45.065,1233.728,,22.059,128576.582,118843.680,9732.902,7.570,2047.996,1.250,0.061,3.650,4.850,4.360,251.197,0.000,0.000,0.015,3143.0,5527.2,67.0
2374,2026-05-02T16:05:45.599,1234.263,,16.112,128576.582,118840.434,9736.148,7.572,2047.996,1.250,0.061,3.650,4.850,4.360,264.416,0.000,0.000,0.014,3273.4,5500.0,68.0
2375,2026-05-02T16:05:46.102,1234.766,,14.975,128576.582,118803.641,9772.941,7.601,2047.996,1.250,0.061,6.080,5.330,4.520,247.967,0.148,0.000,0.015,2233.1,5500.0,61.0
2376,2026-05-02T16:05:46.606,1235.269,,14.134,128576.582,118775.781,9800.801,7.623,2047.996,1.250,0.061,6.080,5.330,4.520,277.808,1.273,0.001,0.016,3787.4,5503.8,62.0
2377,2026-05-02T16:05:47.110,1235.773,,12.127,128576.582,118779.285,9797.297,7.620,2047.996,1.250,0.061,6.080,5.330,4.520,259.110,0.000,0.001,0.016,2219.3,5539.3,67.0
2378,2026-05-02T16:05:47.613,1236.276,,15.255,128576.582,118800.926,9775.656,7.603,2047.996,1.250,0.061,6.080,5.330,4.520,272.938,0.132,0.001,0.015,2714.0,5500.0,67.0
2379,2026-05-02T16:05:48.113,1236.776,,14.187,128576.582,118797.828,9778.754,7.605,2047.996,1.250,0.061,6.080,5.330,4.520,275.736,0.000,0.001,0.016,2343.8,5499.9,73.0
2380,2026-05-02T16:05:48.663,1237.326,,16.865,128576.582,118813.293,9763.289,7.593,2047.996,1.250,0.061,6.080,5.330,4.520,276.609,0.000,0.000,0.014,3246.4,5504.9,73.0
2381,2026-05-02T16:05:49.212,1237.875,,16.591,128576.582,118846.863,9729.719,7.567,2047.996,1.250,0.061,6.080,5.330,4.520,276.471,0.000,0.000,0.014,2741.8,5500.6,68.0
2382,2026-05-02T16:05:49.714,1238.378,,16.270,128576.582,118895.719,9680.863,7.529,2047.996,1.250,0.061,6.080,5.330,4.520,283.484,0.000,0.000,0.015,2523.9,5524.4,68.0
2383,2026-05-02T16:05:50.215,1238.878,,15.487,128576.582,118815.203,9761.379,7.592,2047.996,1.250,0.061,6.080,5.330,4.520,280.267,0.000,0.001,0.015,2817.9,5500.0,63.0
2384,2026-05-02T16:05:50.715,1239.378,,16.415,128576.582,118833.023,9743.559,7.578,2047.996,1.250,0.061,6.080,5.330,4.520,273.400,0.000,0.001,0.016,2744.5,5500.0,71.0
2385,2026-05-02T16:05:51.261,1239.924,,13.249,128576.582,118841.180,9735.402,7.572,2047.996,1.250,0.061,5.750,5.280,4.500,277.946,0.258,0.001,0.015,2806.4,5525.7,71.0
2386,2026-05-02T16:05:51.802,1240.465,,16.109,128576.582,118829.574,9747.008,7.581,2047.996,1.250,0.061,5.750,5.280,4.500,273.053,0.000,0.001,0.015,2860.7,5500.0,71.0
2387,2026-05-02T16:05:52.312,1240.975,,15.181,128576.582,118818.820,9757.762,7.589,2047.996,1.250,0.061,5.750,5.280,4.500,278.177,0.000,0.001,0.017,2403.6,5500.0,72.0
2388,2026-05-02T16:05:52.857,1241.520,,20.401,128576.582,118790.711,9785.871,7.611,2047.996,1.250,0.061,5.750,5.280,4.500,277.355,1.346,0.001,0.014,4697.7,5300.1,72.0
2389,2026-05-02T16:05:53.359,1242.022,,14.738,128576.582,118815.531,9761.051,7.592,2047.996,1.250,0.061,5.750,5.280,4.500,265.333,0.000,0.001,0.015,2437.4,5500.0,68.0
2390,2026-05-02T16:05:53.907,1242.570,,13.061,128576.582,118792.891,9783.691,7.609,2047.996,1.250,0.061,5.750,5.280,4.500,233.363,0.000,0.001,0.014,2700.2,5535.9,68.0
2391,2026-05-02T16:05:54.411,1243.074,,13.849,128576.582,118776.918,9799.664,7.622,2047.996,1.250,0.061,5.750,5.280,4.500,246.107,0.318,0.001,0.015,3423.7,5430.6,69.0
2392,2026-05-02T16:05:54.953,1243.616,,12.865,128576.582,118747.914,9828.668,7.644,2047.996,1.250,0.061,5.750,5.280,4.500,275.531,0.000,0.001,0.014,3440.7,5259.2,69.0
2393,2026-05-02T16:05:55.461,1244.124,,13.437,128576.582,118783.766,9792.816,7.616,2047.996,1.250,0.061,5.750,5.280,4.500,258.918,0.000,0.000,0.015,2080.2,5500.0,44.9
2394,2026-05-02T16:05:56.008,1244.671,,19.189,128576.582,118813.410,9763.172,7.593,2047.996,1.250,0.061,6.650,5.470,4.570,261.648,0.000,0.001,0.028,2984.3,5500.0,63.0
2395,2026-05-02T16:05:56.508,1245.171,,12.382,128576.582,118814.914,9761.668,7.592,2047.996,1.250,0.061,6.650,5.470,4.570,244.052,0.000,0.001,0.015,2332.1,5524.2,69.0
2396,2026-05-02T16:05:57.053,1245.716,,15.799,128576.582,118798.965,9777.617,7.605,2047.996,1.250,0.061,6.650,5.470,4.570,236.450,0.000,0.001,0.014,2520.7,5500.0,69.0
2397,2026-05-02T16:05:57.602,1246.265,,13.527,128576.582,118783.770,9792.812,7.616,2047.996,1.250,0.061,6.650,5.470,4.570,235.276,0.000,0.001,0.014,2183.1,5340.7,68.0
2398,2026-05-02T16:05:58.105,1246.768,,11.014,128576.582,118755.625,9820.957,7.638,2047.996,1.250,0.061,6.650,5.470,4.570,197.124,0.140,0.001,0.016,2356.1,5517.9,68.0
2399,2026-05-02T16:05:58.643,1247.306,,8.899,128576.582,118767.941,9808.641,7.629,2047.996,1.250,0.061,6.650,5.470,4.570,229.458,0.000,0.000,0.014,4678.8,5400.1,53.0
2400,2026-05-02T16:05:59.149,1247.812,,9.839,128576.582,118795.023,9781.559,7.608,2047.996,1.250,0.061,6.650,5.470,4.570,256.518,1.722,0.000,0.016,2260.4,5448.7,67.0
2401,2026-05-02T16:05:59.652,1248.315,,9.931,128576.582,118750.211,9826.371,7.642,2047.996,1.250,0.061,6.650,5.470,4.570,248.219,0.241,0.000,0.016,2575.4,5500.0,64.0
2402,2026-05-02T16:06:00.154,1248.817,,9.023,128576.582,118760.414,9816.168,7.634,2047.996,1.250,0.061,6.650,5.470,4.570,265.641,0.000,0.001,0.031,2875.9,5434.6,64.0
2403,2026-05-02T16:06:00.654,1249.318,,12.319,128576.582,118773.230,9803.352,7.625,2047.996,1.250,0.061,6.650,5.470,4.570,244.737,0.000,0.001,0.017,2204.9,5354.7,54.0
2404,2026-05-02T16:06:01.155,1249.818,,14.991,128576.582,118777.773,9798.809,7.621,2047.996,1.250,0.061,8.760,5.930,4.720,244.759,0.000,0.001,0.016,2421.8,5465.6,68.0
2405,2026-05-02T16:06:01.657,1250.321,,13.670,128576.582,118801.574,9775.008,7.602,2047.996,1.250,0.061,8.760,5.930,4.720,247.905,0.000,0.001,0.015,2301.6,5464.7,69.0
2406,2026-05-02T16:06:02.204,1250.867,,16.867,128576.582,118795.078,9781.504,7.608,2047.996,1.250,0.061,8.760,5.930,4.720,243.679,0.000,0.000,0.014,2633.5,5500.0,69.0
2407,2026-05-02T16:06:02.754,1251.417,,13.887,128576.582,118770.168,9806.414,7.627,2047.996,1.250,0.061,8.760,5.930,4.720,215.080,0.000,0.000,0.014,2776.3,5500.0,65.0
2408,2026-05-02T16:06:03.256,1251.919,,18.392,128576.582,118744.375,9832.207,7.647,2047.996,1.250,0.061,8.760,5.930,4.720,199.972,0.132,0.000,0.015,3050.2,5457.6,65.0
2409,2026-05-02T16:06:03.760,1252.423,,17.567,128576.582,118765.727,9810.855,7.630,2047.996,1.250,0.061,8.760,5.930,4.720,243.761,0.000,0.000,0.015,2644.1,5500.0,58.0
2410,2026-05-02T16:06:04.301,1252.964,,15.527,128576.582,118775.719,9800.863,7.623,2047.996,1.250,0.061,8.760,5.930,4.720,240.167,0.130,0.000,0.014,2534.5,5500.0,64.0
2411,2026-05-02T16:06:04.807,1253.470,,16.149,128576.582,118793.492,9783.090,7.609,2047.996,1.250,0.061,8.760,5.930,4.720,230.845,1.266,0.001,0.015,2575.7,5500.0,64.0
2412,2026-05-02T16:06:05.354,1254.017,,13.214,128576.582,118833.094,9743.488,7.578,2047.996,1.250,0.061,8.760,5.930,4.720,249.698,0.000,0.000,0.014,3159.1,5500.0,64.0
2413,2026-05-02T16:06:05.854,1254.517,,11.529,128576.582,118814.121,9762.461,7.593,2047.996,1.250,0.061,8.760,5.930,4.720,211.718,0.000,0.001,0.015,3341.6,5499.9,69.0
2414,2026-05-02T16:06:06.354,1255.017,,12.516,128576.582,118820.129,9756.453,7.588,2047.996,1.250,0.061,8.300,5.880,4.710,219.271,0.000,0.000,0.015,2301.7,5470.3,69.0
2415,2026-05-02T16:06:06.862,1255.525,,15.337,128576.582,118816.273,9760.309,7.591,2047.996,1.250,0.061,8.300,5.880,4.710,204.842,0.000,0.001,0.015,2823.1,5432.8,58.0
2416,2026-05-02T16:06:07.362,1256.026,,16.332,128576.582,118804.734,9771.848,7.600,2047.996,1.250,0.061,8.300,5.880,4.710,228.369,0.000,0.000,0.016,2495.6,5343.9,60.0
2417,2026-05-02T16:06:07.906,1256.569,,20.812,128576.582,118781.461,9795.121,7.618,2047.996,1.250,0.061,8.300,5.880,4.710,233.240,1.868,0.000,0.015,2868.3,5500.0,51.0
2418,2026-05-02T16:06:08.454,1257.118,,12.275,128576.582,118761.824,9814.758,7.633,2047.996,1.250,0.061,8.300,5.880,4.710,241.621,0.128,0.000,0.015,2105.8,5341.8,64.0
2419,2026-05-02T16:06:08.957,1257.620,,14.410,128576.582,118790.344,9786.238,7.611,2047.996,1.250,0.061,8.300,5.880,4.710,240.126,0.000,0.001,0.016,2282.9,5500.0,67.0
2420,2026-05-02T16:06:09.459,1258.123,,14.868,128576.582,118766.824,9809.758,7.630,2047.996,1.250,0.061,8.300,5.880,4.710,225.978,0.155,0.001,0.015,3620.5,5350.3,67.0
2421,2026-05-02T16:06:09.959,1258.623,,19.590,128576.582,118801.832,9774.750,7.602,2047.996,1.250,0.061,8.300,5.880,4.710,252.994,0.086,0.001,0.016,3539.4,5449.3,71.0
2422,2026-05-02T16:06:10.502,1259.166,,15.380,128576.582,118824.984,9751.598,7.584,2047.996,1.250,0.061,8.300,5.880,4.710,256.493,0.000,0.000,0.028,2760.2,5547.6,52.0
2423,2026-05-02T16:06:11.003,1259.666,,10.950,128576.582,118802.973,9773.609,7.601,2047.996,1.250,0.061,7.880,5.830,4.700,277.293,0.476,0.001,0.015,2496.6,5498.0,62.0
2424,2026-05-02T16:06:11.503,1260.166,,14.894,128576.582,118815.020,9761.562,7.592,2047.996,1.250,0.061,7.880,5.830,4.700,262.433,0.000,0.001,0.015,2189.1,5500.0,63.0
2425,2026-05-02T16:06:12.011,1260.674,,13.121,128576.582,118858.418,9718.164,7.558,2047.996,1.250,0.061,7.880,5.830,4.700,240.694,0.000,0.001,0.015,3189.4,5528.9,46.0
2426,2026-05-02T16:06:12.557,1261.220,,12.964,128576.582,118863.570,9713.012,7.554,2047.996,1.250,0.061,7.880,5.830,4.700,264.328,0.000,0.001,0.014,2622.2,5500.0,63.0
2427,2026-05-02T16:06:13.100,1261.763,,12.682,128576.582,118811.059,9765.523,7.595,2047.996,1.250,0.061,7.880,5.830,4.700,254.643,0.000,0.001,0.014,1960.8,5357.8,67.0
2428,2026-05-02T16:06:13.605,1262.268,,12.570,128576.582,118819.309,9757.273,7.589,2047.996,1.250,0.061,7.880,5.830,4.700,257.077,0.131,0.001,0.015,3147.1,5519.7,67.0
2429,2026-05-02T16:06:14.107,1262.770,,14.277,128576.582,118797.598,9778.984,7.606,2047.996,1.250,0.061,7.880,5.830,4.700,246.649,0.000,0.001,0.016,2574.4,5543.3,62.0
2430,2026-05-02T16:06:14.651,1263.314,,11.687,128576.582,118756.609,9819.973,7.637,2047.996,1.250,0.061,7.880,5.830,4.700,221.377,0.129,0.001,0.014,2482.1,5500.0,62.0
2431,2026-05-02T16:06:15.151,1263.814,,12.352,128576.582,118761.691,9814.891,7.633,2047.996,1.250,0.061,7.880,5.830,4.700,227.376,0.000,0.001,0.016,2979.0,5510.9,67.0
2432,2026-05-02T16:06:15.701,1264.364,,10.394,128576.582,118767.328,9809.254,7.629,2047.996,1.250,0.061,7.880,5.830,4.700,245.004,0.000,0.000,0.014,2068.1,5500.0,67.0
2433,2026-05-02T16:06:16.203,1264.867,,11.153,128576.582,118770.211,9806.371,7.627,2047.996,1.250,0.061,10.050,6.320,4.870,259.085,0.000,0.000,0.016,2693.1,5500.0,64.0
2434,2026-05-02T16:06:16.749,1265.412,,8.076,128576.582,118757.750,9818.832,7.637,2047.996,1.250,0.061,10.050,6.320,4.870,280.940,1.368,0.000,0.015,1764.6,5500.7,64.0
2435,2026-05-02T16:06:17.256,1265.919,,14.224,128576.582,118785.504,9791.078,7.615,2047.996,1.250,0.061,10.050,6.320,4.870,271.234,0.000,0.001,0.015,2712.6,5537.9,68.0
2436,2026-05-02T16:06:17.802,1266.465,,12.478,128576.582,118771.000,9805.582,7.626,2047.996,1.250,0.061,10.050,6.320,4.870,252.733,0.000,0.001,0.015,2519.2,5500.0,68.0
2437,2026-05-02T16:06:18.349,1267.012,,12.922,128576.582,118789.859,9786.723,7.612,2047.996,1.250,0.061,10.050,6.320,4.870,277.546,0.129,0.000,0.014,1664.6,5392.0,59.0
2438,2026-05-02T16:06:18.855,1267.518,,11.961,128576.582,118782.293,9794.289,7.617,2047.996,1.250,0.061,10.050,6.320,4.870,273.501,0.000,0.001,0.015,3593.0,5500.0,60.0
2439,2026-05-02T16:06:19.395,1268.058,,8.406,128576.582,118792.258,9784.324,7.610,2047.996,1.250,0.061,10.050,6.320,4.870,233.368,0.000,0.000,0.014,4688.8,5336.7,51.0
2440,2026-05-02T16:06:19.907,1268.570,,15.870,128576.582,118758.883,9817.699,7.636,2047.996,1.250,0.061,10.050,6.320,4.870,234.680,0.282,0.001,0.015,2490.8,5486.1,59.0
2441,2026-05-02T16:06:20.446,1269.109,,16.550,128576.582,118770.402,9806.180,7.627,2047.996,1.250,0.061,10.050,6.320,4.870,255.379,0.000,0.000,0.014,4699.7,5300.1,57.0
2442,2026-05-02T16:06:20.955,1269.618,,14.930,128576.582,118767.246,9809.336,7.629,2047.996,1.250,0.061,10.050,6.320,4.870,236.672,0.000,0.001,0.015,2350.3,5501.0,67.0
2443,2026-05-02T16:06:21.462,1270.125,,15.144,128576.582,118749.434,9827.148,7.643,2047.996,1.250,0.061,9.490,6.260,4.860,219.736,0.000,0.001,0.015,2957.5,5500.0,69.0
2444,2026-05-02T16:06:22.003,1270.666,,12.967,128576.582,118723.395,9853.188,7.663,2047.996,1.250,0.061,9.490,6.260,4.860,225.035,0.000,0.001,0.028,2515.6,5500.0,69.0
2445,2026-05-02T16:06:22.552,1271.215,,12.616,128576.582,118762.488,9814.094,7.633,2047.996,1.250,0.061,9.490,6.260,4.860,202.245,0.000,0.001,0.014,2589.4,5500.0,64.0
2446,2026-05-02T16:06:23.055,1271.718,,13.434,128576.582,118788.910,9787.672,7.612,2047.996,1.250,0.061,9.490,6.260,4.860,271.494,1.258,0.001,0.016,2327.5,5500.0,64.0
2447,2026-05-02T16:06:23.563,1272.226,,20.098,128576.582,118802.434,9774.148,7.602,2047.996,1.250,0.061,9.490,6.260,4.860,228.438,0.138,0.001,0.016,2798.1,5442.4,52.0
2448,2026-05-02T16:06:24.095,1272.759,,17.599,128576.582,118760.488,9816.094,7.634,2047.996,1.250,0.061,9.490,6.260,4.860,220.830,0.000,0.001,0.014,1857.3,5259.5,64.0
2449,2026-05-02T16:06:24.606,1273.269,,15.389,128576.582,118758.484,9818.098,7.636,2047.996,1.250,0.061,9.490,6.260,4.860,169.383,0.199,0.000,0.017,2805.2,5511.0,64.0
2450,2026-05-02T16:06:25.145,1273.808,,9.510,128576.582,118759.891,9816.691,7.635,2047.996,1.250,0.061,9.490,6.260,4.860,191.326,0.000,0.001,0.014,2665.3,5372.7,64.0
2451,2026-05-02T16:06:25.650,1274.313,,9.385,128576.582,118769.871,9806.711,7.627,2047.996,1.250,0.061,9.490,6.260,4.860,207.431,0.000,0.001,0.015,1794.3,4181.9,54.0
2452,2026-05-02T16:06:26.152,1274.815,,10.710,128576.582,118792.629,9783.953,7.609,2047.996,1.250,0.061,8.970,6.210,4.850,234.925,0.000,0.000,0.015,2631.8,5500.0,64.0
2453,2026-05-02T16:06:26.655,1275.318,,13.913,128576.582,118777.988,9798.594,7.621,2047.996,1.250,0.061,8.970,6.210,4.850,252.516,0.000,0.000,0.015,2704.8,5500.0,63.0
2454,2026-05-02T16:06:27.155,1275.818,,13.782,128576.582,118746.527,9830.055,7.645,2047.996,1.250,0.061,8.970,6.210,4.850,277.180,0.000,0.001,0.015,2839.8,5405.8,68.0
2455,2026-05-02T16:06:27.705,1276.368,,15.558,128576.582,118761.363,9815.219,7.634,2047.996,1.250,0.061,8.970,6.210,4.850,271.260,0.000,0.000,0.014,2126.3,5500.0,62.0
2456,2026-05-02T16:06:28.254,1276.918,,18.212,128576.582,118799.363,9777.219,7.604,2047.996,1.250,0.061,8.970,6.210,4.850,254.646,0.000,0.000,0.014,4563.7,5303.3,62.0
2457,2026-05-02T16:06:28.756,1277.419,,11.278,128576.582,118817.922,9758.660,7.590,2047.996,1.250,0.061,8.970,6.210,4.850,264.003,1.449,0.000,0.015,2421.9,5467.6,58.0
2458,2026-05-02T16:06:29.258,1277.921,,11.361,128576.582,118798.441,9778.141,7.605,2047.996,1.250,0.061,8.970,6.210,4.850,273.636,0.039,0.001,0.015,3181.2,5500.0,62.0
2459,2026-05-02T16:06:29.806,1278.469,,11.920,128576.582,118843.488,9733.094,7.570,2047.996,1.250,0.061,8.970,6.210,4.850,256.326,0.164,0.001,0.014,1689.9,5500.0,46.9
2460,2026-05-02T16:06:30.306,1278.969,,15.380,128576.582,118832.336,9744.246,7.579,2047.996,1.250,0.061,8.970,6.210,4.850,258.057,0.180,0.001,0.015,1860.2,5500.0,46.9
2461,2026-05-02T16:06:30.807,1279.471,,14.484,128576.582,118860.270,9716.312,7.557,2047.996,1.250,0.061,8.970,6.210,4.850,205.645,0.000,0.001,0.015,3316.9,5366.3,68.0
2462,2026-05-02T16:06:31.352,1280.016,,15.811,128576.582,118887.871,9688.711,7.535,2047.996,1.250,0.061,8.490,6.150,4.840,202.860,0.000,0.000,0.015,4650.0,5200.1,63.0
2463,2026-05-02T16:06:31.854,1280.517,,13.412,128576.582,118810.574,9766.008,7.595,2047.996,1.250,0.061,8.490,6.150,4.840,235.932,0.000,0.001,0.016,2280.7,5480.9,66.0
2464,2026-05-02T16:06:32.366,1281.029,,18.087,128576.582,118786.766,9789.816,7.614,2047.996,1.250,0.061,8.490,6.150,4.840,254.197,0.000,0.000,0.016,2502.2,5473.6,72.0
2465,2026-05-02T16:06:32.868,1281.531,,19.051,128576.582,118773.137,9803.445,7.625,2047.996,1.250,0.061,8.490,6.150,4.840,259.880,0.101,0.001,0.016,2693.6,5515.0,72.0
2466,2026-05-02T16:06:33.408,1282.072,,20.012,128576.582,118785.926,9790.656,7.615,2047.996,1.250,0.061,8.490,6.150,4.840,242.563,0.000,0.001,0.017,2992.9,5500.0,71.0
2467,2026-05-02T16:06:33.908,1282.572,,16.302,128576.582,118773.227,9803.355,7.625,2047.996,1.250,0.061,8.490,6.150,4.840,259.919,0.141,0.001,0.016,3539.4,5468.6,70.0
2468,2026-05-02T16:06:34.453,1283.117,,13.997,128576.582,118786.387,9790.195,7.614,2047.996,1.250,0.061,8.490,6.150,4.840,203.784,0.000,0.000,0.014,2946.9,5500.0,69.0
2469,2026-05-02T16:06:35.000,1283.664,,13.876,128576.582,118791.418,9785.164,7.610,2047.996,1.250,0.061,8.490,6.150,4.840,233.018,1.157,0.001,0.028,2327.5,5257.0,69.0
2470,2026-05-02T16:06:35.501,1284.164,,13.205,128576.582,118805.230,9771.352,7.600,2047.996,1.250,0.061,8.490,6.150,4.840,225.744,0.172,0.001,0.015,2713.2,5537.2,65.0
2471,2026-05-02T16:06:36.009,1284.672,,12.678,128576.582,118834.184,9742.398,7.577,2047.996,1.250,0.061,7.890,6.070,4.810,226.541,0.000,0.001,0.015,2798.1,5543.0,65.0
2472,2026-05-02T16:06:36.550,1285.214,,12.356,128576.582,118784.633,9791.949,7.616,2047.996,1.250,0.061,7.890,6.070,4.810,212.500,0.000,0.000,0.014,2390.8,5500.7,65.0
2473,2026-05-02T16:06:37.053,1285.716,,10.786,128576.582,118814.555,9762.027,7.592,2047.996,1.250,0.061,7.890,6.070,4.810,219.728,0.000,0.001,0.016,2543.7,5500.0,66.0
2474,2026-05-02T16:06:37.553,1286.216,,11.217,128576.582,118801.598,9774.984,7.602,2047.996,1.250,0.061,7.890,6.070,4.810,237.890,0.000,0.001,0.015,1844.7,5500.0,61.0
2475,2026-05-02T16:06:38.055,1286.718,,13.363,128576.582,118778.523,9798.059,7.620,2047.996,1.250,0.061,7.890,6.070,4.810,260.255,0.062,0.001,0.015,3221.9,5518.2,64.0
2476,2026-05-02T16:06:38.559,1287.222,,17.500,128576.582,118772.160,9804.422,7.625,2047.996,1.250,0.061,7.890,6.070,4.810,260.466,0.000,0.001,0.015,2250.3,5500.0,68.0
2477,2026-05-02T16:06:39.104,1287.767,,12.759,128576.582,118775.586,9800.996,7.623,2047.996,1.250,0.061,7.890,6.070,4.810,253.771,0.122,0.001,0.015,2595.4,5521.3,68.0
2478,2026-05-02T16:06:39.609,1288.272,,20.037,128576.582,118770.711,9805.871,7.626,2047.996,1.250,0.061,7.890,6.070,4.810,244.530,0.000,0.001,0.016,2859.7,5500.0,68.0
2479,2026-05-02T16:06:40.157,1288.820,,18.415,128576.582,118793.395,9783.188,7.609,2047.996,1.250,0.061,7.890,6.070,4.810,235.763,0.000,0.001,0.014,2568.6,5500.0,68.0
2480,2026-05-02T16:06:40.660,1289.323,,27.463,128576.582,118836.023,9740.559,7.576,2047.996,1.250,0.061,7.890,6.070,4.810,278.817,0.156,0.001,0.017,2728.2,5500.0,72.0
2481,2026-05-02T16:06:41.160,1289.823,,24.237,128576.582,118808.691,9767.891,7.597,2047.996,1.250,0.061,7.420,6.000,4.800,260.430,1.257,0.001,0.015,2548.3,5500.0,72.0
2482,2026-05-02T16:06:41.709,1290.372,,30.267,128576.582,118820.852,9755.730,7.587,2047.996,1.250,0.061,7.420,6.000,4.800,263.330,0.000,0.000,0.014,4650.0,5200.1,67.0
2483,2026-05-02T16:06:42.211,1290.874,,30.118,128576.582,118831.168,9745.414,7.579,2047.996,1.250,0.061,7.420,6.000,4.800,280.042,0.000,0.001,0.015,2639.2,5500.0,73.0
2484,2026-05-02T16:06:42.752,1291.415,,20.578,128576.582,118795.039,9781.543,7.608,2047.996,1.250,0.061,7.420,6.000,4.800,275.527,0.000,0.000,0.014,4649.9,5200.1,73.0
2485,2026-05-02T16:06:43.301,1291.964,,19.250,128576.582,118788.191,9788.391,7.613,2047.996,1.250,0.061,7.420,6.000,4.800,221.597,0.000,0.000,0.014,4116.1,5337.0,56.0
2486,2026-05-02T16:06:43.813,1292.476,,13.194,128576.582,118818.648,9757.934,7.589,2047.996,1.250,0.061,7.420,6.000,4.800,214.353,0.000,0.001,0.015,1499.8,5500.0,50.0
2487,2026-05-02T16:06:44.351,1293.014,,10.129,128576.582,118798.586,9777.996,7.605,2047.996,1.250,0.061,7.420,6.000,4.800,178.557,0.131,0.000,0.014,2199.5,5500.0,56.0
2488,2026-05-02T16:06:44.898,1293.562,,11.578,128576.582,118800.227,9776.355,7.604,2047.996,1.250,0.061,7.420,6.000,4.800,189.917,0.000,0.000,0.014,4671.8,5251.6,59.0
2489,2026-05-02T16:06:45.445,1294.108,,9.153,128576.582,118797.160,9779.422,7.606,2047.996,1.250,0.061,7.420,6.000,4.800,171.910,2.265,0.000,0.014,2482.8,5500.0,57.0
2490,2026-05-02T16:06:45.945,1294.608,,7.412,128576.582,118791.090,9785.492,7.611,2047.996,1.250,0.061,7.420,6.000,4.800,171.957,0.141,0.001,0.016,2016.9,5535.0,65.0
2491,2026-05-02T16:06:46.491,1295.154,,5.399,128576.582,118783.902,9792.680,7.616,2047.996,1.250,0.061,6.980,5.930,4.780,165.012,0.000,0.000,0.027,1932.6,5500.0,65.0
2492,2026-05-02T16:06:46.991,1295.654,,4.881,128576.582,118773.449,9803.133,7.624,2047.996,1.250,0.061,6.980,5.930,4.780,159.873,0.000,0.001,0.016,2214.6,5427.2,62.0
2493,2026-05-02T16:06:47.494,1296.157,,4.705,128576.582,118783.453,9793.129,7.617,2047.996,1.250,0.061,6.980,5.930,4.780,147.137,0.093,0.001,0.016,3753.4,5552.9,65.0
2494,2026-05-02T16:06:48.042,1296.705,,6.282,128576.582,118792.207,9784.375,7.610,2047.996,1.250,0.061,6.980,5.930,4.780,157.074,0.000,0.001,0.014,1742.5,5400.3,65.0
2495,2026-05-02T16:06:48.546,1297.209,,6.567,128576.582,118781.379,9795.203,7.618,2047.996,1.250,0.061,6.980,5.930,4.780,158.667,0.000,0.000,0.017,2624.5,5516.5,57.0
2496,2026-05-02T16:06:49.092,1297.755,,7.922,128576.582,118765.848,9810.734,7.630,2047.996,1.250,0.061,6.980,5.930,4.780,172.196,0.122,0.001,0.014,3642.7,5357.2,57.0
2497,2026-05-02T16:06:49.597,1298.261,,10.462,128576.582,118754.391,9822.191,7.639,2047.996,1.250,0.061,6.980,5.930,4.780,228.982,0.000,0.001,0.015,3063.6,5500.0,65.0
2498,2026-05-02T16:06:50.098,1298.762,,8.712,128576.582,118754.527,9822.055,7.639,2047.996,1.250,0.061,6.980,5.930,4.780,200.758,0.000,0.001,0.015,2758.5,5500.0,65.0
2499,2026-05-02T16:06:50.601,1299.265,,9.703,128576.582,118767.598,9808.984,7.629,2047.996,1.250,0.061,6.980,5.930,4.780,197.990,0.000,0.001,0.015,1885.6,5500.0,53.0
2500,2026-05-02T16:06:51.107,1299.770,,8.805,128576.582,118758.852,9817.730,7.636,2047.996,1.250,0.061,6.660,5.880,4.770,229.960,0.000,0.001,0.015,2814.0,5500.0,57.0
2501,2026-05-02T16:06:51.650,1300.313,,10.223,128576.582,118759.215,9817.367,7.635,2047.996,1.250,0.061,6.660,5.880,4.770,221.732,1.179,0.000,0.014,2088.1,5350.3,57.0
2502,2026-05-02T16:06:52.197,1300.860,,8.733,128576.582,118753.496,9823.086,7.640,2047.996,1.250,0.061,6.660,5.880,4.770,229.074,0.000,0.001,0.014,2195.2,5500.0,59.0
2503,2026-05-02T16:06:52.704,1301.367,,7.357,128576.582,118731.387,9845.195,7.657,2047.996,1.250,0.061,6.660,5.880,4.770,218.658,0.308,0.000,0.015,2882.9,5503.7,64.0
2504,2026-05-02T16:06:53.206,1301.869,,8.636,128576.582,118755.691,9820.891,7.638,2047.996,1.250,0.061,6.660,5.880,4.770,229.322,0.000,0.001,0.015,2685.8,5500.0,69.0
2505,2026-05-02T16:06:53.756,1302.419,,9.122,128576.582,118757.758,9818.824,7.637,2047.996,1.250,0.061,6.660,5.880,4.770,251.544,0.000,0.000,0.014,3839.9,5500.0,69.0
2506,2026-05-02T16:06:54.300,1302.963,,8.928,128576.582,118747.238,9829.344,7.645,2047.996,1.250,0.061,6.660,5.880,4.770,215.912,0.129,0.001,0.014,2870.0,5463.1,68.0
2507,2026-05-02T16:06:54.802,1303.465,,8.553,128576.582,118736.086,9840.496,7.653,2047.996,1.250,0.061,6.660,5.880,4.770,231.585,0.000,0.001,0.015,2463.9,5500.0,68.0
2508,2026-05-02T16:06:55.302,1303.965,,8.620,128576.582,118723.500,9853.082,7.663,2047.996,1.250,0.061,6.660,5.880,4.770,216.382,0.000,0.001,0.016,3158.9,5531.6,63.0
2509,2026-05-02T16:06:55.850,1304.513,,8.643,128576.582,118753.332,9823.250,7.640,2047.996,1.250,0.061,6.660,5.880,4.770,243.882,0.000,0.000,0.015,2438.6,5501.5,63.0
2510,2026-05-02T16:06:56.354,1305.017,,8.375,128576.582,118743.914,9832.668,7.647,2047.996,1.250,0.061,6.210,5.800,4.750,234.509,0.000,0.000,0.017,2035.1,5500.0,66.0
2511,2026-05-02T16:06:56.900,1305.563,,9.153,128576.582,118759.207,9817.375,7.635,2047.996,1.250,0.061,6.210,5.800,4.750,229.617,0.000,0.001,0.014,2463.0,5499.9,66.0
2512,2026-05-02T16:06:57.445,1306.109,,9.377,128576.582,118760.348,9816.234,7.635,2047.996,1.250,0.061,6.210,5.800,4.750,224.816,0.000,0.000,0.014,1797.8,5500.0,59.0
2513,2026-05-02T16:06:57.953,1306.616,,8.760,128576.582,118751.125,9825.457,7.642,2047.996,1.250,0.061,6.210,5.800,4.750,227.673,0.208,0.000,0.015,2794.3,5293.7,59.0
2514,2026-05-02T16:06:58.455,1307.118,,9.882,128576.582,118750.523,9826.059,7.642,2047.996,1.250,0.061,6.210,5.800,4.750,202.587,0.000,0.000,0.015,3141.1,5524.0,67.0
2515,2026-05-02T16:06:59.003,1307.666,,10.635,128576.582,118772.906,9803.676,7.625,2047.996,1.250,0.061,6.210,5.800,4.750,227.828,1.213,0.001,0.014,2513.8,5500.0,67.0
2516,2026-05-02T16:06:59.552,1308.216,,12.800,128576.582,118780.723,9795.859,7.619,2047.996,1.250,0.061,6.210,5.800,4.750,208.194,0.128,0.001,0.027,2913.0,5500.0,60.0
2517,2026-05-02T16:07:00.057,1308.721,,11.536,128576.582,118763.617,9812.965,7.632,2047.996,1.250,0.061,6.210,5.800,4.750,225.577,0.000,0.001,0.031,2600.0,5522.1,69.0
2518,2026-05-02T16:07:00.606,1309.270,,15.587,128576.582,118738.484,9838.098,7.652,2047.996,1.250,0.061,6.210,5.800,4.750,242.467,0.000,0.001,0.014,2463.0,5478.7,69.0
2519,2026-05-02T16:07:01.109,1309.772,,14.868,128576.582,118764.723,9811.859,7.631,2047.996,1.250,0.061,6.030,5.770,4.750,232.314,0.000,0.001,0.015,2482.6,5480.3,65.0
2520,2026-05-02T16:07:01.650,1310.313,,10.793,128576.582,118750.539,9826.043,7.642,2047.996,1.250,0.061,6.030,5.770,4.750,228.513,0.000,0.000,0.014,2414.3,5524.8,65.0
2521,2026-05-02T16:07:02.159,1310.822,,14.453,128576.582,118729.391,9847.191,7.659,2047.996,1.250,0.061,6.030,5.770,4.750,248.750,0.000,0.001,0.015,2560.4,5464.4,72.0
2522,2026-05-02T16:07:02.708,1311.371,,12.393,128576.582,118735.473,9841.109,7.654,2047.996,1.250,0.061,6.030,5.770,4.750,245.296,0.163,0.000,0.014,2681.7,5369.0,72.0
2523,2026-05-02T16:07:03.249,1311.912,,12.507,128576.582,118741.586,9834.996,7.649,2047.996,1.250,0.061,6.030,5.770,4.750,261.123,0.173,0.000,0.015,2365.0,5500.0,49.0
2524,2026-05-02T16:07:03.759,1312.422,,10.776,128576.582,118754.875,9821.707,7.639,2047.996,1.250,0.061,6.030,5.770,4.750,264.425,0.299,0.000,0.016,2996.1,5500.0,53.0
2525,2026-05-02T16:07:04.304,1312.967,,9.748,128576.582,118738.484,9838.098,7.652,2047.996,1.250,0.061,6.030,5.770,4.750,221.159,0.000,0.000,0.016,2365.6,5500.0,66.0
2526,2026-05-02T16:07:04.808,1313.471,,8.628,128576.582,118782.543,9794.039,7.617,2047.996,1.250,0.061,6.030,5.770,4.750,218.766,0.139,0.000,0.015,3382.1,5500.0,66.0
2527,2026-05-02T16:07:05.351,1314.014,,8.353,128576.582,118742.797,9833.785,7.648,2047.996,1.250,0.061,6.030,5.770,4.750,242.041,1.143,0.000,0.014,2891.9,5500.0,67.0
2528,2026-05-02T16:07:05.901,1314.564,,6.747,128576.582,118771.809,9804.773,7.626,2047.996,1.250,0.061,6.030,5.770,4.750,228.077,0.000,0.000,0.014,2536.2,5537.4,53.0
2529,2026-05-02T16:07:06.401,1315.064,,6.784,128576.582,118751.895,9824.688,7.641,2047.996,1.250,0.061,5.710,5.710,4.730,251.859,0.000,0.001,0.015,2724.8,5500.0,63.0
2530,2026-05-02T16:07:06.904,1315.567,,5.952,128576.582,118779.227,9797.355,7.620,2047.996,1.250,0.061,5.710,5.710,4.730,230.691,0.000,0.001,0.015,2484.5,5500.0,54.0
2531,2026-05-02T16:07:07.442,1316.106,,5.944,128576.582,118766.371,9810.211,7.630,2047.996,1.250,0.061,5.710,5.710,4.730,209.102,0.000,0.000,0.014,3327.0,5467.4,58.0
2532,2026-05-02T16:07:07.943,1316.606,,7.334,128576.582,118763.023,9813.559,7.632,2047.996,1.250,0.061,5.710,5.710,4.730,236.908,0.156,0.001,0.015,2466.5,5500.0,66.0
2533,2026-05-02T16:07:08.447,1317.110,,6.754,128576.582,118799.953,9776.629,7.604,2047.996,1.250,0.061,5.710,5.710,4.730,247.191,0.000,0.000,0.015,3254.1,5500.0,66.0
2534,2026-05-02T16:07:08.949,1317.612,,7.277,128576.582,118801.816,9774.766,7.602,2047.996,1.250,0.061,5.710,5.710,4.730,265.995,0.000,0.001,0.016,3796.1,5500.0,60.0
2535,2026-05-02T16:07:09.449,1318.112,,8.100,128576.582,118797.422,9779.160,7.606,2047.996,1.250,0.061,5.710,5.710,4.730,243.496,0.141,0.001,0.015,1910.2,5382.7,64.0
2536,2026-05-02T16:07:09.952,1318.615,,7.477,128576.582,118750.930,9825.652,7.642,2047.996,1.250,0.061,5.710,5.710,4.730,238.666,0.000,0.001,0.015,2197.2,5500.0,68.0
2537,2026-05-02T16:07:10.499,1319.162,,9.903,128576.582,118794.438,9782.145,7.608,2047.996,1.250,0.061,5.710,5.710,4.730,242.723,1.136,0.000,0.014,2535.9,5500.0,68.0
2538,2026-05-02T16:07:11.000,1319.663,,7.192,128576.582,118815.055,9761.527,7.592,2047.996,1.250,0.061,5.570,5.680,4.730,219.905,0.000,0.001,0.016,2810.6,5500.0,64.0
2539,2026-05-02T16:07:11.500,1320.164,,5.815,128576.582,118798.656,9777.926,7.605,2047.996,1.250,0.061,5.570,5.680,4.730,177.627,0.000,0.000,0.016,2651.2,5500.0,64.0
2540,2026-05-02T16:07:12.018,1320.681,,9.654,128576.582,118776.047,9800.535,7.622,2047.996,1.250,0.061,5.570,5.680,4.730,189.811,0.000,0.001,0.030,1953.0,5470.9,60.0
2541,2026-05-02T16:07:12.543,1321.206,,6.033,128576.582,118768.566,9808.016,7.628,2047.996,1.250,0.061,5.570,5.680,4.730,190.294,0.000,0.001,0.016,2055.5,5500.0,60.0
2542,2026-05-02T16:07:13.045,1321.708,,5.845,128576.582,118761.707,9814.875,7.633,2047.996,1.250,0.061,5.570,5.680,4.730,219.247,0.288,0.001,0.016,1923.0,5500.0,58.0
2543,2026-05-02T16:07:13.547,1322.210,,7.116,128576.582,118753.727,9822.855,7.640,2047.996,1.250,0.061,5.570,5.680,4.730,259.045,0.000,0.001,0.015,2879.4,5531.6,63.0
2544,2026-05-02T16:07:14.048,1322.711,,8.709,128576.582,118746.559,9830.023,7.645,2047.996,1.250,0.061,5.570,5.680,4.730,245.128,0.000,0.001,0.015,2823.1,5500.0,67.0
2545,2026-05-02T16:07:14.548,1323.211,,6.531,128576.582,118739.473,9837.109,7.651,2047.996,1.250,0.061,5.570,5.680,4.730,222.777,0.000,0.000,0.015,2660.8,5500.0,67.0
2546,2026-05-02T16:07:15.053,1323.716,,12.213,128576.582,118756.250,9820.332,7.638,2047.996,1.250,0.061,5.570,5.680,4.730,209.422,0.131,0.001,0.015,3634.8,5500.0,59.0
2547,2026-05-02T16:07:15.602,1324.265,,11.016,128576.582,118745.168,9831.414,7.646,2047.996,1.250,0.061,5.570,5.680,4.730,214.209,0.000,0.000,0.014,2758.0,5500.0,59.0
2548,2026-05-02T16:07:16.103,1324.766,,9.407,128576.582,118772.074,9804.508,7.625,2047.996,1.250,0.061,5.370,5.640,4.720,202.959,0.000,0.001,0.015,2677.0,5500.0,48.0
2549,2026-05-02T16:07:16.648,1325.311,,8.454,128576.582,118759.652,9816.930,7.635,2047.996,1.250,0.061,5.370,5.640,4.720,203.198,1.190,0.000,0.014,2031.3,5506.3,59.0
2550,2026-05-02T16:07:17.148,1325.812,,8.229,128576.582,118762.953,9813.629,7.633,2047.996,1.250,0.061,5.370,5.640,4.720,226.677,0.000,0.001,0.015,2166.7,5419.1,66.0
2551,2026-05-02T16:07:17.697,1326.361,,9.117,128576.582,118769.191,9807.391,7.628,2047.996,1.250,0.061,5.370,5.640,4.720,200.914,0.000,0.001,0.014,2254.7,5511.7,66.0
2552,2026-05-02T16:07:18.247,1326.910,,15.240,128576.582,118763.328,9813.254,7.632,2047.996,1.250,0.061,5.370,5.640,4.720,199.719,0.135,0.001,0.014,3265.9,5506.1,51.0
2553,2026-05-02T16:07:18.796,1327.459,,13.090,128576.582,118754.422,9822.160,7.639,2047.996,1.250,0.061,5.370,5.640,4.720,221.893,0.000,0.001,0.014,1899.1,5500.0,58.0
2554,2026-05-02T16:07:19.296,1327.959,,8.994,128576.582,118760.414,9816.168,7.634,2047.996,1.250,0.061,5.370,5.640,4.720,198.155,0.000,0.001,0.016,3374.7,5500.0,64.0
2555,2026-05-02T16:07:19.798,1328.462,,11.805,128576.582,118749.246,9827.336,7.643,2047.996,1.250,0.061,5.370,5.640,4.720,186.198,0.140,0.001,0.016,1778.3,5500.0,64.0
2556,2026-05-02T16:07:20.303,1328.966,,20.000,128576.582,118732.770,9843.812,7.656,2047.996,1.250,0.061,5.370,5.640,4.720,230.053,0.000,0.001,0.017,3109.6,5500.0,62.0
2557,2026-05-02T16:07:20.843,1329.506,,15.743,128576.582,118749.484,9827.098,7.643,2047.996,1.250,0.061,5.370,5.640,4.720,202.321,0.000,0.000,0.014,3434.9,5358.6,62.0
2558,2026-05-02T16:07:21.351,1330.014,,12.955,128576.582,118731.773,9844.809,7.657,2047.996,1.250,0.061,5.180,5.590,4.710,213.065,0.000,0.000,0.015,3039.2,5500.0,63.0
2559,2026-05-02T16:07:21.851,1330.514,,10.150,128576.582,118752.270,9824.312,7.641,2047.996,1.250,0.061,5.180,5.590,4.710,221.341,0.000,0.000,0.015,2763.9,5486.5,63.0
2560,2026-05-02T16:07:22.352,1331.016,,14.383,128576.582,118754.547,9822.035,7.639,2047.996,1.250,0.061,5.180,5.590,4.710,194.982,0.000,0.001,0.015,2312.1,5500.0,67.0
2561,2026-05-02T16:07:22.853,1331.516,,14.099,128576.582,118761.523,9815.059,7.634,2047.996,1.250,0.061,5.180,5.590,4.710,219.731,1.241,0.001,0.015,2713.5,5500.0,67.0
2562,2026-05-02T16:07:23.358,1332.021,,11.216,128576.582,118744.383,9832.199,7.647,2047.996,1.250,0.061,5.180,5.590,4.710,230.195,0.317,0.001,0.015,2934.0,5500.0,46.9
2563,2026-05-02T16:07:23.903,1332.566,,13.472,128576.582,118740.660,9835.922,7.650,2047.996,1.250,0.061,5.180,5.590,4.710,208.671,0.000,0.001,0.014,2568.7,5523.4,57.0
2564,2026-05-02T16:07:24.407,1333.071,,20.952,128576.582,118746.094,9830.488,7.646,2047.996,1.250,0.061,5.180,5.590,4.710,198.295,0.000,0.000,0.015,4073.2,5500.0,67.0
2565,2026-05-02T16:07:24.908,1333.571,,41.990,128576.582,118749.711,9826.871,7.643,2047.996,1.250,0.061,5.180,5.590,4.710,195.017,0.141,0.001,0.016,3349.4,5500.0,70.0
2566,2026-05-02T16:07:25.409,1334.072,,35.019,128576.582,118747.160,9829.422,7.645,2047.996,1.250,0.061,5.180,5.590,4.710,204.231,2.142,0.000,0.015,1864.7,5500.0,67.0
2567,2026-05-02T16:07:25.911,1334.574,,25.655,128576.582,118756.258,9820.324,7.638,2047.996,1.250,0.061,5.180,5.590,4.710,219.143,0.008,0.001,0.015,2619.8,5549.5,68.0
2568,2026-05-02T16:07:26.415,1335.078,,24.256,128576.582,118737.746,9838.836,7.652,2047.996,1.250,0.061,7.560,6.080,4.870,218.386,0.000,0.001,0.015,1614.7,5500.0,68.0
2569,2026-05-02T16:07:26.955,1335.618,,26.678,128576.582,118753.512,9823.070,7.640,2047.996,1.250,0.061,7.560,6.080,4.870,194.931,0.000,0.001,0.015,2322.9,5459.0,63.0
2570,2026-05-02T16:07:27.458,1336.121,,19.083,128576.582,118736.062,9840.520,7.653,2047.996,1.250,0.061,7.560,6.080,4.870,193.428,0.109,0.001,0.016,2929.6,5500.0,67.0
2571,2026-05-02T16:07:27.967,1336.630,,35.201,128576.582,118739.266,9837.316,7.651,2047.996,1.250,0.061,7.560,6.080,4.870,224.767,0.000,0.001,0.015,3355.1,5500.0,67.0
2572,2026-05-02T16:07:28.509,1337.172,,28.161,128576.582,118714.852,9861.730,7.670,2047.996,1.250,0.061,7.560,6.080,4.870,219.429,0.433,0.000,0.015,4650.1,5200.1,66.0
2573,2026-05-02T16:07:29.017,1337.680,,32.333,128576.582,118716.293,9860.289,7.669,2047.996,1.250,0.061,7.560,6.080,4.870,261.340,0.054,0.001,0.030,2149.1,5500.0,73.0
2574,2026-05-02T16:07:29.563,1338.227,,13.696,128576.582,118740.512,9836.070,7.650,2047.996,1.250,0.061,7.560,6.080,4.870,240.286,0.000,0.000,0.014,2366.4,5500.0,73.0
2575,2026-05-02T16:07:30.111,1338.774,,16.820,128576.582,118730.887,9845.695,7.657,2047.996,1.250,0.061,7.560,6.080,4.870,236.430,0.121,0.001,0.014,1980.6,5500.1,72.0
2576,2026-05-02T16:07:30.617,1339.280,,15.131,128576.582,118717.105,9859.477,7.668,2047.996,1.250,0.061,7.560,6.080,4.870,240.370,0.062,0.000,0.015,2156.2,5500.0,74.0
2577,2026-05-02T16:07:31.117,1339.780,,18.449,128576.582,118719.699,9856.883,7.666,2047.996,1.250,0.061,7.120,6.010,4.860,257.423,0.000,0.001,0.016,3332.4,5500.0,74.0
2578,2026-05-02T16:07:31.623,1340.286,,16.347,128576.582,118729.371,9847.211,7.659,2047.996,1.250,0.061,7.120,6.010,4.860,241.943,0.000,0.000,0.015,2734.1,5500.0,67.0
2579,2026-05-02T16:07:32.161,1340.824,,22.106,128576.582,118723.527,9853.055,7.663,2047.996,1.250,0.061,7.120,6.010,4.860,254.999,0.000,0.001,0.014,2137.4,5476.8,67.0
2580,2026-05-02T16:07:32.707,1341.370,,16.407,128576.582,118739.176,9837.406,7.651,2047.996,1.250,0.061,7.120,6.010,4.860,263.067,0.164,0.001,0.014,3011.4,5500.0,65.0
2581,2026-05-02T16:07:33.210,1341.873,,15.481,128576.582,118730.453,9846.129,7.658,2047.996,1.250,0.061,7.120,6.010,4.860,267.036,0.000,0.001,0.015,2527.0,5500.0,65.0
2582,2026-05-02T16:07:33.711,1342.374,,12.773,128576.582,118729.191,9847.391,7.659,2047.996,1.250,0.061,7.120,6.010,4.860,271.824,0.000,0.001,0.015,2871.2,5434.1,72.0
2583,2026-05-02T16:07:34.212,1342.876,,16.050,128576.582,118755.012,9821.570,7.639,2047.996,1.250,0.061,7.120,6.010,4.860,274.907,0.000,0.000,0.015,3253.5,5500.0,72.0
2584,2026-05-02T16:07:34.713,1343.376,,16.501,128576.582,118743.480,9833.102,7.648,2047.996,1.250,0.061,7.120,6.010,4.860,281.484,1.242,0.001,0.015,2858.1,5473.6,74.0
2585,2026-05-02T16:07:35.262,1343.926,,14.920,128576.582,118736.633,9839.949,7.653,2047.996,1.250,0.061,7.120,6.010,4.860,245.970,0.135,0.000,0.015,2577.0,5500.0,68.0
2586,2026-05-02T16:07:35.808,1344.471,,14.047,128576.582,118711.758,9864.824,7.672,2047.996,1.250,0.061,7.120,6.010,4.860,264.687,0.000,0.001,0.015,3624.3,5423.3,68.0
2587,2026-05-02T16:07:36.309,1344.972,,13.938,128576.582,118725.629,9850.953,7.662,2047.996,1.250,0.061,6.790,5.960,4.850,259.769,0.000,0.000,0.017,2993.1,5500.0,66.0
2588,2026-05-02T16:07:36.810,1345.474,,13.574,128576.582,118687.906,9888.676,7.691,2047.996,1.250,0.061,6.790,5.960,4.850,267.758,0.000,0.001,0.016,2436.5,5499.9,63.0
2589,2026-05-02T16:07:37.311,1345.974,,12.133,128576.582,118716.086,9860.496,7.669,2047.996,1.250,0.061,6.790,5.960,4.850,261.670,0.000,0.000,0.015,1848.4,5500.0,63.0
2590,2026-05-02T16:07:37.852,1346.516,,10.823,128576.582,118731.598,9844.984,7.657,2047.996,1.250,0.061,6.790,5.960,4.850,234.755,0.281,0.000,0.014,4690.3,5300.1,60.0
2591,2026-05-02T16:07:38.359,1347.022,,15.432,128576.582,118731.660,9844.922,7.657,2047.996,1.250,0.061,6.790,5.960,4.850,228.289,0.000,0.001,0.015,2930.6,5500.0,57.0
2592,2026-05-02T16:07:38.859,1347.522,,19.240,128576.582,118726.977,9849.605,7.660,2047.996,1.250,0.061,6.790,5.960,4.850,233.625,0.000,0.001,0.016,2537.9,5500.0,67.0
2593,2026-05-02T16:07:39.361,1348.025,,16.989,128576.582,118718.766,9857.816,7.667,2047.996,1.250,0.061,6.790,5.960,4.850,231.946,0.000,0.000,0.015,2458.0,5500.0,67.0
2594,2026-05-02T16:07:39.897,1348.560,,14.160,128576.582,118721.234,9855.348,7.665,2047.996,1.250,0.061,6.790,5.960,4.850,245.066,0.000,0.001,0.014,2273.1,5520.9,65.0
2595,2026-05-02T16:07:40.398,1349.061,,16.739,128576.582,118708.684,9867.898,7.675,2047.996,1.250,0.061,6.790,5.960,4.850,256.045,0.140,0.000,0.015,2756.1,5500.0,69.0
2596,2026-05-02T16:07:40.903,1349.567,,16.986,128576.582,118730.980,9845.602,7.657,2047.996,1.250,0.061,6.790,5.960,4.850,222.890,1.260,0.000,0.015,2964.5,5500.0,67.0
2597,2026-05-02T16:07:41.451,1350.115,,14.253,128576.582,118716.344,9860.238,7.669,2047.996,1.250,0.061,6.330,5.880,4.830,227.246,0.000,0.000,0.014,2388.6,5500.0,67.0
2598,2026-05-02T16:07:41.957,1350.620,,12.657,128576.582,118730.688,9845.895,7.658,2047.996,1.250,0.061,6.330,5.880,4.830,228.774,0.000,0.001,0.015,2630.3,5500.0,65.0
2599,2026-05-02T16:07:42.503,1351.167,,12.798,128576.582,118717.941,9858.641,7.668,2047.996,1.250,0.061,6.330,5.880,4.830,227.166,0.000,0.001,0.027,2487.5,5500.0,65.0
2600,2026-05-02T16:07:43.047,1351.710,,11.993,128576.582,118737.410,9839.172,7.652,2047.996,1.250,0.061,6.330,5.880,4.830,239.630,0.115,0.001,0.016,2288.0,5500.0,61.0
2601,2026-05-02T16:07:43.555,1352.219,,10.471,128576.582,118720.543,9856.039,7.666,2047.996,1.250,0.061,6.330,5.880,4.830,226.523,0.000,0.001,0.016,1949.3,5500.0,60.0
2602,2026-05-02T16:07:44.104,1352.767,,10.199,128576.582,118724.414,9852.168,7.662,2047.996,1.250,0.061,6.330,5.880,4.830,243.878,0.000,0.001,0.014,2510.2,5525.3,68.0
2603,2026-05-02T16:07:44.604,1353.267,,11.146,128576.582,118743.094,9833.488,7.648,2047.996,1.250,0.061,6.330,5.880,4.830,264.842,0.000,0.001,0.017,2563.2,5500.0,71.0
2604,2026-05-02T16:07:45.107,1353.770,,11.889,128576.582,118698.090,9878.492,7.683,2047.996,1.250,0.061,6.330,5.880,4.830,274.025,0.000,0.001,0.015,2445.4,5500.0,62.0
2605,2026-05-02T16:07:45.610,1354.273,,12.273,128576.582,118680.340,9896.242,7.697,2047.996,1.250,0.061,6.330,5.880,4.830,231.684,0.132,0.001,0.015,2443.4,5518.5,68.0
2606,2026-05-02T16:07:46.113,1354.776,,12.897,128576.582,118736.891,9839.691,7.653,2047.996,1.250,0.061,5.980,5.820,4.810,278.117,0.000,0.001,0.016,2934.5,5500.1,68.0
2607,2026-05-02T16:07:46.658,1355.321,,12.894,128576.582,118820.887,9755.695,7.587,2047.996,1.250,0.061,5.980,5.820,4.810,278.566,0.000,0.000,0.014,2162.6,5500.0,68.0
2608,2026-05-02T16:07:47.163,1355.826,,11.681,128576.582,118854.926,9721.656,7.561,2047.996,1.250,0.061,5.980,5.820,4.810,274.634,1.253,0.001,0.016,2579.4,5500.0,69.0
2609,2026-05-02T16:07:47.669,1356.332,,11.514,128576.582,118873.574,9703.008,7.546,2047.996,1.250,0.061,5.980,5.820,4.810,275.935,0.000,0.001,0.015,2729.2,5500.0,69.0
2610,2026-05-02T16:07:48.210,1356.873,,13.488,128576.582,118898.445,9678.137,7.527,2047.996,1.250,0.061,5.980,5.820,4.810,276.341,0.209,0.001,0.014,2869.9,5500.0,69.0
2611,2026-05-02T16:07:48.759,1357.422,,10.965,128576.582,118805.703,9770.879,7.599,2047.996,1.250,0.061,5.980,5.820,4.810,275.332,0.000,0.000,0.014,3757.2,5414.0,69.0
2612,2026-05-02T16:07:49.260,1357.924,,9.509,128576.582,118749.086,9827.496,7.643,2047.996,1.250,0.061,5.980,5.820,4.810,279.871,0.000,0.001,0.015,2425.5,5500.0,64.0
2613,2026-05-02T16:07:49.800,1358.463,,8.420,128576.582,118848.051,9728.531,7.566,2047.996,1.250,0.061,5.980,5.820,4.810,275.549,0.000,0.001,0.014,2923.5,5500.0,64.0
2614,2026-05-02T16:07:50.306,1358.969,,7.347,128576.582,118808.504,9768.078,7.597,2047.996,1.250,0.061,5.980,5.820,4.810,279.062,0.000,0.001,0.016,3036.1,5480.3,70.0
2615,2026-05-02T16:07:50.807,1359.471,,9.659,128576.582,118784.625,9791.957,7.616,2047.996,1.250,0.061,5.980,5.820,4.810,276.414,0.140,0.001,0.015,2930.1,5500.0,70.0
2616,2026-05-02T16:07:51.309,1359.972,,9.706,128576.582,118786.961,9789.621,7.614,2047.996,1.250,0.061,5.660,5.750,4.800,278.155,0.000,0.000,0.016,2462.9,5500.0,63.0
2617,2026-05-02T16:07:51.852,1360.516,,9.070,128576.582,118776.918,9799.664,7.622,2047.996,1.250,0.061,5.660,5.750,4.800,275.047,0.000,0.000,0.015,3479.3,5400.0,62.0
2618,2026-05-02T16:07:52.398,1361.061,,7.352,128576.582,118791.027,9785.555,7.611,2047.996,1.250,0.061,5.660,5.750,4.800,274.794,0.000,0.000,0.015,4688.3,5373.3,54.0
2619,2026-05-02T16:07:52.907,1361.571,,13.741,128576.582,118764.973,9811.609,7.631,2047.996,1.250,0.061,5.660,5.750,4.800,278.886,1.388,0.001,0.015,3202.8,5302.5,68.0
2620,2026-05-02T16:07:53.453,1362.116,,9.191,128576.582,118734.062,9842.520,7.655,2047.996,1.250,0.061,5.660,5.750,4.800,275.510,0.036,0.001,0.014,2961.9,5517.5,58.0
2621,2026-05-02T16:07:54.003,1362.666,,10.229,128576.582,118719.102,9857.480,7.667,2047.996,1.250,0.061,5.660,5.750,4.800,273.501,0.000,0.001,0.015,4700.0,5300.1,58.0
2622,2026-05-02T16:07:54.509,1363.172,,9.198,128576.582,118756.625,9819.957,7.637,2047.996,1.250,0.061,5.660,5.750,4.800,279.396,0.000,0.001,0.030,2734.4,5500.0,65.0
2623,2026-05-02T16:07:55.014,1363.678,,13.346,128576.582,118757.902,9818.680,7.636,2047.996,1.250,0.061,5.660,5.750,4.800,274.549,0.000,0.001,0.015,3343.9,5500.0,65.0
2624,2026-05-02T16:07:55.558,1364.221,,12.044,128576.582,118791.945,9784.637,7.610,2047.996,1.250,0.061,5.660,5.750,4.800,283.516,0.115,0.001,0.015,2567.7,5500.0,66.0
2625,2026-05-02T16:07:56.104,1364.767,,12.773,128576.582,118826.598,9749.984,7.583,2047.996,1.250,0.061,5.370,5.690,4.780,270.308,0.000,0.001,0.014,2573.1,5500.0,66.0
2626,2026-05-02T16:07:56.654,1365.318,,11.130,128576.582,118835.070,9741.512,7.576,2047.996,1.250,0.061,5.370,5.690,4.780,278.093,0.000,0.001,0.014,2327.4,5500.0,64.0
2627,2026-05-02T16:07:57.158,1365.821,,10.474,128576.582,118807.027,9769.555,7.598,2047.996,1.250,0.061,5.370,5.690,4.780,279.766,0.000,0.001,0.015,4519.5,5500.0,66.0
2628,2026-05-02T16:07:57.663,1366.326,,14.427,128576.582,118766.895,9809.688,7.629,2047.996,1.250,0.061,5.370,5.690,4.780,275.580,0.000,0.001,0.015,2392.4,5500.0,61.0
2629,2026-05-02T16:07:58.200,1366.863,,12.207,128576.582,118794.051,9782.531,7.608,2047.996,1.250,0.061,5.370,5.690,4.780,277.134,0.364,0.000,0.015,2474.3,5358.8,61.0
2630,2026-05-02T16:07:58.708,1367.371,,16.255,128576.582,118769.367,9807.215,7.628,2047.996,1.250,0.061,5.370,5.690,4.780,279.856,1.276,0.000,0.015,3165.1,5439.6,63.0
2631,2026-05-02T16:07:59.214,1367.877,,17.049,128576.582,118809.023,9767.559,7.597,2047.996,1.250,0.061,5.370,5.690,4.780,280.150,0.000,0.001,0.016,3173.9,5361.3,65.0
2632,2026-05-02T16:07:59.760,1368.424,,15.011,128576.582,118788.398,9788.184,7.613,2047.996,1.250,0.061,5.370,5.690,4.780,274.833,0.000,0.000,0.015,2975.4,5500.0,67.0
2633,2026-05-02T16:08:00.265,1368.928,,15.342,128576.582,118852.801,9723.781,7.563,2047.996,1.250,0.061,5.370,5.690,4.780,276.614,0.000,0.001,0.032,3003.7,5500.0,68.0
2634,2026-05-02T16:08:00.808,1369.471,,13.882,128576.582,118842.934,9733.648,7.570,2047.996,1.250,0.061,5.370,5.690,4.780,275.839,0.144,0.001,0.014,2586.8,5313.2,65.0
2635,2026-05-02T16:08:01.315,1369.978,,14.118,128576.582,118832.613,9743.969,7.578,2047.996,1.250,0.061,5.100,5.630,4.770,275.729,0.000,0.001,0.015,2800.7,5500.0,71.0
2636,2026-05-02T16:08:01.854,1370.518,,14.228,128576.582,118870.949,9705.633,7.549,2047.996,1.250,0.061,5.100,5.630,4.770,277.364,0.000,0.001,0.014,4692.1,5288.0,71.0
2637,2026-05-02T16:08:02.404,1371.067,,13.856,128576.582,118844.715,9731.867,7.569,2047.996,1.250,0.061,5.100,5.630,4.770,274.180,0.000,0.000,0.014,2698.5,5500.0,60.0
2638,2026-05-02T16:08:02.911,1371.574,,11.863,128576.582,118794.840,9781.742,7.608,2047.996,1.250,0.061,5.100,5.630,4.770,276.904,0.154,0.001,0.015,2701.0,5535.9,67.0
2639,2026-05-02T16:08:03.446,1372.109,,12.361,128576.582,118790.453,9786.129,7.611,2047.996,1.250,0.061,5.100,5.630,4.770,275.011,0.007,0.000,0.014,4670.5,5385.2,67.0
2640,2026-05-02T16:08:03.953,1372.616,,10.967,128576.582,118752.980,9823.602,7.640,2047.996,1.250,0.061,5.100,5.630,4.770,274.897,0.000,0.001,0.015,3026.9,5500.0,67.0
2641,2026-05-02T16:08:04.454,1373.118,,10.763,128576.582,118762.938,9813.645,7.633,2047.996,1.250,0.061,5.100,5.630,4.770,280.108,0.000,0.000,0.015,2116.5,5500.0,67.0
2642,2026-05-02T16:08:04.958,1373.622,,17.129,128576.582,118774.582,9802.000,7.623,2047.996,1.250,0.061,5.100,5.630,4.770,274.769,1.201,0.001,0.015,2883.9,5304.9,67.0
2643,2026-05-02T16:08:05.458,1374.122,,17.095,128576.582,118814.148,9762.434,7.593,2047.996,1.250,0.061,5.100,5.630,4.770,274.929,1.625,0.000,0.015,2786.3,5470.2,64.0
2644,2026-05-02T16:08:06.004,1374.668,,9.595,128576.582,118811.262,9765.320,7.595,2047.996,1.250,0.061,4.850,5.570,4.750,280.704,0.129,0.001,0.028,2554.3,5500.0,60.0
2645,2026-05-02T16:08:06.552,1375.215,,8.348,128576.582,118815.727,9760.855,7.591,2047.996,1.250,0.061,4.850,5.570,4.750,274.978,0.000,0.000,0.014,2552.0,5480.7,65.0
2646,2026-05-02T16:08:07.099,1375.763,,8.875,128576.582,118772.664,9803.918,7.625,2047.996,1.250,0.061,4.850,5.570,4.750,277.527,0.000,0.000,0.015,4631.9,5201.5,65.0
2647,2026-05-02T16:08:07.602,1376.265,,11.256,128576.582,118784.957,9791.625,7.615,2047.996,1.250,0.061,4.850,5.570,4.750,277.081,0.132,0.000,0.016,3420.6,5500.0,58.0
2648,2026-05-02T16:08:08.149,1376.812,,15.262,128576.582,118755.891,9820.691,7.638,2047.996,1.250,0.061,4.850,5.570,4.750,276.242,0.000,0.000,0.014,3565.1,5404.7,59.0
2649,2026-05-02T16:08:08.650,1377.313,,9.720,128576.582,118753.199,9823.383,7.640,2047.996,1.250,0.061,4.850,5.570,4.750,275.165,0.101,0.000,0.017,2991.5,5500.0,63.0
2650,2026-05-02T16:08:09.151,1377.814,,11.725,128576.582,118760.035,9816.547,7.635,2047.996,1.250,0.061,4.850,5.570,4.750,274.066,0.000,0.001,0.015,2312.6,5500.0,65.0
2651,2026-05-02T16:08:09.658,1378.322,,12.129,128576.582,118720.848,9855.734,7.665,2047.996,1.250,0.061,4.850,5.570,4.750,275.418,0.000,0.000,0.015,2121.6,5500.0,70.0
2652,2026-05-02T16:08:10.204,1378.867,,10.825,128576.582,118777.020,9799.562,7.622,2047.996,1.250,0.061,4.850,5.570,4.750,279.842,0.000,0.001,0.014,3203.2,5524.7,68.0
2653,2026-05-02T16:08:10.705,1379.368,,12.005,128576.582,118730.773,9845.809,7.658,2047.996,1.250,0.061,4.850,5.570,4.750,274.596,0.000,0.000,0.015,2264.8,5518.5,68.0
2654,2026-05-02T16:08:11.209,1379.872,,13.441,128576.582,118732.234,9844.348,7.656,2047.996,1.250,0.061,4.700,5.520,4.740,275.482,1.032,0.001,0.015,3374.8,5376.2,64.0
2655,2026-05-02T16:08:11.713,1380.377,,17.950,128576.582,118723.074,9853.508,7.664,2047.996,1.250,0.061,4.700,5.520,4.740,278.819,0.000,0.000,0.015,2663.0,5500.0,71.0
2656,2026-05-02T16:08:12.253,1380.916,,14.763,128576.582,118751.996,9824.586,7.641,2047.996,1.250,0.061,4.700,5.520,4.740,264.075,0.000,0.001,0.014,2212.6,5500.0,72.0
2657,2026-05-02T16:08:12.766,1381.429,,17.003,128576.582,118770.074,9806.508,7.627,2047.996,1.250,0.061,4.700,5.520,4.740,273.100,0.122,0.000,0.015,3296.0,5552.4,72.0
2658,2026-05-02T16:08:13.309,1381.973,,16.895,128576.582,118735.527,9841.055,7.654,2047.996,1.250,0.061,4.700,5.520,4.740,253.777,0.000,0.000,0.014,2941.7,5500.0,69.0
2659,2026-05-02T16:08:13.811,1382.475,,14.132,128576.582,118702.805,9873.777,7.679,2047.996,1.250,0.061,4.700,5.520,4.740,275.398,0.000,0.001,0.016,2803.1,5500.0,70.0
2660,2026-05-02T16:08:14.352,1383.015,,15.201,128576.582,118761.605,9814.977,7.634,2047.996,1.250,0.061,4.700,5.520,4.740,274.270,0.000,0.000,0.014,2313.6,5341.1,70.0
2661,2026-05-02T16:08:14.854,1383.518,,12.484,128576.582,118738.867,9837.715,7.651,2047.996,1.250,0.061,4.700,5.520,4.740,278.161,0.000,0.001,0.015,4690.4,5300.1,62.0
2662,2026-05-02T16:08:15.360,1384.024,,16.615,128576.582,118743.199,9833.383,7.648,2047.996,1.250,0.061,4.700,5.520,4.740,276.650,0.000,0.001,0.016,2295.0,5500.0,71.0
2663,2026-05-02T16:08:15.911,1384.574,,14.563,128576.582,118753.191,9823.391,7.640,2047.996,1.250,0.061,4.700,5.520,4.740,274.040,0.000,0.001,0.015,2858.9,5500.0,71.0
2664,2026-05-02T16:08:16.415,1385.078,,16.820,128576.582,118751.539,9825.043,7.641,2047.996,1.250,0.061,4.720,5.520,4.740,276.007,0.139,0.000,0.017,3166.2,5533.9,71.0
2665,2026-05-02T16:08:16.962,1385.625,,16.401,128576.582,118776.395,9800.188,7.622,2047.996,1.250,0.061,4.720,5.520,4.740,276.615,1.143,0.001,0.014,2576.9,5412.3,71.0
2666,2026-05-02T16:08:17.462,1386.125,,15.303,128576.582,118801.250,9775.332,7.603,2047.996,1.250,0.061,4.720,5.520,4.740,275.841,0.000,0.000,0.015,2701.1,5500.1,74.0
2667,2026-05-02T16:08:18.003,1386.666,,25.058,128576.582,118766.824,9809.758,7.630,2047.996,1.250,0.061,4.720,5.520,4.740,276.258,0.123,0.001,0.028,2172.1,5500.0,74.0
2668,2026-05-02T16:08:18.505,1387.168,,13.425,128576.582,118751.109,9825.473,7.642,2047.996,1.250,0.061,4.720,5.520,4.740,279.190,0.101,0.000,0.015,2607.1,5500.0,69.0
2669,2026-05-02T16:08:19.054,1387.717,,16.714,128576.582,118768.527,9808.055,7.628,2047.996,1.250,0.061,4.720,5.520,4.740,275.009,0.000,0.001,0.014,2410.1,5462.3,69.0
2670,2026-05-02T16:08:19.604,1388.267,,12.442,128576.582,118770.941,9805.641,7.626,2047.996,1.250,0.061,4.720,5.520,4.740,277.855,0.000,0.000,0.014,1725.0,5500.1,66.0
2671,2026-05-02T16:08:20.152,1388.815,,12.298,128576.582,118756.543,9820.039,7.638,2047.996,1.250,0.061,4.720,5.520,4.740,248.084,0.000,0.001,0.014,3034.4,5500.0,66.0
2672,2026-05-02T16:08:20.653,1389.316,,14.798,128576.582,118786.070,9790.512,7.615,2047.996,1.250,0.061,4.720,5.520,4.740,251.297,0.000,0.000,0.015,3015.1,5464.4,64.0
2673,2026-05-02T16:08:21.156,1389.819,,15.916,128576.582,118775.465,9801.117,7.623,2047.996,1.250,0.061,4.590,5.470,4.730,249.496,0.132,0.001,0.015,2996.6,5547.0,65.0
2674,2026-05-02T16:08:21.659,1390.322,,16.248,128576.582,118777.480,9799.102,7.621,2047.996,1.250,0.061,4.590,5.470,4.730,275.521,0.000,0.000,0.015,3063.6,5400.0,69.0
2675,2026-05-02T16:08:22.159,1390.822,,14.566,128576.582,118761.469,9815.113,7.634,2047.996,1.250,0.061,4.590,5.470,4.730,243.290,0.000,0.001,0.016,2962.2,5500.0,69.0
2676,2026-05-02T16:08:22.659,1391.322,,13.734,128576.582,118783.121,9793.461,7.617,2047.996,1.250,0.061,4.590,5.470,4.730,260.026,1.430,0.001,0.015,2885.1,5515.4,71.0
2677,2026-05-02T16:08:23.203,1391.867,,13.971,128576.582,118817.273,9759.309,7.590,2047.996,1.250,0.061,4.590,5.470,4.730,250.383,0.029,0.001,0.015,2161.9,5338.5,67.0
2678,2026-05-02T16:08:23.753,1392.416,,12.872,128576.582,118794.762,9781.820,7.608,2047.996,1.250,0.061,4.590,5.470,4.730,239.570,0.000,0.001,0.015,1761.0,5500.0,59.0
2679,2026-05-02T16:08:24.253,1392.916,,9.034,128576.582,118764.820,9811.762,7.631,2047.996,1.250,0.061,4.590,5.470,4.730,214.623,0.000,0.001,0.017,2351.5,5525.2,66.0
2680,2026-05-02T16:08:24.800,1393.463,,10.694,128576.582,118800.434,9776.148,7.603,2047.996,1.250,0.061,4.590,5.470,4.730,224.265,0.000,0.001,0.014,2647.8,5460.5,66.0
2681,2026-05-02T16:08:25.300,1393.964,,8.858,128576.582,118823.902,9752.680,7.585,2047.996,1.250,0.061,4.590,5.470,4.730,230.984,0.000,0.000,0.015,2416.2,5556.1,64.0
2682,2026-05-02T16:08:25.804,1394.467,,17.177,128576.582,118810.406,9766.176,7.596,2047.996,1.250,0.061,4.590,5.470,4.730,247.431,0.000,0.001,0.015,4650.0,5200.1,64.0
2683,2026-05-02T16:08:26.350,1395.013,,12.005,128576.582,118783.930,9792.652,7.616,2047.996,1.250,0.061,4.380,5.420,4.720,259.851,0.129,0.000,0.014,2640.2,5500.0,69.0
2684,2026-05-02T16:08:26.853,1395.516,,10.573,128576.582,118776.102,9800.480,7.622,2047.996,1.250,0.061,4.380,5.420,4.720,253.015,0.000,0.001,0.015,2584.2,5537.4,69.0
2685,2026-05-02T16:08:27.355,1396.018,,13.789,128576.582,118735.809,9840.773,7.654,2047.996,1.250,0.061,4.380,5.420,4.720,243.693,0.000,0.001,0.015,3072.5,5500.0,65.0
2686,2026-05-02T16:08:27.855,1396.519,,14.134,128576.582,118762.605,9813.977,7.633,2047.996,1.250,0.061,4.380,5.420,4.720,244.448,0.382,0.001,0.015,2574.1,5500.0,65.0
2687,2026-05-02T16:08:28.403,1397.066,,16.946,128576.582,118760.023,9816.559,7.635,2047.996,1.250,0.061,4.380,5.420,4.720,245.285,0.000,0.001,0.014,2974.3,5500.0,57.0
2688,2026-05-02T16:08:28.907,1397.570,,14.215,128576.582,118746.559,9830.023,7.645,2047.996,1.250,0.061,4.380,5.420,4.720,221.834,1.264,0.001,0.015,2347.6,5544.4,54.0
2689,2026-05-02T16:08:29.407,1398.070,,11.809,128576.582,118721.355,9855.227,7.665,2047.996,1.250,0.061,4.380,5.420,4.720,202.904,0.000,0.000,0.015,2441.6,5500.0,69.0
2690,2026-05-02T16:08:29.908,1398.571,,16.374,128576.582,118779.648,9796.934,7.620,2047.996,1.250,0.061,4.380,5.420,4.720,248.611,0.000,0.001,0.015,3133.8,5430.5,69.0
2691,2026-05-02T16:08:30.411,1399.074,,17.261,128576.582,118764.938,9811.645,7.631,2047.996,1.250,0.061,4.380,5.420,4.720,227.013,0.000,0.001,0.015,2371.1,5535.5,70.0
2692,2026-05-02T16:08:30.960,1399.623,,18.067,128576.582,118730.711,9845.871,7.658,2047.996,1.250,0.061,4.380,5.420,4.720,239.520,0.000,0.001,0.015,2993.1,5500.7,70.0
2693,2026-05-02T16:08:31.506,1400.169,,16.304,128576.582,118701.891,9874.691,7.680,2047.996,1.250,0.061,4.350,5.390,4.710,247.049,0.129,0.000,0.028,3256.3,5480.1,68.0
2694,2026-05-02T16:08:32.052,1400.716,,11.298,128576.582,118734.473,9842.109,7.655,2047.996,1.250,0.061,4.350,5.390,4.710,225.821,0.000,0.001,0.014,2312.6,5500.0,69.0
2695,2026-05-02T16:08:32.602,1401.265,,11.552,128576.582,118726.594,9849.988,7.661,2047.996,1.250,0.061,4.350,5.390,4.710,211.306,0.000,0.000,0.015,2255.1,5500.0,69.0
2696,2026-05-02T16:08:33.104,1401.767,,11.878,128576.582,118718.781,9857.801,7.667,2047.996,1.250,0.061,4.350,5.390,4.710,205.997,0.155,0.000,0.015,2632.1,5500.0,57.0
2697,2026-05-02T16:08:33.651,1402.314,,13.345,128576.582,118706.438,9870.145,7.676,2047.996,1.250,0.061,4.350,5.390,4.710,236.838,0.000,0.000,0.014,4346.4,5312.8,60.0
2698,2026-05-02T16:08:34.156,1402.819,,15.461,128576.582,118700.180,9876.402,7.681,2047.996,1.250,0.061,4.350,5.390,4.710,227.618,0.000,0.001,0.015,2696.1,5500.0,65.0
2699,2026-05-02T16:08:34.656,1403.319,,11.934,128576.582,118707.066,9869.516,7.676,2047.996,1.250,0.061,4.350,5.390,4.710,238.459,1.258,0.001,0.015,2315.3,5298.1,65.0
2700,2026-05-02T16:08:35.160,1403.823,,19.257,128576.582,118733.773,9842.809,7.655,2047.996,1.250,0.061,4.350,5.390,4.710,237.815,0.000,0.001,0.015,2820.5,5521.1,64.0
2701,2026-05-02T16:08:35.704,1404.367,,14.767,128576.582,118739.504,9837.078,7.651,2047.996,1.250,0.061,4.350,5.390,4.710,231.880,0.000,0.000,0.014,2951.7,5500.0,64.0
2702,2026-05-02T16:08:36.205,1404.868,,18.301,128576.582,118771.141,9805.441,7.626,2047.996,1.250,0.061,4.320,5.370,4.710,252.623,0.000,0.001,0.015,2781.0,5535.9,74.0
2703,2026-05-02T16:08:36.752,1405.415,,17.332,128576.582,118734.055,9842.527,7.655,2047.996,1.250,0.061,4.320,5.370,4.710,251.678,0.121,0.000,0.014,2771.4,5381.8,74.0
2704,2026-05-02T16:08:37.254,1405.917,,13.577,128576.582,118717.781,9858.801,7.668,2047.996,1.250,0.061,4.320,5.370,4.710,277.397,0.000,0.001,0.015,2143.3,5527.9,69.0
2705,2026-05-02T16:08:37.756,1406.419,,13.763,128576.582,118767.344,9809.238,7.629,2047.996,1.250,0.061,4.320,5.370,4.710,261.710,0.000,0.001,0.015,3083.4,5500.0,64.0
2706,2026-05-02T16:08:38.259,1406.922,,13.329,128576.582,118798.402,9778.180,7.605,2047.996,1.250,0.061,4.320,5.370,4.710,243.689,0.256,0.001,0.015,2441.5,5496.2,67.0
2707,2026-05-02T16:08:38.803,1407.466,,13.941,128576.582,118851.555,9725.027,7.564,2047.996,1.250,0.061,4.320,5.370,4.710,248.258,0.000,0.001,0.014,2689.4,5500.0,67.0
2708,2026-05-02T16:08:39.352,1408.015,,13.662,128576.582,118817.965,9758.617,7.590,2047.996,1.250,0.061,4.320,5.370,4.710,266.495,0.000,0.000,0.015,2555.5,5500.0,58.0
2709,2026-05-02T16:08:39.901,1408.565,,15.872,128576.582,118816.812,9759.770,7.591,2047.996,1.250,0.061,4.320,5.370,4.710,256.579,0.000,0.001,0.015,2187.0,5504.3,57.0
2710,2026-05-02T16:08:40.404,1409.067,,14.708,128576.582,118861.133,9715.449,7.556,2047.996,1.250,0.061,4.320,5.370,4.710,241.724,0.000,0.000,0.017,2030.0,4934.1,51.0
2711,2026-05-02T16:08:40.951,1409.614,,13.241,128576.582,118816.246,9760.336,7.591,2047.996,1.250,0.061,4.320,5.370,4.710,234.521,1.178,0.001,0.014,4695.2,5300.1,60.0
2712,2026-05-02T16:08:41.499,1410.162,,16.181,128576.582,118814.816,9761.766,7.592,2047.996,1.250,0.061,6.940,5.890,4.880,226.422,0.000,0.000,0.028,2713.9,5482.0,56.0
2713,2026-05-02T16:08:42.000,1410.664,,11.491,128576.582,118801.125,9775.457,7.603,2047.996,1.250,0.061,6.940,5.890,4.880,244.609,0.148,0.001,0.015,2321.8,5500.0,64.0
2714,2026-05-02T16:08:42.501,1411.164,,9.194,128576.582,118783.531,9793.051,7.617,2047.996,1.250,0.061,6.940,5.890,4.880,243.145,0.000,0.000,0.015,2831.3,5500.0,64.0
2715,2026-05-02T16:08:43.004,1411.667,,11.914,128576.582,118788.754,9787.828,7.612,2047.996,1.250,0.061,6.940,5.890,4.880,263.858,0.132,0.001,0.015,2693.4,5500.0,60.0
2716,2026-05-02T16:08:43.513,1412.176,,11.936,128576.582,118743.008,9833.574,7.648,2047.996,1.250,0.061,6.940,5.890,4.880,278.869,0.000,0.000,0.015,2384.8,5500.0,70.0
2717,2026-05-02T16:08:44.017,1412.681,,16.022,128576.582,118736.586,9839.996,7.653,2047.996,1.250,0.061,6.940,5.890,4.880,276.239,0.000,0.001,0.015,2806.2,5500.0,73.0
2718,2026-05-02T16:08:44.520,1413.183,,33.292,128576.582,118713.969,9862.613,7.671,2047.996,1.250,0.061,6.940,5.890,4.880,258.786,0.000,0.001,0.015,3571.1,5500.0,63.0
2719,2026-05-02T16:08:45.060,1413.724,,27.826,128576.582,118717.996,9858.586,7.667,2047.996,1.250,0.061,6.940,5.890,4.880,270.078,0.000,0.001,0.014,2815.2,5500.0,64.0
2720,2026-05-02T16:08:45.571,1414.234,,24.119,128576.582,118759.180,9817.402,7.635,2047.996,1.250,0.061,6.940,5.890,4.880,243.782,2.378,0.001,0.015,1904.6,5500.0,58.0
2721,2026-05-02T16:08:46.109,1414.772,,28.645,128576.582,118796.738,9779.844,7.606,2047.996,1.250,0.061,6.620,5.850,4.870,252.452,0.000,0.001,0.014,2928.3,5500.0,64.0
2722,2026-05-02T16:08:46.612,1415.275,,12.040,128576.582,118755.031,9821.551,7.639,2047.996,1.250,0.061,6.620,5.850,4.870,241.398,0.000,0.001,0.015,2698.7,5500.0,70.0
2723,2026-05-02T16:08:47.155,1415.818,,10.381,128576.582,118764.020,9812.562,7.632,2047.996,1.250,0.061,6.620,5.850,4.870,244.881,0.122,0.001,0.015,2387.5,5500.0,70.0
2724,2026-05-02T16:08:47.700,1416.364,,13.076,128576.582,118761.023,9815.559,7.634,2047.996,1.250,0.061,6.620,5.850,4.870,234.766,0.122,0.001,0.015,4650.0,5200.1,56.0
2725,2026-05-02T16:08:48.207,1416.870,,11.674,128576.582,118825.027,9751.555,7.584,2047.996,1.250,0.061,6.620,5.850,4.870,209.212,0.000,0.001,0.016,3036.4,5500.0,56.0
2726,2026-05-02T16:08:48.708,1417.371,,13.245,128576.582,118765.492,9811.090,7.631,2047.996,1.250,0.061,6.620,5.850,4.870,224.605,0.070,0.001,0.016,2576.3,5337.2,51.0
2727,2026-05-02T16:08:49.252,1417.915,,13.691,128576.582,118756.164,9820.418,7.638,2047.996,1.250,0.061,6.620,5.850,4.870,234.529,0.000,0.001,0.014,2662.3,5500.0,65.0
2728,2026-05-02T16:08:49.752,1418.415,,14.573,128576.582,118749.309,9827.273,7.643,2047.996,1.250,0.061,6.620,5.850,4.870,236.778,0.000,0.000,0.015,3025.6,5464.2,65.0
2729,2026-05-02T16:08:50.259,1418.922,,21.099,128576.582,118766.785,9809.797,7.630,2047.996,1.250,0.061,6.620,5.850,4.870,225.041,0.000,0.001,0.015,2623.2,5499.1,65.0
2730,2026-05-02T16:08:50.769,1419.432,,13.488,128576.582,118744.434,9832.148,7.647,2047.996,1.250,0.061,6.620,5.850,4.870,181.937,0.000,0.001,0.015,2432.0,5323.9,57.0
2731,2026-05-02T16:08:51.298,1419.961,,12.625,128576.582,118750.438,9826.145,7.642,2047.996,1.250,0.061,6.330,5.800,4.860,186.426,0.000,0.001,0.014,2305.0,5500.0,68.0
2732,2026-05-02T16:08:51.798,1420.461,,8.453,128576.582,118768.250,9808.332,7.628,2047.996,1.250,0.061,6.330,5.800,4.860,190.091,0.000,0.001,0.015,2411.7,5500.0,62.0
2733,2026-05-02T16:08:52.298,1420.961,,8.423,128576.582,118802.543,9774.039,7.602,2047.996,1.250,0.061,6.330,5.800,4.860,229.860,1.445,0.000,0.015,2426.9,5500.0,62.0
2734,2026-05-02T16:08:52.800,1421.463,,11.604,128576.582,118781.773,9794.809,7.618,2047.996,1.250,0.061,6.330,5.800,4.860,251.863,0.140,0.001,0.015,4694.4,5300.1,59.0
2735,2026-05-02T16:08:53.305,1421.968,,27.514,128576.582,118741.980,9834.602,7.649,2047.996,1.250,0.061,6.330,5.800,4.860,260.876,0.039,0.000,0.015,2263.7,5293.8,59.0
2736,2026-05-02T16:08:53.805,1422.468,,9.166,128576.582,118763.355,9813.227,7.632,2047.996,1.250,0.061,6.330,5.800,4.860,273.978,0.000,0.001,0.016,2697.6,5500.0,70.0
2737,2026-05-02T16:08:54.305,1422.968,,16.030,128576.582,118803.570,9773.012,7.601,2047.996,1.250,0.061,6.330,5.800,4.860,239.985,0.000,0.000,0.015,2468.3,5500.0,72.0
2738,2026-05-02T16:08:54.805,1423.468,,12.642,128576.582,118826.566,9750.016,7.583,2047.996,1.250,0.061,6.330,5.800,4.860,275.401,0.000,0.001,0.016,2478.5,5500.0,70.0
2739,2026-05-02T16:08:55.347,1424.011,,14.154,128576.582,118809.875,9766.707,7.596,2047.996,1.250,0.061,6.330,5.800,4.860,256.743,0.000,0.000,0.015,4705.1,5334.2,64.0
2740,2026-05-02T16:08:55.858,1424.521,,13.297,128576.582,118810.301,9766.281,7.596,2047.996,1.250,0.061,6.330,5.800,4.860,266.201,0.000,0.000,0.016,2390.2,5500.0,71.0
2741,2026-05-02T16:08:56.360,1425.024,,13.525,128576.582,118829.168,9747.414,7.581,2047.996,1.250,0.061,6.300,5.800,4.870,263.776,0.000,0.001,0.017,2512.3,5500.0,71.0
2742,2026-05-02T16:08:56.903,1425.566,,15.811,128576.582,118817.727,9758.855,7.590,2047.996,1.250,0.061,6.300,5.800,4.870,249.349,0.000,0.001,0.014,2458.8,5551.4,60.0
2743,2026-05-02T16:08:57.451,1426.115,,15.587,128576.582,118801.145,9775.438,7.603,2047.996,1.250,0.061,6.300,5.800,4.870,189.945,0.121,0.001,0.014,4650.0,5200.1,60.0
2744,2026-05-02T16:08:57.952,1426.615,,22.346,128576.582,118798.020,9778.562,7.605,2047.996,1.250,0.061,6.300,5.800,4.870,219.864,0.203,0.001,0.015,3892.3,5500.0,65.0
2745,2026-05-02T16:08:58.453,1427.116,,13.873,128576.582,118799.980,9776.602,7.604,2047.996,1.250,0.061,6.300,5.800,4.870,235.441,0.000,0.001,0.015,2195.6,5535.3,65.0
2746,2026-05-02T16:08:59.002,1427.665,,17.943,128576.582,118762.773,9813.809,7.633,2047.996,1.250,0.061,6.300,5.800,4.870,262.596,1.182,0.001,0.028,4649.8,5200.1,64.0
2747,2026-05-02T16:08:59.508,1428.171,,20.883,128576.582,118785.539,9791.043,7.615,2047.996,1.250,0.061,6.300,5.800,4.870,257.537,0.000,0.000,0.015,2489.9,5477.8,61.0
2748,2026-05-02T16:09:00.009,1428.672,,15.394,128576.582,118764.457,9812.125,7.631,2047.996,1.250,0.061,6.300,5.800,4.870,221.221,0.000,0.000,0.015,2674.5,5377.8,70.0
2749,2026-05-02T16:09:00.510,1429.173,,16.403,128576.582,118797.754,9778.828,7.605,2047.996,1.250,0.061,6.300,5.800,4.870,274.662,0.000,0.001,0.030,2736.1,5500.0,70.0
2750,2026-05-02T16:09:01.053,1429.716,,16.037,128576.582,118759.531,9817.051,7.635,2047.996,1.250,0.061,6.280,5.800,4.880,242.633,0.000,0.001,0.014,2428.4,5544.4,65.0
2751,2026-05-02T16:09:01.600,1430.263,,14.090,128576.582,118760.387,9816.195,7.635,2047.996,1.250,0.061,6.280,5.800,4.880,216.452,0.000,0.000,0.014,2304.1,5500.0,65.0
2752,2026-05-02T16:09:02.148,1430.811,,9.914,128576.582,118761.582,9815.000,7.634,2047.996,1.250,0.061,6.280,5.800,4.880,220.421,0.121,0.001,0.014,1959.4,5500.0,59.0
2753,2026-05-02T16:09:02.651,1431.314,,11.445,128576.582,118798.277,9778.305,7.605,2047.996,1.250,0.061,6.280,5.800,4.880,236.962,0.326,0.000,0.015,2930.2,5375.0,64.0
2754,2026-05-02T16:09:03.158,1431.821,,11.906,128576.582,118790.684,9785.898,7.611,2047.996,1.250,0.061,6.280,5.800,4.880,206.409,0.000,0.001,0.016,3154.3,5500.1,58.0
2755,2026-05-02T16:09:03.659,1432.323,,11.838,128576.582,118780.457,9796.125,7.619,2047.996,1.250,0.061,6.280,5.800,4.880,231.032,0.000,0.001,0.016,2262.6,5300.2,58.0
2756,2026-05-02T16:09:04.207,1432.871,,12.885,128576.582,118774.621,9801.961,7.623,2047.996,1.250,0.061,6.280,5.800,4.880,216.426,0.000,0.001,0.015,2617.8,5465.7,63.0
2757,2026-05-02T16:09:04.746,1433.409,,14.176,128576.582,118797.859,9778.723,7.605,2047.996,1.250,0.061,6.280,5.800,4.880,273.530,1.211,0.000,0.015,2701.8,5500.0,68.0
2758,2026-05-02T16:09:05.255,1433.918,,20.122,128576.582,118789.801,9786.781,7.612,2047.996,1.250,0.061,6.280,5.800,4.880,267.430,0.000,0.001,0.015,2115.5,5500.0,68.0
2759,2026-05-02T16:09:05.759,1434.423,,12.110,128576.582,118759.363,9817.219,7.635,2047.996,1.250,0.061,6.280,5.800,4.880,241.738,0.000,0.000,0.015,3153.8,5368.1,70.0
2760,2026-05-02T16:09:06.306,1434.969,,26.007,128576.582,118748.871,9827.711,7.643,2047.996,1.250,0.061,6.180,5.790,4.880,245.722,0.000,0.001,0.014,2251.2,5540.4,52.0
2761,2026-05-02T16:09:06.811,1435.474,,22.063,128576.582,118752.699,9823.883,7.640,2047.996,1.250,0.061,6.180,5.790,4.880,256.280,0.000,0.001,0.015,4650.0,5200.1,66.0
2762,2026-05-02T16:09:07.317,1435.980,,32.658,128576.582,118799.215,9777.367,7.604,2047.996,1.250,0.061,6.180,5.790,4.880,257.387,0.155,0.000,0.015,2541.1,5500.0,69.0
2763,2026-05-02T16:09:07.864,1436.528,,21.022,128576.582,118862.840,9713.742,7.555,2047.996,1.250,0.061,6.180,5.790,4.880,268.488,0.121,0.001,0.014,2790.7,5500.5,71.0
2764,2026-05-02T16:09:08.375,1437.038,,41.631,128576.582,118820.887,9755.695,7.587,2047.996,1.250,0.061,6.180,5.790,4.880,275.383,0.000,0.000,0.015,2437.1,5365.4,83.0
2765,2026-05-02T16:09:08.902,1437.565,,16.357,128576.582,118806.641,9769.941,7.599,2047.996,1.250,0.061,6.180,5.790,4.880,277.003,0.000,0.001,0.015,3070.6,5500.0,83.0
2766,2026-05-02T16:09:09.413,1438.076,,10.774,128576.582,118856.625,9719.957,7.560,2047.996,1.250,0.061,6.180,5.790,4.880,258.018,0.000,0.000,0.015,1639.1,5500.0,71.0
2767,2026-05-02T16:09:09.920,1438.583,,15.888,128576.582,118826.199,9750.383,7.583,2047.996,1.250,0.061,6.180,5.790,4.880,210.961,0.000,0.000,0.015,3787.9,5500.0,74.0
2768,2026-05-02T16:09:10.453,1439.116,,17.733,128576.582,118812.871,9763.711,7.594,2047.996,1.250,0.061,6.180,5.790,4.880,204.471,0.000,0.000,0.014,2488.1,5500.0,71.0
2769,2026-05-02T16:09:10.953,1439.616,,10.451,128576.582,118808.965,9767.617,7.597,2047.996,1.250,0.061,6.180,5.790,4.880,183.496,1.219,0.001,0.016,2695.3,5500.0,71.0
2770,2026-05-02T16:09:11.497,1440.160,,11.008,128576.582,118844.473,9732.109,7.569,2047.996,1.250,0.061,6.000,5.760,4.870,182.930,0.000,0.000,0.015,2758.9,5518.8,67.0
2771,2026-05-02T16:09:11.997,1440.660,,7.323,128576.582,118833.816,9742.766,7.577,2047.996,1.250,0.061,6.000,5.760,4.870,163.342,0.000,0.001,0.016,2574.9,5480.7,62.0
2772,2026-05-02T16:09:12.542,1441.205,,7.401,128576.582,118845.617,9730.965,7.568,2047.996,1.250,0.061,6.000,5.760,4.870,171.828,0.122,0.001,0.029,2759.3,5543.3,60.0
2773,2026-05-02T16:09:13.043,1441.706,,5.772,128576.582,118808.199,9768.383,7.597,2047.996,1.250,0.061,6.000,5.760,4.870,168.556,0.226,0.001,0.015,1808.4,5343.2,60.0
2774,2026-05-02T16:09:13.593,1442.256,,5.862,128576.582,118830.340,9746.242,7.580,2047.996,1.250,0.061,6.000,5.760,4.870,162.023,0.000,0.000,0.014,2108.0,5378.7,60.0
2775,2026-05-02T16:09:14.096,1442.759,,6.017,128576.582,118834.387,9742.195,7.577,2047.996,1.250,0.061,6.000,5.760,4.870,160.792,0.000,0.001,0.015,2351.2,5500.0,58.0
2776,2026-05-02T16:09:14.645,1443.308,,8.571,128576.582,118819.254,9757.328,7.589,2047.996,1.250,0.061,6.000,5.760,4.870,136.328,0.000,0.000,0.014,2260.8,5500.0,60.0
2777,2026-05-02T16:09:15.195,1443.858,,6.967,128576.582,118799.445,9777.137,7.604,2047.996,1.250,0.061,6.000,5.760,4.870,173.062,0.000,0.001,0.015,2682.7,5500.1,60.0
2778,2026-05-02T16:09:15.697,1444.360,,8.047,128576.582,118797.621,9778.961,7.606,2047.996,1.250,0.061,6.000,5.760,4.870,179.276,0.000,0.001,0.015,2159.2,5500.0,68.0
2779,2026-05-02T16:09:16.243,1444.906,,8.619,128576.582,118796.414,9780.168,7.606,2047.996,1.250,0.061,5.920,5.750,4.870,224.639,0.000,0.001,0.014,4539.3,5374.4,68.0
2780,2026-05-02T16:09:16.748,1445.411,,14.118,128576.582,118801.293,9775.289,7.603,2047.996,1.250,0.061,5.920,5.750,4.870,203.777,1.253,0.000,0.015,2276.7,5462.5,64.0
2781,2026-05-02T16:09:17.298,1445.961,,7.126,128576.582,118808.312,9768.270,7.597,2047.996,1.250,0.061,5.920,5.750,4.870,199.972,0.000,0.001,0.014,4007.6,5500.0,64.0
2782,2026-05-02T16:09:17.798,1446.461,,9.410,128576.582,118823.965,9752.617,7.585,2047.996,1.250,0.061,5.920,5.750,4.870,223.893,0.273,0.001,0.016,2741.2,5500.0,68.0
2783,2026-05-02T16:09:18.300,1446.963,,9.114,128576.582,118813.199,9763.383,7.593,2047.996,1.250,0.061,5.920,5.750,4.870,228.064,0.000,0.000,0.015,3848.5,5500.0,68.0
2784,2026-05-02T16:09:18.845,1447.508,,7.272,128576.582,118782.906,9793.676,7.617,2047.996,1.250,0.061,5.920,5.750,4.870,234.484,0.000,0.001,0.014,2149.3,5323.0,61.0
2785,2026-05-02T16:09:19.352,1448.015,,8.511,128576.582,118764.254,9812.328,7.632,2047.996,1.250,0.061,5.920,5.750,4.870,227.781,0.000,0.000,0.016,3075.0,5385.9,67.0
2786,2026-05-02T16:09:19.891,1448.554,,9.477,128576.582,118771.492,9805.090,7.626,2047.996,1.250,0.061,5.920,5.750,4.870,232.278,0.000,0.001,0.015,2084.3,5576.4,67.0
2787,2026-05-02T16:09:20.404,1449.067,,10.061,128576.582,118794.059,9782.523,7.608,2047.996,1.250,0.061,5.920,5.750,4.870,250.024,0.000,0.000,0.016,2570.5,5439.5,65.0
2788,2026-05-02T16:09:20.904,1449.567,,8.190,128576.582,118799.750,9776.832,7.604,2047.996,1.250,0.061,5.920,5.750,4.870,209.616,0.000,0.001,0.015,2313.2,5500.0,65.0
2789,2026-05-02T16:09:21.404,1450.068,,9.114,128576.582,118797.570,9779.012,7.606,2047.996,1.250,0.061,5.770,5.720,4.870,213.497,0.000,0.000,0.015,2822.6,5500.0,65.0
2790,2026-05-02T16:09:21.904,1450.568,,8.438,128576.582,118793.211,9783.371,7.609,2047.996,1.250,0.061,5.770,5.720,4.870,235.105,0.000,0.001,0.015,3160.4,5403.5,63.0
2791,2026-05-02T16:09:22.445,1451.108,,9.101,128576.582,118775.605,9800.977,7.623,2047.996,1.250,0.061,5.770,5.720,4.870,258.676,0.000,0.000,0.014,2305.6,5537.9,62.0
2792,2026-05-02T16:09:22.952,1451.615,,8.566,128576.582,118763.504,9813.078,7.632,2047.996,1.250,0.061,5.770,5.720,4.870,214.508,1.535,0.001,0.015,2501.5,5500.0,62.0
2793,2026-05-02T16:09:23.500,1452.164,,9.540,128576.582,118780.980,9795.602,7.618,2047.996,1.250,0.061,5.770,5.720,4.870,225.469,0.114,0.000,0.027,2215.7,5460.4,48.0
2794,2026-05-02T16:09:24.001,1452.665,,9.820,128576.582,118809.238,9767.344,7.597,2047.996,1.250,0.061,5.770,5.720,4.870,228.043,0.000,0.001,0.015,3201.2,5485.6,69.0
2795,2026-05-02T16:09:24.504,1453.167,,12.121,128576.582,118804.234,9772.348,7.600,2047.996,1.250,0.061,5.770,5.720,4.870,213.460,0.000,0.000,0.015,2590.2,5500.0,69.0
2796,2026-05-02T16:09:25.005,1453.668,,8.587,128576.582,118800.926,9775.656,7.603,2047.996,1.250,0.061,5.770,5.720,4.870,230.675,0.000,0.001,0.015,3350.0,5500.0,65.0
2797,2026-05-02T16:09:25.510,1454.173,,13.815,128576.582,118796.895,9779.688,7.606,2047.996,1.250,0.061,5.770,5.720,4.870,215.585,2.051,0.000,0.015,2131.8,5525.5,59.0
2798,2026-05-02T16:09:26.056,1454.719,,14.327,128576.582,118808.621,9767.961,7.597,2047.996,1.250,0.061,5.550,5.670,4.860,213.036,0.000,0.001,0.014,2964.3,5497.7,70.0
2799,2026-05-02T16:09:26.604,1455.267,,9.707,128576.582,118806.242,9770.340,7.599,2047.996,1.250,0.061,5.550,5.670,4.860,232.699,0.000,0.001,0.014,2568.9,5483.2,70.0
2800,2026-05-02T16:09:27.109,1455.773,,17.853,128576.582,118811.449,9765.133,7.595,2047.996,1.250,0.061,5.550,5.670,4.860,214.766,0.000,0.001,0.016,2518.2,5383.3,70.0
2801,2026-05-02T16:09:27.657,1456.320,,9.914,128576.582,118796.707,9779.875,7.606,2047.996,1.250,0.061,5.550,5.670,4.860,242.104,0.100,0.000,0.015,2325.3,5048.8,70.0
2802,2026-05-02T16:09:28.157,1456.821,,12.720,128576.582,118796.699,9779.883,7.606,2047.996,1.250,0.061,5.550,5.670,4.860,237.640,0.125,0.001,0.015,2722.7,5500.0,72.0
2803,2026-05-02T16:09:28.707,1457.370,,14.213,128576.582,118774.152,9802.430,7.624,2047.996,1.250,0.061,5.550,5.670,4.860,248.554,0.483,0.001,0.015,2001.8,5500.0,72.0
2804,2026-05-02T16:09:29.207,1457.870,,12.681,128576.582,118792.668,9783.914,7.609,2047.996,1.250,0.061,5.550,5.670,4.860,230.402,0.000,0.001,0.016,2638.6,5500.0,71.0
2805,2026-05-02T16:09:29.757,1458.420,,11.563,128576.582,118796.941,9779.641,7.606,2047.996,1.250,0.061,5.550,5.670,4.860,270.153,0.000,0.001,0.014,2298.2,5525.1,71.0
2806,2026-05-02T16:09:30.305,1458.968,,9.603,128576.582,118785.355,9791.227,7.615,2047.996,1.250,0.061,5.550,5.670,4.860,256.872,0.000,0.001,0.014,3609.1,5498.2,70.0
2807,2026-05-02T16:09:30.855,1459.518,,8.076,128576.582,118793.141,9783.441,7.609,2047.996,1.250,0.061,5.550,5.670,4.860,229.917,0.043,0.001,0.014,3464.8,5500.0,70.0
2808,2026-05-02T16:09:31.358,1460.021,,7.382,128576.582,118810.129,9766.453,7.596,2047.996,1.250,0.061,5.420,5.650,4.850,223.366,0.000,0.000,0.015,2137.1,5550.0,69.0
2809,2026-05-02T16:09:31.892,1460.555,,8.240,128576.582,118810.594,9765.988,7.595,2047.996,1.250,0.061,5.420,5.650,4.850,231.887,0.000,0.001,0.014,2216.4,5500.0,69.0
2810,2026-05-02T16:09:32.397,1461.060,,7.993,128576.582,118817.254,9759.328,7.590,2047.996,1.250,0.061,5.420,5.650,4.850,243.521,0.000,0.000,0.015,4395.4,5500.5,68.0
2811,2026-05-02T16:09:32.899,1461.562,,6.398,128576.582,118804.020,9772.562,7.601,2047.996,1.250,0.061,5.420,5.650,4.850,250.717,0.303,0.000,0.015,2801.7,5500.0,68.0
2812,2026-05-02T16:09:33.448,1462.111,,7.301,128576.582,118818.668,9757.914,7.589,2047.996,1.250,0.061,5.420,5.650,4.850,195.654,0.000,0.000,0.014,4073.7,5484.9,67.0
2813,2026-05-02T16:09:33.998,1462.661,,6.875,128576.582,118804.566,9772.016,7.600,2047.996,1.250,0.061,5.420,5.650,4.850,231.184,0.000,0.000,0.028,4142.4,5479.8,67.0
2814,2026-05-02T16:09:34.499,1463.162,,5.133,128576.582,118811.301,9765.281,7.595,2047.996,1.250,0.061,5.420,5.650,4.850,244.111,0.000,0.000,0.015,2578.6,5500.0,67.0
2815,2026-05-02T16:09:35.000,1463.663,,5.329,128576.582,118808.363,9768.219,7.597,2047.996,1.250,0.061,5.420,5.650,4.850,260.001,1.248,0.001,0.016,2662.7,5507.3,66.0
2816,2026-05-02T16:09:35.503,1464.167,,6.683,128576.582,118804.422,9772.160,7.600,2047.996,1.250,0.061,5.420,5.650,4.850,258.638,0.000,0.001,0.016,3099.8,5500.0,66.0
2817,2026-05-02T16:09:36.050,1464.714,,7.679,128576.582,118792.949,9783.633,7.609,2047.996,1.250,0.061,7.870,6.150,5.020,235.683,0.000,0.001,0.014,2219.0,5500.0,60.0
2818,2026-05-02T16:09:36.551,1465.214,,6.474,128576.582,118814.738,9761.844,7.592,2047.996,1.250,0.061,7.870,6.150,5.020,243.989,0.000,0.000,0.017,3293.1,5500.0,64.0
2819,2026-05-02T16:09:37.051,1465.714,,7.018,128576.582,118847.750,9728.832,7.567,2047.996,1.250,0.061,7.870,6.150,5.020,254.071,0.000,0.000,0.015,2965.9,5512.4,65.0
2820,2026-05-02T16:09:37.551,1466.214,,6.910,128576.582,118844.195,9732.387,7.569,2047.996,1.250,0.061,7.870,6.150,5.020,210.094,0.133,0.000,0.015,2527.2,5500.0,64.0
2821,2026-05-02T16:09:38.097,1466.760,,6.974,128576.582,118842.746,9733.836,7.570,2047.996,1.250,0.061,7.870,6.150,5.020,206.938,0.222,0.001,0.015,2816.9,5496.3,62.0
2822,2026-05-02T16:09:38.597,1467.260,,5.440,128576.582,118843.504,9733.078,7.570,2047.996,1.250,0.061,7.870,6.150,5.020,180.439,0.000,0.001,0.015,2472.6,5500.0,62.0
2823,2026-05-02T16:09:39.098,1467.761,,6.879,128576.582,118785.082,9791.500,7.615,2047.996,1.250,0.061,7.870,6.150,5.020,183.840,0.000,0.001,0.015,2168.8,5323.1,62.0
2824,2026-05-02T16:09:39.645,1468.308,,5.991,128576.582,118786.230,9790.352,7.614,2047.996,1.250,0.061,7.870,6.150,5.020,249.608,0.000,0.000,0.014,2269.4,5519.8,64.0
2825,2026-05-02T16:09:40.150,1468.813,,8.915,128576.582,118794.820,9781.762,7.608,2047.996,1.250,0.061,7.870,6.150,5.020,247.980,0.000,0.000,0.015,2343.5,5500.0,64.0
2826,2026-05-02T16:09:40.652,1469.315,,6.849,128576.582,118797.539,9779.043,7.606,2047.996,1.250,0.061,7.870,6.150,5.020,235.464,1.228,0.000,0.015,1875.7,5500.0,63.0
2827,2026-05-02T16:09:41.154,1469.817,,6.937,128576.582,118788.031,9788.551,7.613,2047.996,1.250,0.061,7.400,6.080,5.000,220.438,0.000,0.001,0.015,3756.2,5500.0,62.0
2828,2026-05-02T16:09:41.700,1470.363,,10.499,128576.582,118793.961,9782.621,7.608,2047.996,1.250,0.061,7.400,6.080,5.000,221.176,0.000,0.000,0.014,2171.8,5500.0,62.0
2829,2026-05-02T16:09:42.202,1470.866,,10.401,128576.582,118779.004,9797.578,7.620,2047.996,1.250,0.061,7.400,6.080,5.000,218.219,0.000,0.000,0.016,2304.7,5500.0,70.0
2830,2026-05-02T16:09:42.703,1471.366,,11.657,128576.582,118782.668,9793.914,7.617,2047.996,1.250,0.061,7.400,6.080,5.000,200.922,0.125,0.000,0.015,3035.2,5402.4,70.0
2831,2026-05-02T16:09:43.204,1471.868,,9.956,128576.582,118779.258,9797.324,7.620,2047.996,1.250,0.061,7.400,6.080,5.000,178.740,0.140,0.001,0.016,3227.3,5499.3,68.0
2832,2026-05-02T16:09:43.749,1472.412,,10.718,128576.582,118764.004,9812.578,7.632,2047.996,1.250,0.061,7.400,6.080,5.000,219.893,0.000,0.001,0.015,2420.8,5494.5,71.0
2833,2026-05-02T16:09:44.297,1472.960,,8.852,128576.582,118751.969,9824.613,7.641,2047.996,1.250,0.061,7.400,6.080,5.000,210.218,0.000,0.001,0.016,3467.7,5362.8,71.0
2834,2026-05-02T16:09:44.797,1473.461,,8.287,128576.582,118738.988,9837.594,7.651,2047.996,1.250,0.061,7.400,6.080,5.000,210.671,0.000,0.001,0.015,2555.7,5262.6,67.0
2835,2026-05-02T16:09:45.299,1473.963,,11.365,128576.582,118774.625,9801.957,7.623,2047.996,1.250,0.061,7.400,6.080,5.000,199.227,0.000,0.001,0.015,2710.5,5538.5,70.0
2836,2026-05-02T16:09:45.802,1474.466,,14.160,128576.582,118773.402,9803.180,7.624,2047.996,1.250,0.061,7.400,6.080,5.000,214.510,0.000,0.001,0.016,2820.0,5500.0,70.0
2837,2026-05-02T16:09:46.351,1475.015,,14.294,128576.582,118753.926,9822.656,7.640,2047.996,1.250,0.061,6.970,6.010,4.990,206.432,0.000,0.000,0.014,3334.8,5433.9,64.0
2838,2026-05-02T16:09:46.853,1475.517,,12.523,128576.582,118733.223,9843.359,7.656,2047.996,1.250,0.061,6.970,6.010,4.990,196.737,1.284,0.001,0.016,2640.6,5500.0,64.0
2839,2026-05-02T16:09:47.399,1476.062,,13.783,128576.582,118746.859,9829.723,7.645,2047.996,1.250,0.061,6.970,6.010,4.990,212.483,0.000,0.001,0.015,2745.6,5500.0,65.0
2840,2026-05-02T16:09:47.905,1476.568,,17.571,128576.582,118749.090,9827.492,7.643,2047.996,1.250,0.061,6.970,6.010,4.990,217.561,0.262,0.001,0.016,2382.9,5500.0,69.0
2841,2026-05-02T16:09:48.405,1477.068,,11.348,128576.582,118745.840,9830.742,7.646,2047.996,1.250,0.061,6.970,6.010,4.990,198.619,0.133,0.000,0.015,2443.0,5500.0,69.0
2842,2026-05-02T16:09:48.906,1477.569,,13.948,128576.582,118782.211,9794.371,7.618,2047.996,1.250,0.061,6.970,6.010,4.990,208.984,0.000,0.001,0.015,2089.3,5541.4,69.0
2843,2026-05-02T16:09:49.445,1478.108,,9.466,128576.582,118789.383,9787.199,7.612,2047.996,1.250,0.061,6.970,6.010,4.990,226.373,0.000,0.000,0.014,2430.1,5500.0,64.0
2844,2026-05-02T16:09:49.952,1478.615,,14.751,128576.582,118766.652,9809.930,7.630,2047.996,1.250,0.061,6.970,6.010,4.990,227.928,0.000,0.001,0.015,2625.5,5481.3,64.0
2845,2026-05-02T16:09:50.462,1479.125,,13.102,128576.582,118773.363,9803.219,7.624,2047.996,1.250,0.061,6.970,6.010,4.990,196.214,0.000,0.000,0.015,2000.1,5501.0,48.0
2846,2026-05-02T16:09:50.966,1479.629,,34.496,128576.582,118789.973,9786.609,7.612,2047.996,1.250,0.061,6.970,6.010,4.990,222.737,0.000,0.001,0.016,2570.3,5500.0,65.0
2847,2026-05-02T16:09:51.474,1480.138,,23.661,128576.582,118782.516,9794.066,7.617,2047.996,1.250,0.061,6.650,5.960,4.980,185.321,0.000,0.000,0.016,2887.9,5500.0,75.0
2848,2026-05-02T16:09:51.974,1480.638,,39.745,128576.582,118792.984,9783.598,7.609,2047.996,1.250,0.061,6.650,5.960,4.980,186.119,0.000,0.001,0.015,2706.5,5500.0,79.0
2849,2026-05-02T16:09:52.513,1481.176,,36.122,128576.582,118785.941,9790.641,7.615,2047.996,1.250,0.061,6.650,5.960,4.980,225.906,0.000,0.000,0.030,2580.5,5500.0,74.0
2850,2026-05-02T16:09:53.053,1481.716,,36.597,128576.582,118787.773,9788.809,7.613,2047.996,1.250,0.061,6.650,5.960,4.980,216.582,1.325,0.001,0.014,2963.1,5511.8,74.0
2851,2026-05-02T16:09:53.564,1482.227,,31.624,128576.582,118790.109,9786.473,7.611,2047.996,1.250,0.061,6.650,5.960,4.980,203.314,0.137,0.001,0.015,2913.5,5465.6,78.0
2852,2026-05-02T16:09:54.106,1482.769,,16.298,128576.582,118783.086,9793.496,7.617,2047.996,1.250,0.061,6.650,5.960,4.980,203.506,0.000,0.001,0.014,2716.5,5500.0,78.0
2853,2026-05-02T16:09:54.622,1483.285,,23.821,128576.582,118791.199,9785.383,7.611,2047.996,1.250,0.061,6.650,5.960,4.980,229.502,0.000,0.000,0.015,1819.3,5500.0,51.0
2854,2026-05-02T16:09:55.128,1483.791,,33.003,128576.582,118779.152,9797.430,7.620,2047.996,1.250,0.061,6.650,5.960,4.980,232.660,0.000,0.000,0.015,4084.7,5232.0,68.0
2855,2026-05-02T16:09:55.668,1484.331,,25.548,128576.582,118768.551,9808.031,7.628,2047.996,1.250,0.061,6.650,5.960,4.980,232.678,0.000,0.000,0.014,2922.7,5444.5,69.0
2856,2026-05-02T16:09:56.209,1484.873,,15.988,128576.582,118773.469,9803.113,7.624,2047.996,1.250,0.061,6.200,5.880,4.960,247.190,0.000,0.001,0.014,2480.2,5500.0,69.0
2857,2026-05-02T16:09:56.711,1485.374,,16.698,128576.582,118771.746,9804.836,7.626,2047.996,1.250,0.061,6.200,5.880,4.960,247.480,0.000,0.001,0.015,2922.5,5500.0,64.0
2858,2026-05-02T16:09:57.212,1485.875,,19.938,128576.582,118793.887,9782.695,7.608,2047.996,1.250,0.061,6.200,5.880,4.960,239.772,0.000,0.001,0.015,2690.9,5517.4,73.0
2859,2026-05-02T16:09:57.759,1486.422,,19.283,128576.582,118786.520,9790.062,7.614,2047.996,1.250,0.061,6.200,5.880,4.960,263.161,0.000,0.000,0.014,2763.7,5500.0,69.0
2860,2026-05-02T16:09:58.259,1486.922,,19.173,128576.582,118772.148,9804.434,7.625,2047.996,1.250,0.061,6.200,5.880,4.960,233.616,0.375,0.000,0.015,2270.7,5500.0,65.0
2861,2026-05-02T16:09:58.761,1487.425,,17.011,128576.582,118737.562,9839.020,7.652,2047.996,1.250,0.061,6.200,5.880,4.960,257.418,1.384,0.001,0.015,2913.6,5528.9,59.0
2862,2026-05-02T16:09:59.302,1487.966,,19.873,128576.582,118763.211,9813.371,7.632,2047.996,1.250,0.061,6.200,5.880,4.960,264.587,0.029,0.001,0.015,2318.6,5503.1,66.0
2863,2026-05-02T16:09:59.811,1488.474,,8.431,128576.582,118736.840,9839.742,7.653,2047.996,1.250,0.061,6.200,5.880,4.960,276.463,0.000,0.001,0.016,3093.3,5500.0,66.0
2864,2026-05-02T16:10:00.313,1488.976,,14.490,128576.582,118752.441,9824.141,7.641,2047.996,1.250,0.061,6.200,5.880,4.960,274.620,0.000,0.001,0.032,2643.7,5500.0,72.0
2865,2026-05-02T16:10:00.859,1489.523,,21.839,128576.582,118760.312,9816.270,7.635,2047.996,1.250,0.061,6.200,5.880,4.960,277.762,0.000,0.000,0.014,2589.9,5530.7,68.0
2866,2026-05-02T16:10:01.406,1490.070,,17.751,128576.582,118751.027,9825.555,7.642,2047.996,1.250,0.061,5.940,5.830,4.940,266.998,0.000,0.000,0.014,1983.4,5500.0,68.0
2867,2026-05-02T16:10:01.911,1490.574,,14.634,128576.582,118751.578,9825.004,7.641,2047.996,1.250,0.061,5.940,5.830,4.940,238.092,0.000,0.001,0.015,2681.7,5500.0,65.0
2868,2026-05-02T16:10:02.459,1491.122,,13.272,128576.582,118782.008,9794.574,7.618,2047.996,1.250,0.061,5.940,5.830,4.940,270.904,0.000,0.000,0.014,3059.0,5400.8,65.0
2869,2026-05-02T16:10:02.967,1491.630,,14.744,128576.582,118799.340,9777.242,7.604,2047.996,1.250,0.061,5.940,5.830,4.940,266.997,0.154,0.001,0.015,3136.2,5500.0,59.0
2870,2026-05-02T16:10:03.513,1492.176,,14.023,128576.582,118784.406,9792.176,7.616,2047.996,1.250,0.061,5.940,5.830,4.940,265.444,0.114,0.000,0.028,2977.0,5544.0,60.0
2871,2026-05-02T16:10:04.058,1492.722,,13.673,128576.582,118768.445,9808.137,7.628,2047.996,1.250,0.061,5.940,5.830,4.940,244.718,0.000,0.001,0.014,2816.9,5500.0,64.0
2872,2026-05-02T16:10:04.562,1493.225,,16.348,128576.582,118774.801,9801.781,7.623,2047.996,1.250,0.061,5.940,5.830,4.940,234.243,1.280,0.000,0.015,2637.7,5500.0,64.0
2873,2026-05-02T16:10:05.106,1493.770,,21.345,128576.582,118770.496,9806.086,7.627,2047.996,1.250,0.061,5.940,5.830,4.940,235.468,0.000,0.000,0.014,2473.4,5500.0,69.0
2874,2026-05-02T16:10:05.613,1494.276,,12.814,128576.582,118784.422,9792.160,7.616,2047.996,1.250,0.061,5.940,5.830,4.940,230.487,1.665,0.001,0.015,1893.3,5500.0,69.0
2875,2026-05-02T16:10:06.162,1494.825,,15.043,128576.582,118794.438,9782.145,7.608,2047.996,1.250,0.061,8.350,6.330,5.110,247.112,0.000,0.001,0.014,1511.7,5500.0,44.9
2876,2026-05-02T16:10:06.711,1495.374,,17.069,128576.582,118770.531,9806.051,7.627,2047.996,1.250,0.061,8.350,6.330,5.110,252.898,0.000,0.001,0.014,3268.0,5503.2,65.0
2877,2026-05-02T16:10:07.257,1495.920,,14.736,128576.582,118795.973,9780.609,7.607,2047.996,1.250,0.061,8.350,6.330,5.110,220.689,0.000,0.001,0.015,2682.0,5466.5,72.0
2878,2026-05-02T16:10:07.803,1496.466,,15.296,128576.582,118795.375,9781.207,7.607,2047.996,1.250,0.061,8.350,6.330,5.110,235.342,0.086,0.000,0.015,3388.3,5364.1,72.0
2879,2026-05-02T16:10:08.303,1496.966,,12.687,128576.582,118802.664,9773.918,7.602,2047.996,1.250,0.061,8.350,6.330,5.110,224.327,0.094,0.001,0.017,1809.8,5459.9,64.0
2880,2026-05-02T16:10:08.814,1497.477,,14.740,128576.582,118792.938,9783.645,7.609,2047.996,1.250,0.061,8.350,6.330,5.110,232.799,0.138,0.001,0.015,2542.6,5450.5,65.0
2881,2026-05-02T16:10:09.353,1498.016,,10.988,128576.582,118780.637,9795.945,7.619,2047.996,1.250,0.061,8.350,6.330,5.110,222.228,0.000,0.000,0.014,3032.3,5500.0,65.0
2882,2026-05-02T16:10:09.854,1498.518,,11.853,128576.582,118776.461,9800.121,7.622,2047.996,1.250,0.061,8.350,6.330,5.110,245.189,0.000,0.001,0.015,2316.5,5500.0,60.0
2883,2026-05-02T16:10:10.398,1499.061,,10.946,128576.582,118746.984,9829.598,7.645,2047.996,1.250,0.061,8.350,6.330,5.110,227.128,0.000,0.000,0.014,4690.1,5282.7,54.0
2884,2026-05-02T16:10:10.904,1499.567,,10.347,128576.582,118745.629,9830.953,7.646,2047.996,1.250,0.061,8.350,6.330,5.110,269.018,0.849,0.000,0.015,3346.0,5500.0,67.0
2885,2026-05-02T16:10:11.404,1500.067,,11.425,128576.582,118730.703,9845.879,7.658,2047.996,1.250,0.061,7.760,6.240,5.090,272.919,0.000,0.000,0.015,3566.9,5501.3,62.0
2886,2026-05-02T16:10:11.908,1500.571,,13.192,128576.582,118741.715,9834.867,7.649,2047.996,1.250,0.061,7.760,6.240,5.090,255.557,0.000,0.000,0.015,4077.4,5500.0,67.0
2887,2026-05-02T16:10:12.409,1501.072,,13.052,128576.582,118764.309,9812.273,7.631,2047.996,1.250,0.061,7.760,6.240,5.090,278.650,0.000,0.000,0.015,2806.2,5500.1,67.0
2888,2026-05-02T16:10:12.912,1501.575,,13.885,128576.582,118798.391,9778.191,7.605,2047.996,1.250,0.061,7.760,6.240,5.090,274.671,0.140,0.001,0.015,3144.9,5481.2,67.0
2889,2026-05-02T16:10:13.461,1502.124,,12.393,128576.582,118804.090,9772.492,7.601,2047.996,1.250,0.061,7.760,6.240,5.090,278.183,0.000,0.000,0.014,3515.1,5500.0,63.0
2890,2026-05-02T16:10:13.961,1502.625,,12.893,128576.582,118849.414,9727.168,7.565,2047.996,1.250,0.061,7.760,6.240,5.090,275.018,0.133,0.001,0.016,2891.6,5500.0,67.0
2891,2026-05-02T16:10:14.465,1503.128,,10.050,128576.582,118892.633,9683.949,7.532,2047.996,1.250,0.061,7.760,6.240,5.090,276.505,0.000,0.000,0.015,2622.0,5500.0,44.9
2892,2026-05-02T16:10:15.002,1503.665,,12.339,128576.582,118821.535,9755.047,7.587,2047.996,1.250,0.061,7.760,6.240,5.090,276.292,0.000,0.001,0.029,3897.6,5500.1,56.0
2893,2026-05-02T16:10:15.510,1504.173,,8.872,128576.582,118859.277,9717.305,7.558,2047.996,1.250,0.061,7.760,6.240,5.090,277.208,0.000,0.001,0.016,2560.0,5532.0,63.0
2894,2026-05-02T16:10:16.050,1504.714,,10.759,128576.582,118837.758,9738.824,7.574,2047.996,1.250,0.061,9.860,6.710,5.250,276.094,0.000,0.155,0.029,3449.3,5415.2,67.0
2895,2026-05-02T16:10:16.557,1505.220,,8.452,128576.582,118826.719,9749.863,7.583,2047.996,1.250,0.061,9.860,6.710,5.250,278.454,0.000,0.000,0.017,4237.0,5510.4,70.0
2896,2026-05-02T16:10:17.057,1505.720,,9.227,128576.582,118804.148,9772.434,7.600,2047.996,1.250,0.061,9.860,6.710,5.250,277.717,1.633,0.012,0.020,3042.6,5500.0,70.0
2897,2026-05-02T16:10:17.604,1506.267,,8.834,128576.582,118829.242,9747.340,7.581,2047.996,1.250,0.061,9.860,6.710,5.250,276.184,0.000,0.029,0.026,2520.7,5500.0,70.0
2898,2026-05-02T16:10:18.153,1506.816,,9.384,128576.582,118839.402,9737.180,7.573,2047.996,1.250,0.061,9.860,6.710,5.250,275.553,0.057,0.001,0.014,2480.4,5544.0,61.0
2899,2026-05-02T16:10:18.654,1507.317,,9.234,128576.582,118864.383,9712.199,7.554,2047.996,1.250,0.061,9.860,6.710,5.250,278.641,0.000,0.000,0.015,2980.4,5535.7,59.0
2900,2026-05-02T16:10:19.154,1507.817,,9.503,128576.582,118850.531,9726.051,7.564,2047.996,1.250,0.061,9.860,6.710,5.250,276.439,0.148,0.001,0.015,3188.0,5535.0,62.0
2901,2026-05-02T16:10:19.703,1508.367,,16.394,128576.582,118857.125,9719.457,7.559,2047.996,1.250,0.061,9.860,6.710,5.250,274.643,0.000,0.000,0.014,2755.9,5500.0,63.0
2902,2026-05-02T16:10:20.208,1508.871,,9.571,128576.582,118848.641,9727.941,7.566,2047.996,1.250,0.061,9.860,6.710,5.250,276.346,0.000,0.001,0.015,1577.4,5500.0,63.0
2903,2026-05-02T16:10:20.751,1509.414,,9.735,128576.582,118838.227,9738.355,7.574,2047.996,1.250,0.061,9.860,6.710,5.250,276.548,0.000,0.000,0.014,2268.1,5500.0,59.0
2904,2026-05-02T16:10:21.256,1509.919,,14.462,128576.582,118851.379,9725.203,7.564,2047.996,1.250,0.061,11.950,7.190,5.410,275.224,0.000,0.001,0.015,2354.1,5500.0,71.0
2905,2026-05-02T16:10:21.758,1510.421,,10.338,128576.582,118850.992,9725.590,7.564,2047.996,1.250,0.061,11.950,7.190,5.410,238.486,0.000,0.000,0.015,2926.4,5500.0,71.0
2906,2026-05-02T16:10:22.266,1510.929,,9.919,128576.582,118859.246,9717.336,7.558,2047.996,1.250,0.061,11.950,7.190,5.410,276.536,0.185,0.000,0.015,1982.9,5516.6,71.0
2907,2026-05-02T16:10:22.802,1511.465,,9.016,128576.582,118899.020,9677.562,7.527,2047.996,1.250,0.061,11.950,7.190,5.410,275.733,1.166,0.000,0.014,2322.6,5500.0,70.0
2908,2026-05-02T16:10:23.303,1511.967,,10.672,128576.582,118899.883,9676.699,7.526,2047.996,1.250,0.061,11.950,7.190,5.410,276.279,0.016,0.000,0.016,1952.7,5339.9,70.0
2909,2026-05-02T16:10:23.810,1512.474,,13.095,128576.582,118861.590,9714.992,7.556,2047.996,1.250,0.061,11.950,7.190,5.410,277.818,0.000,0.000,0.016,2485.8,5426.3,70.0
2910,2026-05-02T16:10:24.360,1513.023,,12.979,128576.582,118844.121,9732.461,7.569,2047.996,1.250,0.061,11.950,7.190,5.410,276.695,0.121,0.000,0.015,3094.5,5500.0,70.0
2911,2026-05-02T16:10:24.866,1513.529,,15.871,128576.582,118834.973,9741.609,7.577,2047.996,1.250,0.061,11.950,7.190,5.410,280.188,0.000,0.001,0.015,2512.1,5500.0,71.0
2912,2026-05-02T16:10:25.412,1514.075,,16.418,128576.582,118802.961,9773.621,7.601,2047.996,1.250,0.061,11.950,7.190,5.410,275.140,0.000,0.000,0.014,2302.8,5500.0,71.0
2913,2026-05-02T16:10:25.954,1514.617,,15.620,128576.582,118837.289,9739.293,7.575,2047.996,1.250,0.061,11.950,7.190,5.410,275.981,0.000,0.001,0.014,2307.4,5500.1,65.0
2914,2026-05-02T16:10:26.459,1515.122,,15.318,128576.582,118862.441,9714.141,7.555,2047.996,1.250,0.061,13.080,7.500,5.520,277.692,0.000,0.000,0.015,3053.6,5500.0,65.0
2915,2026-05-02T16:10:27.002,1515.665,,13.597,128576.582,118833.008,9743.574,7.578,2047.996,1.250,0.061,13.080,7.500,5.520,275.888,0.000,0.001,0.029,4688.1,5300.1,63.0
2916,2026-05-02T16:10:27.509,1516.172,,14.206,128576.582,118855.922,9720.660,7.560,2047.996,1.250,0.061,13.080,7.500,5.520,277.390,0.193,0.000,0.015,3691.4,5483.6,72.0
2917,2026-05-02T16:10:28.010,1516.673,,13.752,128576.582,118907.105,9669.477,7.520,2047.996,1.250,0.061,13.080,7.500,5.520,280.302,0.148,0.000,0.015,3071.3,5500.0,68.0
2918,2026-05-02T16:10:28.513,1517.176,,23.217,128576.582,118870.449,9706.133,7.549,2047.996,1.250,0.061,13.080,7.500,5.520,274.998,0.000,0.000,0.015,2745.8,5500.0,68.0
2919,2026-05-02T16:10:29.045,1517.709,,8.397,128576.582,118881.832,9694.750,7.540,2047.996,1.250,0.061,13.080,7.500,5.520,274.287,1.276,0.000,0.014,2830.2,5500.0,65.0
2920,2026-05-02T16:10:29.557,1518.220,,16.687,128576.582,118855.527,9721.055,7.561,2047.996,1.250,0.061,13.080,7.500,5.520,275.581,0.138,0.000,0.015,2958.9,5470.6,65.0
2921,2026-05-02T16:10:30.103,1518.766,,12.742,128576.582,118873.551,9703.031,7.546,2047.996,1.250,0.061,13.080,7.500,5.520,279.310,0.000,0.001,0.014,2454.7,5500.0,56.0
2922,2026-05-02T16:10:30.650,1519.313,,8.950,128576.582,118818.527,9758.055,7.589,2047.996,1.250,0.061,13.080,7.500,5.520,277.597,0.000,0.000,0.014,3165.0,5508.6,58.0
2923,2026-05-02T16:10:31.153,1519.817,,10.477,128576.582,118787.035,9789.547,7.614,2047.996,1.250,0.061,14.910,7.980,5.690,275.103,0.000,0.001,0.016,2390.4,5500.0,67.0
2924,2026-05-02T16:10:31.657,1520.320,,12.609,128576.582,118820.902,9755.680,7.587,2047.996,1.250,0.061,14.910,7.980,5.690,278.348,0.000,0.001,0.016,2805.3,5500.0,67.0
2925,2026-05-02T16:10:32.161,1520.824,,11.457,128576.582,118825.203,9751.379,7.584,2047.996,1.250,0.061,14.910,7.980,5.690,274.931,0.000,0.001,0.015,2784.2,5500.0,67.0
2926,2026-05-02T16:10:32.703,1521.366,,9.128,128576.582,118853.445,9723.137,7.562,2047.996,1.250,0.061,14.910,7.980,5.690,276.946,0.166,0.001,0.016,3092.2,5479.6,67.0
2927,2026-05-02T16:10:33.240,1521.904,,10.842,128576.582,118842.090,9734.492,7.571,2047.996,1.250,0.061,14.910,7.980,5.690,276.065,0.000,0.001,0.014,2380.1,5351.9,46.0
2928,2026-05-02T16:10:33.750,1522.413,,10.666,128576.582,118835.609,9740.973,7.576,2047.996,1.250,0.061,14.910,7.980,5.690,277.228,0.000,0.001,0.015,3538.7,5461.0,67.0
2929,2026-05-02T16:10:34.252,1522.915,,10.678,128576.582,118801.492,9775.090,7.603,2047.996,1.250,0.061,14.910,7.980,5.690,275.515,0.132,0.001,0.015,2555.7,5500.0,73.0
2930,2026-05-02T16:10:34.754,1523.417,,12.634,128576.582,118788.754,9787.828,7.612,2047.996,1.250,0.061,14.910,7.980,5.690,275.913,1.261,0.000,0.015,2547.7,5500.0,73.0
2931,2026-05-02T16:10:35.298,1523.962,,10.624,128576.582,118785.793,9790.789,7.615,2047.996,1.250,0.061,14.910,7.980,5.690,276.288,0.014,0.001,0.014,2567.0,5500.0,46.9
2932,2026-05-02T16:10:35.802,1524.465,,11.382,128576.582,118794.273,9782.309,7.608,2047.996,1.250,0.061,14.910,7.980,5.690,276.211,0.000,0.001,0.015,2527.8,5500.0,66.0
2933,2026-05-02T16:10:36.313,1524.976,,11.070,128576.582,118744.352,9832.230,7.647,2047.996,1.250,0.061,13.960,7.890,5.670,275.166,0.000,0.000,0.015,2580.3,5473.9,56.0
2934,2026-05-02T16:10:36.856,1525.519,,12.693,128576.582,118751.414,9825.168,7.641,2047.996,1.250,0.061,13.960,7.890,5.670,278.363,0.000,0.001,0.015,3047.1,5500.0,64.0
2935,2026-05-02T16:10:37.406,1526.069,,12.322,128576.582,118790.816,9785.766,7.611,2047.996,1.250,0.061,13.960,7.890,5.670,273.745,0.163,0.000,0.014,2293.0,5293.0,71.0
2936,2026-05-02T16:10:37.910,1526.573,,15.619,128576.582,118781.176,9795.406,7.618,2047.996,1.250,0.061,13.960,7.890,5.670,276.058,0.000,0.001,0.015,2621.0,5517.5,71.0
2937,2026-05-02T16:10:38.413,1527.076,,20.605,128576.582,118837.496,9739.086,7.575,2047.996,1.250,0.061,13.960,7.890,5.670,280.144,0.000,0.001,0.015,4009.8,5500.6,70.0
2938,2026-05-02T16:10:38.958,1527.621,,15.126,128576.582,118797.754,9778.828,7.605,2047.996,1.250,0.061,13.960,7.890,5.670,278.242,0.000,0.001,0.015,3303.9,5420.3,70.0
2939,2026-05-02T16:10:39.458,1528.121,,14.411,128576.582,118757.758,9818.824,7.637,2047.996,1.250,0.061,13.960,7.890,5.670,242.436,0.141,0.000,0.016,3037.5,5475.7,70.0
2940,2026-05-02T16:10:39.960,1528.624,,13.199,128576.582,118756.953,9819.629,7.637,2047.996,1.250,0.061,13.960,7.890,5.670,270.541,0.000,0.001,0.015,2883.5,5326.6,72.0
2941,2026-05-02T16:10:40.510,1529.173,,14.375,128576.582,118783.828,9792.754,7.616,2047.996,1.250,0.061,13.960,7.890,5.670,265.632,1.109,0.001,0.029,2400.7,5529.1,59.0
2942,2026-05-02T16:10:41.011,1529.674,,16.458,128576.582,118747.047,9829.535,7.645,2047.996,1.250,0.061,13.400,7.880,5.680,274.911,0.242,0.000,0.015,2961.4,5256.0,59.0
2943,2026-05-02T16:10:41.553,1530.216,,14.078,128576.582,118730.602,9845.980,7.658,2047.996,1.250,0.061,13.400,7.880,5.680,274.956,0.000,0.000,0.014,2793.1,5500.0,68.0
2944,2026-05-02T16:10:42.062,1530.725,,13.130,128576.582,118783.086,9793.496,7.617,2047.996,1.250,0.061,13.400,7.880,5.680,275.935,0.000,0.000,0.018,2836.5,5500.0,68.0
2945,2026-05-02T16:10:42.564,1531.227,,19.552,128576.582,118767.605,9808.977,7.629,2047.996,1.250,0.061,13.400,7.880,5.680,273.962,0.000,0.001,0.015,3225.7,5500.0,65.0
2946,2026-05-02T16:10:43.065,1531.729,,15.928,128576.582,118780.906,9795.676,7.619,2047.996,1.250,0.061,13.400,7.880,5.680,278.105,0.000,0.001,0.015,2746.7,5434.0,67.0
2947,2026-05-02T16:10:43.610,1532.274,,17.285,128576.582,118801.887,9774.695,7.602,2047.996,1.250,0.061,13.400,7.880,5.680,279.805,0.000,0.001,0.014,2417.6,5500.0,59.0
2948,2026-05-02T16:10:44.114,1532.777,,16.521,128576.582,118838.566,9738.016,7.574,2047.996,1.250,0.061,13.400,7.880,5.680,274.136,0.000,0.000,0.015,2791.1,5500.0,66.0
2949,2026-05-02T16:10:44.615,1533.278,,15.419,128576.582,118841.059,9735.523,7.572,2047.996,1.250,0.061,13.400,7.880,5.680,275.223,0.148,0.000,0.015,2301.3,5512.6,72.0
2950,2026-05-02T16:10:45.158,1533.821,,14.319,128576.582,118838.332,9738.250,7.574,2047.996,1.250,0.061,13.400,7.880,5.680,275.987,0.000,0.001,0.014,2927.9,5500.0,72.0
2951,2026-05-02T16:10:45.704,1534.367,,16.227,128576.582,118804.125,9772.457,7.600,2047.996,1.250,0.061,13.400,7.880,5.680,279.255,2.290,0.000,0.014,2143.8,5541.7,68.0
2952,2026-05-02T16:10:46.207,1534.870,,15.451,128576.582,118812.961,9763.621,7.594,2047.996,1.250,0.061,12.570,7.800,5.660,279.097,0.000,0.001,0.015,3182.8,5500.0,69.0
2953,2026-05-02T16:10:46.750,1535.413,,13.686,128576.582,118818.883,9757.699,7.589,2047.996,1.250,0.061,12.570,7.800,5.660,247.324,0.000,0.001,0.015,2197.9,5534.8,67.0
2954,2026-05-02T16:10:47.298,1535.961,,15.014,128576.582,118802.254,9774.328,7.602,2047.996,1.250,0.061,12.570,7.800,5.660,247.813,0.000,0.002,0.015,4650.0,5200.2,67.0
2955,2026-05-02T16:10:47.803,1536.466,,11.517,128576.582,118782.535,9794.047,7.617,2047.996,1.250,0.061,12.570,7.800,5.660,264.734,0.101,0.001,0.017,3078.6,5500.0,66.0
2956,2026-05-02T16:10:48.303,1536.967,,13.383,128576.582,118783.059,9793.523,7.617,2047.996,1.250,0.061,12.570,7.800,5.660,274.616,0.000,0.000,0.017,2818.5,5500.0,69.0
2957,2026-05-02T16:10:48.853,1537.516,,18.379,128576.582,118786.996,9789.586,7.614,2047.996,1.250,0.061,12.570,7.800,5.660,244.343,0.000,0.001,0.014,3662.8,5251.6,59.0
2958,2026-05-02T16:10:49.356,1538.019,,13.008,128576.582,118763.004,9813.578,7.632,2047.996,1.250,0.061,12.570,7.800,5.660,249.422,0.000,0.000,0.015,2650.2,5500.0,62.0
2959,2026-05-02T16:10:49.904,1538.568,,16.752,128576.582,118773.184,9803.398,7.625,2047.996,1.250,0.061,12.570,7.800,5.660,262.253,0.121,0.001,0.014,2306.0,5500.0,71.0
2960,2026-05-02T16:10:50.404,1539.068,,10.859,128576.582,118829.801,9746.781,7.581,2047.996,1.250,0.061,12.570,7.800,5.660,218.870,0.000,0.001,0.015,2442.7,5500.0,71.0
2961,2026-05-02T16:10:50.951,1539.614,,10.610,128576.582,118833.473,9743.109,7.578,2047.996,1.250,0.061,12.570,7.800,5.660,201.238,0.000,0.002,0.015,2038.8,5500.0,59.0
2962,2026-05-02T16:10:51.500,1540.163,,9.773,128576.582,118859.555,9717.027,7.557,2047.996,1.250,0.061,11.960,7.750,5.660,235.024,0.000,0.000,0.014,2915.1,5504.7,59.0
2963,2026-05-02T16:10:52.001,1540.664,,9.500,128576.582,118855.078,9721.504,7.561,2047.996,1.250,0.061,11.960,7.750,5.660,241.236,1.520,0.001,0.016,3108.9,5500.0,64.0
2964,2026-05-02T16:10:52.502,1541.165,,23.673,128576.582,118807.652,9768.930,7.598,2047.996,1.250,0.061,11.960,7.750,5.660,248.213,0.039,0.000,0.015,3344.2,5500.0,64.0
2965,2026-05-02T16:10:53.003,1541.666,,10.943,128576.582,118805.805,9770.777,7.599,2047.996,1.250,0.061,11.960,7.750,5.660,273.848,0.000,0.000,0.016,2573.3,5469.5,70.0
2966,2026-05-02T16:10:53.505,1542.168,,11.739,128576.582,118791.918,9784.664,7.610,2047.996,1.250,0.061,11.960,7.750,5.660,240.827,0.000,0.000,0.015,3161.5,5500.0,70.0
2967,2026-05-02T16:10:54.007,1542.670,,16.708,128576.582,118764.504,9812.078,7.631,2047.996,1.250,0.061,11.960,7.750,5.660,244.617,0.000,0.001,0.030,3160.0,5456.3,65.0
2968,2026-05-02T16:10:54.511,1543.174,,16.040,128576.582,118776.328,9800.254,7.622,2047.996,1.250,0.061,11.960,7.750,5.660,255.920,0.000,0.000,0.015,4650.0,5200.1,65.0
2969,2026-05-02T16:10:55.053,1543.717,,16.226,128576.582,118771.926,9804.656,7.626,2047.996,1.250,0.061,11.960,7.750,5.660,220.582,0.137,0.001,0.015,2261.5,5383.0,70.0
2970,2026-05-02T16:10:55.602,1544.265,,13.447,128576.582,118791.512,9785.070,7.610,2047.996,1.250,0.061,11.960,7.750,5.660,227.224,0.000,0.001,0.014,2672.7,5504.9,70.0
2971,2026-05-02T16:10:56.105,1544.768,,12.909,128576.582,118795.672,9780.910,7.607,2047.996,1.250,0.061,11.160,7.660,5.640,226.641,0.000,0.001,0.015,2652.4,5499.6,61.0
2972,2026-05-02T16:10:56.611,1545.274,,18.367,128576.582,118784.379,9792.203,7.616,2047.996,1.250,0.061,11.160,7.660,5.640,239.697,0.000,0.000,0.017,1765.2,5500.0,61.0
2973,2026-05-02T16:10:57.120,1545.783,,17.157,128576.582,118762.426,9814.156,7.633,2047.996,1.250,0.061,11.160,7.660,5.640,232.554,0.200,0.001,0.015,2451.8,5532.7,68.0
2974,2026-05-02T16:10:57.655,1546.318,,17.747,128576.582,118738.176,9838.406,7.652,2047.996,1.250,0.061,11.160,7.660,5.640,238.646,0.285,0.001,0.014,2582.1,5500.1,69.0
2975,2026-05-02T16:10:58.155,1546.818,,11.517,128576.582,118759.203,9817.379,7.635,2047.996,1.250,0.061,11.160,7.660,5.640,239.187,0.000,0.001,0.016,2630.2,5500.0,63.0
2976,2026-05-02T16:10:58.658,1547.321,,11.522,128576.582,118767.832,9808.750,7.629,2047.996,1.250,0.061,11.160,7.660,5.640,231.490,0.000,0.001,0.015,2872.2,5500.0,59.0
2977,2026-05-02T16:10:59.201,1547.864,,13.069,128576.582,118777.309,9799.273,7.621,2047.996,1.250,0.061,11.160,7.660,5.640,220.567,1.224,0.001,0.014,2165.7,5500.0,68.0
2978,2026-05-02T16:10:59.706,1548.369,,15.531,128576.582,118776.727,9799.855,7.622,2047.996,1.250,0.061,11.160,7.660,5.640,197.881,0.000,0.000,0.015,2420.2,5500.0,68.0
2979,2026-05-02T16:11:00.207,1548.870,,21.193,128576.582,118754.055,9822.527,7.639,2047.996,1.250,0.061,11.160,7.660,5.640,225.274,0.140,0.001,0.031,2832.7,5500.0,65.0
2980,2026-05-02T16:11:00.707,1549.370,,15.231,128576.582,118732.266,9844.316,7.656,2047.996,1.250,0.061,11.160,7.660,5.640,230.618,0.000,0.000,0.015,2536.3,5404.9,65.0
2981,2026-05-02T16:11:01.208,1549.871,,16.080,128576.582,118775.176,9801.406,7.623,2047.996,1.250,0.061,10.510,7.580,5.620,231.381,0.000,0.000,0.015,2429.2,5500.0,72.0
2982,2026-05-02T16:11:01.715,1550.378,,15.370,128576.582,118767.617,9808.965,7.629,2047.996,1.250,0.061,10.510,7.580,5.620,257.519,0.000,0.000,0.015,3204.6,5469.8,72.0
2983,2026-05-02T16:11:02.251,1550.914,,14.708,128576.582,118778.145,9798.438,7.621,2047.996,1.250,0.061,10.510,7.580,5.620,216.339,0.175,0.001,0.014,2670.5,5500.0,63.0
2984,2026-05-02T16:11:02.751,1551.414,,17.248,128576.582,118766.664,9809.918,7.630,2047.996,1.250,0.061,10.510,7.580,5.620,258.219,0.000,0.000,0.015,2573.9,5509.0,63.0
2985,2026-05-02T16:11:03.255,1551.919,,16.759,128576.582,118772.172,9804.410,7.625,2047.996,1.250,0.061,10.510,7.580,5.620,264.060,0.333,0.000,0.016,1365.7,5500.0,45.9
2986,2026-05-02T16:11:03.801,1552.465,,11.519,128576.582,118781.613,9794.969,7.618,2047.996,1.250,0.061,10.510,7.580,5.620,277.373,0.000,0.001,0.015,2791.9,5500.0,70.0
2987,2026-05-02T16:11:04.304,1552.967,,13.608,128576.582,118788.422,9788.160,7.613,2047.996,1.250,0.061,10.510,7.580,5.620,249.085,0.000,0.000,0.017,2798.6,5500.0,63.0
2988,2026-05-02T16:11:04.805,1553.468,,10.629,128576.582,118820.844,9755.738,7.587,2047.996,1.250,0.061,10.510,7.580,5.620,243.094,1.255,0.001,0.016,2591.0,5500.0,63.0
2989,2026-05-02T16:11:05.308,1553.972,,14.046,128576.582,118855.691,9720.891,7.560,2047.996,1.250,0.061,10.510,7.580,5.620,260.739,0.132,0.000,0.015,2714.0,5549.1,73.0
2990,2026-05-02T16:11:05.852,1554.515,,13.026,128576.582,118836.898,9739.684,7.575,2047.996,1.250,0.061,10.510,7.580,5.620,247.728,0.000,0.001,0.014,2048.4,5500.0,73.0
2991,2026-05-02T16:11:06.352,1555.015,,12.241,128576.582,118825.629,9750.953,7.584,2047.996,1.250,0.061,9.910,7.500,5.610,254.994,0.000,0.000,0.015,3227.5,5400.6,71.0
2992,2026-05-02T16:11:06.854,1555.517,,11.334,128576.582,118831.191,9745.391,7.579,2047.996,1.250,0.061,9.910,7.500,5.610,247.551,0.000,0.001,0.015,2914.2,5345.3,71.0
2993,2026-05-02T16:11:07.360,1556.023,,13.122,128576.582,118788.590,9787.992,7.613,2047.996,1.250,0.061,9.910,7.500,5.610,247.973,0.123,0.001,0.015,2966.9,5500.0,63.0
2994,2026-05-02T16:11:07.908,1556.571,,12.500,128576.582,118782.152,9794.430,7.618,2047.996,1.250,0.061,9.910,7.500,5.610,229.659,0.000,0.001,0.014,4650.0,5200.1,63.0
2995,2026-05-02T16:11:08.450,1557.113,,14.957,128576.582,118759.426,9817.156,7.635,2047.996,1.250,0.061,9.910,7.500,5.610,224.265,0.000,0.000,0.014,2285.0,5500.0,60.0
2996,2026-05-02T16:11:08.999,1557.662,,10.517,128576.582,118779.957,9796.625,7.619,2047.996,1.250,0.061,9.910,7.500,5.610,247.537,0.000,0.001,0.028,3321.0,5376.7,60.0
2997,2026-05-02T16:11:09.504,1558.167,,11.648,128576.582,118772.559,9804.023,7.625,2047.996,1.250,0.061,9.910,7.500,5.610,274.157,0.487,0.001,0.015,2486.8,5543.6,71.0
2998,2026-05-02T16:11:10.007,1558.671,,11.402,128576.582,118809.531,9767.051,7.596,2047.996,1.250,0.061,9.910,7.500,5.610,270.080,0.000,0.001,0.015,2847.3,5500.0,71.0
2999,2026-05-02T16:11:10.514,1559.177,,22.539,128576.582,118808.449,9768.133,7.597,2047.996,1.250,0.061,9.910,7.500,5.610,272.657,0.139,0.000,0.015,2614.6,5532.7,70.0
3000,2026-05-02T16:11:11.060,1559.724,,15.275,128576.582,118756.207,9820.375,7.638,2047.996,1.250,0.061,9.280,7.410,5.590,267.370,1.151,0.001,0.015,3099.5,5500.0,70.0
3001,2026-05-02T16:11:11.609,1560.272,,11.505,128576.582,118772.516,9804.066,7.625,2047.996,1.250,0.061,9.280,7.410,5.590,269.157,0.000,0.000,0.014,3283.0,5545.1,52.0
3002,2026-05-02T16:11:12.151,1560.814,,10.628,128576.582,118826.508,9750.074,7.583,2047.996,1.250,0.061,9.280,7.410,5.590,249.296,0.000,0.001,0.014,3302.1,5465.0,60.0
3003,2026-05-02T16:11:12.661,1561.325,,15.669,128576.582,118833.070,9743.512,7.578,2047.996,1.250,0.061,9.280,7.410,5.590,244.122,0.000,0.000,0.016,2945.2,5500.0,67.0
3004,2026-05-02T16:11:13.205,1561.868,,12.888,128576.582,118839.086,9737.496,7.573,2047.996,1.250,0.061,9.280,7.410,5.590,244.778,0.000,0.000,0.014,2600.3,5522.3,70.0
3005,2026-05-02T16:11:13.707,1562.371,,12.357,128576.582,118852.191,9724.391,7.563,2047.996,1.250,0.061,9.280,7.410,5.590,234.381,0.000,0.000,0.015,2626.4,5500.0,65.0
3006,2026-05-02T16:11:14.254,1562.917,,12.629,128576.582,118839.160,9737.422,7.573,2047.996,1.250,0.061,9.280,7.410,5.590,237.836,0.121,0.000,0.014,2637.4,5500.0,59.0
3007,2026-05-02T16:11:14.759,1563.422,,13.141,128576.582,118832.820,9743.762,7.578,2047.996,1.250,0.061,9.280,7.410,5.590,217.809,0.000,0.000,0.015,2600.6,5500.0,68.0
3008,2026-05-02T16:11:15.305,1563.968,,14.122,128576.582,118818.012,9758.570,7.590,2047.996,1.250,0.061,9.280,7.410,5.590,218.891,0.129,0.000,0.014,2347.2,5500.0,68.0
3009,2026-05-02T16:11:15.808,1564.471,,16.185,128576.582,118810.176,9766.406,7.596,2047.996,1.250,0.061,9.280,7.410,5.590,225.469,0.000,0.001,0.015,2674.8,5310.6,69.0
3010,2026-05-02T16:11:16.354,1565.017,,17.516,128576.582,118772.395,9804.188,7.625,2047.996,1.250,0.061,8.690,7.320,5.570,247.277,0.000,0.000,0.016,1971.9,5268.4,72.0
3011,2026-05-02T16:11:16.859,1565.522,,22.948,128576.582,118790.629,9785.953,7.611,2047.996,1.250,0.061,8.690,7.320,5.570,217.215,1.275,0.001,0.015,2611.9,5500.0,70.0
3012,2026-05-02T16:11:17.409,1566.072,,17.381,128576.582,118796.066,9780.516,7.607,2047.996,1.250,0.061,8.690,7.320,5.570,186.071,0.000,0.000,0.014,2631.9,5500.0,70.0
3013,2026-05-02T16:11:17.947,1566.610,,10.942,128576.582,118804.848,9771.734,7.600,2047.996,1.250,0.061,8.690,7.320,5.570,185.495,0.000,0.001,0.015,3452.9,5500.0,67.0
3014,2026-05-02T16:11:18.447,1567.110,,8.068,128576.582,118809.688,9766.895,7.596,2047.996,1.250,0.061,8.690,7.320,5.570,200.502,0.000,0.001,0.015,2441.8,5500.0,67.0
3015,2026-05-02T16:11:18.997,1567.660,,10.325,128576.582,118823.375,9753.207,7.586,2047.996,1.250,0.061,8.690,7.320,5.570,207.638,0.000,0.000,0.015,2196.2,5500.0,68.0
3016,2026-05-02T16:11:19.504,1568.168,,9.187,128576.582,118808.191,9768.391,7.597,2047.996,1.250,0.061,8.690,7.320,5.570,231.016,0.131,0.000,0.030,2815.2,5500.0,68.0
3017,2026-05-02T16:11:20.010,1568.673,,12.718,128576.582,118815.266,9761.316,7.592,2047.996,1.250,0.061,8.690,7.320,5.570,267.737,0.000,0.000,0.015,2907.6,5444.7,67.0
3018,2026-05-02T16:11:20.557,1569.220,,13.240,128576.582,118803.637,9772.945,7.601,2047.996,1.250,0.061,8.690,7.320,5.570,272.683,0.121,0.001,0.016,2400.8,5500.0,67.0
3019,2026-05-02T16:11:21.057,1569.720,,18.519,128576.582,118826.156,9750.426,7.583,2047.996,1.250,0.061,8.240,7.250,5.560,275.373,0.000,0.001,0.015,2519.4,5500.0,66.0
3020,2026-05-02T16:11:21.597,1570.261,,15.023,128576.582,118838.828,9737.754,7.574,2047.996,1.250,0.061,8.240,7.250,5.560,275.829,0.000,0.000,0.014,4691.9,5300.1,66.0
3021,2026-05-02T16:11:22.104,1570.767,,15.270,128576.582,118824.809,9751.773,7.584,2047.996,1.250,0.061,8.240,7.250,5.560,250.576,0.000,0.001,0.015,2841.7,5500.0,59.0
3022,2026-05-02T16:11:22.608,1571.271,,13.438,128576.582,118804.773,9771.809,7.600,2047.996,1.250,0.061,8.240,7.250,5.560,262.976,0.000,0.000,0.015,3386.5,5500.0,59.0
3023,2026-05-02T16:11:23.109,1571.773,,16.563,128576.582,118826.602,9749.980,7.583,2047.996,1.250,0.061,8.240,7.250,5.560,254.298,1.277,0.001,0.015,2642.5,5500.0,60.0
3024,2026-05-02T16:11:23.656,1572.319,,11.149,128576.582,118791.633,9784.949,7.610,2047.996,1.250,0.061,8.240,7.250,5.560,256.681,0.000,0.000,0.014,2411.6,5500.0,69.0
3025,2026-05-02T16:11:24.201,1572.864,,11.982,128576.582,118810.438,9766.145,7.596,2047.996,1.250,0.061,8.240,7.250,5.560,240.838,0.000,0.000,0.014,2896.8,5500.0,69.0
3026,2026-05-02T16:11:24.705,1573.369,,14.080,128576.582,118792.953,9783.629,7.609,2047.996,1.250,0.061,8.240,7.250,5.560,197.356,0.186,0.000,0.015,2182.2,5500.0,69.0
3027,2026-05-02T16:11:25.255,1573.919,,13.466,128576.582,118796.758,9779.824,7.606,2047.996,1.250,0.061,8.240,7.250,5.560,225.547,0.000,0.000,0.014,2350.7,5500.0,46.0
3028,2026-05-02T16:11:25.764,1574.427,,18.400,128576.582,118787.688,9788.895,7.613,2047.996,1.250,0.061,8.240,7.250,5.560,240.484,2.134,0.000,0.015,4649.3,5200.1,60.0
3029,2026-05-02T16:11:26.310,1574.973,,29.219,128576.582,118791.273,9785.309,7.610,2047.996,1.250,0.061,7.740,7.160,5.540,264.818,0.000,0.001,0.014,2849.4,5542.6,69.0
3030,2026-05-02T16:11:26.860,1575.523,,19.454,128576.582,118791.359,9785.223,7.610,2047.996,1.250,0.061,7.740,7.160,5.540,261.166,0.000,0.000,0.014,2621.3,5500.0,69.0
3031,2026-05-02T16:11:27.395,1576.058,,16.462,128576.582,118802.848,9773.734,7.601,2047.996,1.250,0.061,7.740,7.160,5.540,248.242,0.146,0.000,0.015,4683.8,5300.1,57.0
3032,2026-05-02T16:11:27.905,1576.568,,17.589,128576.582,118796.160,9780.422,7.607,2047.996,1.250,0.061,7.740,7.160,5.540,240.998,0.000,0.001,0.016,2622.5,5505.8,71.0
3033,2026-05-02T16:11:28.405,1577.068,,12.618,128576.582,118789.973,9786.609,7.612,2047.996,1.250,0.061,7.740,7.160,5.540,215.495,0.000,0.000,0.017,2411.5,5338.0,65.0
3034,2026-05-02T16:11:28.951,1577.614,,13.245,128576.582,118799.797,9776.785,7.604,2047.996,1.250,0.061,7.740,7.160,5.540,199.521,0.444,0.001,0.014,2382.8,5274.4,65.0
3035,2026-05-02T16:11:29.455,1578.118,,13.512,128576.582,118782.781,9793.801,7.617,2047.996,1.250,0.061,7.740,7.160,5.540,183.184,0.031,0.000,0.015,4650.0,5200.1,63.0
3036,2026-05-02T16:11:29.956,1578.619,,15.341,128576.582,118787.129,9789.453,7.614,2047.996,1.250,0.061,7.740,7.160,5.540,238.733,0.000,0.001,0.015,2800.2,5541.0,61.0
3037,2026-05-02T16:11:30.498,1579.161,,10.982,128576.582,118761.582,9815.000,7.634,2047.996,1.250,0.061,7.740,7.160,5.540,240.434,0.000,0.000,0.014,2454.8,5533.3,59.0
3038,2026-05-02T16:11:31.006,1579.669,,11.548,128576.582,118759.055,9817.527,7.636,2047.996,1.250,0.061,7.740,7.160,5.540,242.171,0.138,0.001,0.030,2716.5,5547.8,67.0
3039,2026-05-02T16:11:31.514,1580.177,,15.761,128576.582,118761.512,9815.070,7.634,2047.996,1.250,0.061,7.360,7.090,5.520,248.330,0.000,0.000,0.015,2390.8,5500.0,68.0
3040,2026-05-02T16:11:32.017,1580.680,,18.961,128576.582,118718.828,9857.754,7.667,2047.996,1.250,0.061,7.360,7.090,5.520,263.099,0.000,0.001,0.016,2359.1,5502.1,69.0
3041,2026-05-02T16:11:32.552,1581.215,,18.176,128576.582,118738.484,9838.098,7.652,2047.996,1.250,0.061,7.360,7.090,5.520,244.808,0.146,0.001,0.014,1921.8,5519.4,64.0
3042,2026-05-02T16:11:33.057,1581.721,,18.400,128576.582,118730.641,9845.941,7.658,2047.996,1.250,0.061,7.360,7.090,5.520,235.853,0.000,0.001,0.015,3334.0,5498.4,71.0
3043,2026-05-02T16:11:33.559,1582.222,,15.760,128576.582,118708.172,9868.410,7.675,2047.996,1.250,0.061,7.360,7.090,5.520,251.265,0.000,0.001,0.015,4649.9,5200.1,59.0
3044,2026-05-02T16:11:34.110,1582.773,,29.944,128576.582,118753.863,9822.719,7.640,2047.996,1.250,0.061,7.360,7.090,5.520,259.843,0.000,0.001,0.014,4647.6,5200.1,66.0
3045,2026-05-02T16:11:34.618,1583.281,,35.983,128576.582,118795.430,9781.152,7.607,2047.996,1.250,0.061,7.360,7.090,5.520,263.203,0.000,0.000,0.015,3306.4,5500.0,73.0
3046,2026-05-02T16:11:35.134,1583.797,,37.264,128576.582,118786.379,9790.203,7.614,2047.996,1.250,0.061,7.360,7.090,5.520,265.581,1.204,0.001,0.016,3096.3,5500.0,74.0
3047,2026-05-02T16:11:35.656,1584.319,,32.057,128576.582,118782.395,9794.188,7.617,2047.996,1.250,0.061,7.360,7.090,5.520,274.208,0.097,0.001,0.018,2448.5,5399.2,74.0
3048,2026-05-02T16:11:36.158,1584.822,,13.304,128576.582,118803.789,9772.793,7.601,2047.996,1.250,0.061,7.010,7.020,5.510,275.462,0.140,0.001,0.015,2732.3,5503.3,74.0
3049,2026-05-02T16:11:36.664,1585.327,,14.543,128576.582,118799.875,9776.707,7.604,2047.996,1.250,0.061,7.010,7.020,5.510,250.916,0.000,0.001,0.017,2490.2,5534.6,70.0
3050,2026-05-02T16:11:37.166,1585.829,,16.040,128576.582,118829.180,9747.402,7.581,2047.996,1.250,0.061,7.010,7.020,5.510,14.217,0.000,0.001,0.015,2133.9,5520.3,70.0
3051,2026-05-02T16:11:37.704,1586.367,,10.490,128576.582,118877.621,9698.961,7.543,2047.996,1.250,0.061,7.010,7.020,5.510,0.000,0.000,0.000,0.014,2130.3,5500.0,50.0
3052,2026-05-02T16:11:38.245,1586.908,,1.390,128576.582,119136.016,9440.566,7.342,2047.996,1.250,0.061,7.010,7.020,5.510,0.231,0.116,0.000,0.014,1162.4,4980.0,45.9
3053,2026-05-02T16:11:38.767,1587.430,,1.201,128576.582,119129.152,9447.430,7.348,2047.996,1.250,0.061,7.010,7.020,5.510,0.000,0.150,0.001,0.015,2226.7,5409.4,45.9
3054,2026-05-02T16:11:39.276,1587.939,,0.800,128576.582,119113.512,9463.070,7.360,2047.996,1.250,0.061,7.010,7.020,5.510,0.000,0.000,0.000,0.015,1571.4,5500.0,45.9
3055,2026-05-02T16:11:39.787,1588.450,,0.858,128576.582,119114.176,9462.406,7.359,2047.996,1.250,0.061,7.010,7.020,5.510,0.000,0.000,0.000,0.015,1340.9,5500.0,44.9
3056,2026-05-02T16:11:40.297,1588.960,,0.736,128576.582,119113.449,9463.133,7.360,2047.996,1.250,0.061,7.010,7.020,5.510,0.000,0.000,0.001,0.015,1080.3,5802.0,44.9
3057,2026-05-02T16:11:40.809,1589.472,,0.979,128576.582,119111.145,9465.438,7.362,2047.996,1.250,0.061,7.010,7.020,5.510,0.000,1.755,0.000,0.015,1285.2,4899.9,45.9
3058,2026-05-02T16:11:41.321,1589.984,,0.978,128576.582,119106.793,9469.789,7.365,2047.996,1.250,0.061,6.530,6.920,5.490,0.000,0.000,0.000,0.015,1162.9,5013.1,44.9
